views,likes,
165496,9223,
90535,7847,
2058940,79166,
164264,27710,
86016,5731,
1804337,87876,
113362,1148,
43655,5483,
101604,4267,
27457,7087,
564009,147927,
308706,8165,
12830,321,
53827,3207,
63093,18015,
84266,4400,
50917,6422,
455643,37817,
6574,111,
9099,772,
91214,1425,
12598,704,
14721,1957,
47034,15109,
16977,828,
183210,9283,
41155,13627,
4010,962,
32572,4953,
325284,12303,
401955,1367,
347996,14266,
207919,8859,
36646,2729,
135169,11852,
6780,52,
398823,74179,
6923,1539,
28792,9347,
134644,957,
43436,1817,
8586,144,
160586,2917,
297535,1524,
124597,3117,
35595,124,
177336,8553,
22055,1413,
73205,5339,
33891,179,
26897,0,
58612,1887,
101342,4899,
85177,788,
21086,4812,
6109,100,
15169,3866,
1065,23,
27598,7802,
14867,494,
104691,14081,
453875,4181,
89963,1912,
11923,151,
5941,71,
87047,1051,
135340,2328,
33827,364,
122501,3046,
55633,1751,
98425,3660,
12429,208,
10006,537,
27909,0,
45271,1117,
30757,2691,
123593,9880,
23185,369,
61042,5329,
109035,736,
33342,550,
2065,83,
5954,133,
75344,5919,
14530,752,
29239,642,
61827,3008,
41223,848,
35166,317,
13482,280,
86322,5658,
81514,11119,
56240,1235,
60405,2757,
92992,8905,
70801,1726,
42974,1241,
22470,596,
72459,1070,
114094,7958,
116412,7814,
82712,3507,
60758,4122,
13344,219,
72729,2165,
6248,52,
99050,4124,
87424,1551,
96914,1841,
142704,17437,
10143,264,
48839,962,
36526,994,
6191,455,
201381,16708,
54995,700,
33532,847,
10373,1800,
68624,6756,
64636,2678,
6256,511,
12188,309,
81781,9607,
10029,302,
33164,2650,
23831,785,
58077,2132,
45537,882,
45849,1669,
131191,2666,
7304,2502,
7124,1310,
33754,3070,
46656,5039,
32007,4935,
7818,1920,
48475,276,
43968,4171,
978147,17645,
38832,3057,
22575,774,
62704,4874,
33589,587,
5494,1085,
58664,2137,
168610,3804,
322367,2761,
72400,7388,
7514,2194,
7746,1239,
6038,762,
37591,1075,
25929,346,
93915,1860,
435595,21044,
37160,179,
7238,1750,
23851,3178,
73919,583,
14901,1157,
94275,5282,
39068,1574,
41993,7390,
32994,3968,
36266,1974,
17356,1094,
206810,9265,
14269,314,
4437,1255,
41187,4516,
14058,114,
270540,19832,
19424,1031,
27315,3189,
16754,667,
58637,7737,
239336,8659,
2953,78,
18159,601,
8238,1117,
42031,2759,
68976,2655,
106204,1988,
18600,1272,
179577,3191,
14546,149,
15381,706,
39295,2846,
33318,710,
27343,2370,
3516,383,
52183,6682,
16856,747,
15229,174,
19586,751,
74753,1308,
33140,1978,
3498,116,
38863,718,
35121,1591,
4440852,528990,
7520198,170112,
1091744,20516,
3050661,70225,
19921896,0,
74152373,758011,
1881997,147249,
1927688,167635,
1620706,98977,
2536736,54850,
3647592,132434,
863581,59966,
4210584,139313,
2114456,124753,
1445135,37711,
3366564,164638,
2457082,218929,
4772353,208055,
1044506,17030,
1158495,20157,
1063359,56157,
1091403,58826,
1208639,36524,
7780633,0,
1037242,102023,
2032140,35404,
2037391,22330,
1892279,149771,
518553,7824,
908825,15724,
818399,121018,
1940783,34273,
4622166,0,
1809294,105310,
2414718,155354,
1268406,64388,
1447541,53612,
1684179,34067,
1494276,30145,
1097732,54347,
1172049,57148,
1045354,124219,
2404617,239220,
1569798,97639,
1400420,71206,
730855,10516,
785531,12415,
2000705,32085,
3467683,124874,
624488,31090,
494514,10611,
641842,15240,
1211458,32266,
995819,22870,
804402,26394,
746472,12968,
4922822,352944,
835480,12626,
512273,63389,
72336204,860738,
562859,59400,
1846279,94794,
632788,52850,
1121535,20768,
876496,44134,
3175602,72174,
45200574,402907,
2893342,36561,
724004,16950,
4572344,70353,
1793806,179354,
854429,18006,
680591,27214,
1139031,65168,
2153343,86580,
781499,15139,
508653,51839,
492233,29149,
444897,10189,
1109706,53591,
649238,8527,
4809524,297457,
474256,10499,
1661299,40726,
673857,54749,
1028487,74346,
647287,38538,
670033,28089,
1148151,45725,
1676864,87231,
867321,47903,
847994,53700,
22676682,404077,
4424327,398610,
14368797,207754,
6597585,80603,
309390,36829,
398189,10108,
679402,69002,
395398,35952,
572183,9214,
391356,14723,
1224428,27548,
4925701,133879,
393774,25560,
1364510,95428,
636626,7248,
980248,31134,
317515,33393,
487730,9713,
1777790,53902,
5207424,127471,
388030,14397,
479259,27815,
1263592,43422,
1040844,55386,
2605955,101678,
12955076,307586,
991370,14798,
911666,2613,
1274944,94225,
19762099,381279,
972422,16133,
815234,53851,
335918,48322,
1043689,64795,
525524,90862,
2013621,109845,
353642,11637,
327559,7470,
776442,58830,
561721,14206,
527848,49930,
1491078,133098,
683048,28052,
412357,9768,
810674,32247,
1771688,121250,
2634248,74257,
660217,25591,
267710,11044,
547121,36826,
5579916,123411,
793461,17644,
500764,64065,
603356,71222,
2021186,62751,
1876532,69820,
1308253,23121,
6080755,70233,
1259872,45809,
1020992,14804,
1315871,51697,
288419,9296,
954377,72513,
720562,52896,
368950,35564,
308407,23746,
7568286,0,
1516401,74308,
589320,22097,
369058,32116,
203139,17357,
658441,85945,
1199990,104859,
720248,48857,
1042333,66775,
1086361,99026,
311047,27827,
1127052,49072,
651006,61049,
1282693,35350,
1199400,29981,
1849864,54912,
1013225,18637,
363149,18326,
1939070,102903,
455671,6355,
447003,9122,
311455,7090,
506672,10138,
247214,32166,
199986,9369,
399486,39318,
1481351,36274,
429491,9230,
364471,17782,
235974,24581,
3040891,46109,
556844,20385,
375801,37459,
281997,20334,
412322,48964,
839148,36811,
1028934,30227,
750601,0,
559894,7954,
846248,64796,
903379,90014,
3633302,288505,
4120252,53773,
574350,878,
2357070,24388,
500690,45635,
668615,19285,
394435,2804,
7373237,66166,
1920923,18426,
1328256,11592,
3208637,32973,
320004,4296,
1387496,28953,
2234727,19381,
245458,3247,
160358,5159,
262283,7107,
244058,3586,
2230061,32538,
333976,4173,
489574,2863,
187367,7901,
1166072,11290,
163738,5042,
317349,2582,
255062,4449,
805156,1751,
210398,12459,
5591566,228921,
1610901,93548,
2069657,48654,
2793612,106884,
4176082,221151,
2054959,97959,
1676338,44320,
4769327,211720,
4254199,215080,
1561730,41021,
1781850,19129,
1994765,67878,
1707606,82981,
1225756,45769,
895551,11005,
2942844,125013,
1034319,48660,
4495343,288841,
486860,20787,
1584132,29798,
25705936,564302,
35333029,192709,
1258981,43019,
1003765,25899,
1403886,44870,
2684309,46738,
875113,65436,
3353123,254108,
708514,23102,
813380,62606,
2260831,0,
960783,45487,
1377220,24881,
496961,58140,
2562551,70708,
14352144,166766,
731777,7700,
56313513,0,
1200719,100538,
1572740,91055,
1396192,79942,
693978,16002,
449275,7512,
4132429,234392,
339927,5067,
1817175,155658,
1470767,29569,
39397805,784135,
1693487,0,
504761,16795,
2291963,111285,
1645162,53503,
1037956,48277,
2845876,94884,
861734,72472,
305516,6261,
542561,27596,
1843200,181833,
2057545,58341,
887036,27259,
281310,0,
894189,45397,
899853,41986,
1496580,57950,
3039868,268863,
786555,9494,
845213,13463,
5058261,96109,
2991561,118052,
621920,46602,
962345,35636,
721828,29067,
16448078,468836,
352249,16957,
454722,10198,
1148450,18438,
873856,8413,
644108,13811,
438493,0,
904623,20770,
52417450,546366,
5221802,110534,
1580230,41132,
30617299,722190,
517318,8143,
603941,7994,
1385770,122881,
313262,17922,
556642,65747,
1418089,93834,
1319336,78480,
9540581,134067,
918783,10286,
418189,7781,
1013542,25490,
1241523,63034,
431509,14899,
481536,35990,
447247,32141,
1392883,19631,
790122,53664,
835796,27620,
811664,38577,
787880,38768,
282914,11606,
2361547,63676,
1197572,68116,
412551,20580,
14979292,398008,
803762,8923,
7181715,157565,
1291918,24364,
969053,16475,
330420,13552,
10431847,229507,
439513,15286,
434886,34777,
400572,18481,
518201,4873,
594581,96662,
663952,34111,
1609930,43262,
1750919,96337,
29430332,843116,
934447,41255,
288359,5793,
530507,0,
493376,8150,
526639,14402,
11106709,119968,
822190,22912,
1510537,31943,
2094687,129691,
716923,42709,
552754,26478,
15305745,105434,
1124535,19674,
837431,38746,
481239,19612,
940166,47351,
222163,8463,
522110,15001,
692578,29348,
1605171,17983,
813489,62490,
963536,20078,
1097093,38651,
327217,25284,
372678,8189,
6331818,336646,
12663835,176716,
331582,16691,
41848379,370633,
947597,0,
278675,0,
467081,5465,
4121519,69652,
25016752,234713,
1002331,12404,
1080174,27060,
219781,3849,
376356,12760,
226806,4825,
11356904,162842,
849831,85602,
182004,0,
1046121,20762,
7125928,341145,
262770,19226,
182755,10101,
568895,10913,
281315,7679,
49732417,1597654,
217053,4879,
487925,10698,
912695,18469,
306945,11448,
341169,8503,
410727,22498,
2875369,62909,
395150,9205,
779244,26652,
9288592,93135,
5192337,59029,
954450,14225,
1452654,80205,
808253,84159,
4930785,147537,
3511002,62159,
441452,0,
365465,7923,
2951818,10504,
418061,25945,
2557901,107040,
340321,51296,
989688,28953,
14080628,495241,
5457155,119557,
944919,52419,
4298257,176430,
61172420,956363,
1671953,179986,
2032713,79106,
891542,23758,
1038416,0,
796378,64501,
2641486,0,
1938778,105619,
1455158,36996,
1627948,93859,
2160876,71506,
2296338,177549,
2150262,80973,
2569553,67510,
5453700,47554,
669749,29782,
1828755,113177,
1409673,52898,
774667,32332,
832593,12462,
340912,20290,
1217498,85437,
2373713,0,
616863,15697,
2179307,45662,
679589,14790,
38788030,1227331,
2191281,130601,
1039991,47944,
1655504,43774,
2281267,166000,
4659238,386364,
1805410,111012,
238204,10350,
1066607,55911,
286633,15062,
1305652,30074,
564323,24980,
1481146,79054,
613600,33060,
476763,13300,
1642378,31974,
652643,52756,
9825836,295218,
950067,40087,
500264,19269,
554492,12299,
893253,61616,
2129867,27229,
7225778,90858,
1473869,84231,
485819,14055,
752381,14344,
336851,12962,
2270349,175682,
1294179,59506,
1072782,22624,
331875,5703,
1282206,31827,
571294,27078,
856335,34218,
653019,28231,
291736,36671,
1249058,40222,
994754,76363,
2234131,96843,
304554,10793,
706145,45585,
496722,12974,
1129174,53368,
254222,15305,
289547,6729,
321228,17906,
905147,58291,
887209,36935,
735191,36710,
44228979,769828,
1128675,94510,
3785560,37703,
4941013,122491,
9540515,183385,
1316862,59971,
493267,24751,
923434,0,
3481003,71594,
157314,1698,
367592,19933,
230267,12260,
6013987,81637,
302878,24930,
6453278,51930,
661703,36355,
742700,17826,
1585474,59886,
620520,14104,
2314757,47460,
1263914,41252,
8112075,111571,
154086,3430,
200038,12531,
841964,18532,
975902,11339,
2011809,9050,
7379660,91034,
140214,1698,
178775,8358,
460707,45340,
5320611,0,
275453,19438,
960652,18328,
196862,10699,
245806,12917,
2100287,83088,
248866,26973,
635309,59625,
453977,29647,
876160,48888,
16024694,595011,
97469,6016,
929087,37207,
222007,9628,
488116,1963,
1598969,93970,
2512773,80348,
578290,25986,
9382089,265805,
3913670,0,
6081624,0,
875265,57077,
166100,7599,
512139,26859,
516127,12891,
283550,16270,
145379,4727,
3272957,32244,
2438899,29887,
546515,11828,
335134,19782,
261235,9118,
179002,0,
6244166,108690,
17606413,400918,
859769,60455,
161230,5410,
155816,2583,
19033533,229724,
715300,21355,
2471306,32015,
1539341,49424,
500701,15577,
23044632,322954,
213000,8682,
871729,6181,
480592,21160,
116815,5835,
496884,25525,
2049309,36195,
224540,18124,
216579,10363,
183405,12864,
179449,11470,
284772,17263,
145514,5311,
3121922,161521,
120253,1264,
413606,22316,
975879,3811,
17255781,479802,
9040932,136097,
474757,17815,
266866,6287,
449333,41452,
348701,30604,
225877,17666,
108212,5682,
98791,6400,
110167,11357,
215582,6881,
121652,7191,
5638244,62346,
517090,0,
192663,6786,
216099,6134,
2871963,82615,
112272,2044,
379869,16230,
1626876,106162,
127607,13194,
451663,9595,
287939,21547,
813927,40019,
283817,20167,
658967,35410,
85652,4677,
282604,20499,
421526,22638,
4317497,215942,
1587662,0,
4449797,178366,
1803762,64825,
2386181,139196,
1192501,40490,
638915,16138,
1802358,103097,
923466,12293,
688810,13079,
3342121,87684,
908162,13394,
473981,8218,
3460685,75142,
798764,16026,
894214,75289,
688153,14131,
8612916,101981,
3798760,299456,
932893,10355,
624142,21540,
3615097,34968,
4146039,64816,
488518,19241,
1851496,57873,
3815774,104233,
840602,53230,
476966,29368,
406711,28663,
228558,8643,
847173,33280,
869847,41059,
528071,12348,
702606,25644,
708997,21931,
758739,22710,
2086839,149045,
642972,43280,
367063,6130,
880862,32405,
2615208,42669,
187179,5507,
368561,21552,
621420,21144,
758627,20969,
1369472,32800,
167164,13399,
470734,46800,
318476,28859,
2087689,23283,
269926,7593,
838181,20218,
428523,5482,
2251917,72136,
3905931,10935,
1538101,26152,
682207,17531,
238320,8356,
438609,22517,
1742290,221821,
14863924,380918,
350100,22528,
464869,10238,
3221349,137544,
11635307,0,
62609,3493,
136767,9924,
1790485,92458,
5700358,44117,
4132008,277757,
307726,9261,
348077,19040,
2902139,122189,
2420133,44159,
331785,7933,
232830,3962,
2937724,0,
1717828,21983,
276234,0,
345304,8003,
3693836,73500,
214039,18085,
225272,7663,
330390,16870,
1170953,19345,
152183,17043,
266239,40801,
2144093,51248,
1072963,29911,
747214,25276,
583049,16350,
2269431,48112,
777645,20899,
311760,5526,
5289593,189048,
4113144,235550,
255520,12176,
328600,26266,
395336,15806,
15923491,162334,
4395422,66521,
107846,4698,
155029,11385,
135667,2434,
1621236,45890,
119942,8783,
439093,26757,
552257,23826,
473690,31962,
234660,13453,
979705,18542,
11571063,174852,
2878229,0,
174290,0,
620069,45667,
1860676,48273,
416749,10244,
10979203,94891,
1015303,30692,
2366360,102047,
634263,39943,
2545224,133896,
1726534,109900,
1561072,35076,
371740,32635,
196561,14582,
2245462,44082,
3395217,108507,
377111,19174,
3485189,41124,
999618,36195,
168977,13760,
1209983,60250,
96060,2893,
778017,39802,
101624,1593,
3181992,35850,
268414,8736,
10541677,195500,
130170,4923,
2245519,95653,
96631,10649,
756678,24515,
143377,3865,
359762,13835,
154483,22550,
758191,27977,
231929,6042,
364095,19811,
95741,5298,
428162,25317,
514029,20536,
343963,15242,
273339,13213,
56764,2140,
9859702,170201,
343157,27730,
87615,3290,
826092,10000,
5642966,90403,
493713,8420,
1025671,13121,
225985,4651,
160642,13924,
299527,20211,
81273,960,
149647,9624,
270994,11893,
2868017,79259,
249291,8794,
1454902,30975,
146919,14081,
127876,5456,
200913,18741,
279829,9581,
1866734,11797,
206469,14010,
116168,6534,
1422286,60752,
1204688,23722,
124640,16311,
4036812,0,
358908,28635,
6974058,143197,
233464,11659,
172816,15560,
154047,8305,
128585,5289,
4293669,0,
26444944,276930,
77825,1779,
136669,3849,
4522835,75676,
51060,2061,
93038,6865,
558584,39808,
78789,4459,
240711,10180,
220041,4547,
516523,4426,
215845,2527,
89820,1797,
60092,3018,
156895,3102,
189629,6528,
86191,1205,
43290,1945,
89558,2275,
148683,3728,
150745,2833,
146301,8464,
43181,3128,
119261,9065,
197616,11955,
123430,7799,
99336,3166,
134048,7676,
150885,5546,
23142,320,
75673,7070,
92023,8481,
68893,1264,
88696,3074,
1807521,122587,
182793,5470,
49599,2428,
93340,6770,
21826,581,
115582,4340,
57808,3851,
80579,1674,
42135,2570,
382770,2957,
61086,5309,
65146,2591,
46917,879,
112814,1538,
53094,4840,
52455,7907,
60812,1929,
82224,5133,
50848,2855,
4158596,53542,
62947,2202,
58667,4176,
33298,2407,
194828,3161,
145809,1107,
349465,16540,
70536,1581,
82754,2003,
109543,4049,
92614,3842,
32470,1625,
57325,1354,
115124,1180,
19702,1658,
59081,1116,
85640,1248,
277217,8835,
94929,9740,
69823,303,
2795210,60369,
407714,7467,
147546,7564,
363813,60038,
92689,1066,
167889,2326,
402639,27274,
68893,8717,
142170,22721,
259861,0,
92764,14992,
263447,27356,
165278,16053,
49492,2173,
62755,8105,
21444,1249,
22494,3057,
39923,4232,
40747,3232,
18912,3453,
508845,0,
13501,2057,
74580,8729,
20277,2010,
22680,2152,
25814,2438,
26542,2386,
38057,3825,
1017559,88670,
33647,3378,
8440279,274526,
2960035,33262,
4082248,73002,
2210510,45199,
2211848,59180,
2730783,41041,
5437224,105158,
3176475,106240,
2599728,63070,
1010459,46966,
2301395,51634,
1785118,28490,
4261346,59766,
1923327,58868,
1253033,101937,
628797,34217,
1243667,74574,
938418,28495,
849494,25305,
2427666,42341,
736966,9187,
1240593,55777,
1969391,23246,
627411,79458,
1449877,15446,
753356,23666,
2138460,104606,
941582,34454,
1642171,177604,
430532,9772,
11594942,501632,
22021482,588852,
1380266,61845,
1569512,74336,
971587,75331,
1812379,38478,
756276,19566,
2922237,167115,
1358971,62453,
3932139,52356,
1185668,21675,
2411693,111502,
412993,8797,
1077029,15546,
360020,12432,
1070740,45824,
596241,10734,
637007,23012,
1217505,53084,
1133498,0,
1144385,11342,
1541859,27211,
269175,8741,
832152,22766,
720170,40231,
477466,47970,
548927,8210,
478988,39922,
1184260,0,
5086567,350036,
1198601,40722,
774216,39346,
1703479,84075,
393829,23160,
1093686,18207,
411616,7525,
839051,42207,
348435,17274,
398706,6043,
1666693,65907,
751694,8041,
620847,44769,
774276,13275,
538735,16066,
634729,13147,
677338,105639,
330807,43794,
3882952,51519,
321611,9310,
1414774,45365,
3132159,63213,
2634823,266910,
436834,19742,
1254879,141945,
509173,40564,
784134,11111,
696092,15702,
515123,37693,
471061,15435,
2409271,34732,
327898,11122,
2702512,122895,
3528658,268818,
2694271,76854,
1604500,74500,
990904,27424,
1121279,19904,
1909127,209031,
1900373,132218,
2193335,212913,
3199370,100483,
8333112,0,
2487745,69329,
103187408,1335205,
1173189,0,
2845617,142947,
1938536,26711,
10003670,0,
1500188,53583,
2421280,122926,
1106834,116982,
2195676,47575,
2757181,183495,
1769621,56311,
2488064,41476,
5082833,80423,
11363259,0,
4075166,47739,
1272218,77018,
1280562,51602,
2606175,64213,
1496825,22997,
842679,69195,
1144363,85013,
58517759,1295143,
1960480,192482,
1991731,78346,
28891097,259394,
2476719,93431,
1633585,101909,
1049462,63680,
1852221,59579,
1604056,69387,
23849335,326229,
18751024,412887,
10237023,175755,
727471,15655,
6099859,100554,
789210,37951,
1165268,43535,
2616908,71123,
2547576,65525,
8903705,275678,
1083098,26443,
797083,17750,
635601,21374,
1612160,22427,
4057447,134678,
1352709,31923,
459946,16864,
845119,18729,
5047390,0,
2243493,58313,
2283189,0,
1111991,17212,
4149244,313967,
1647666,104035,
708283,34990,
1591305,36560,
2218976,52513,
1469496,108808,
998569,23090,
664599,38275,
1108040,0,
1638960,36067,
1024815,22317,
1113140,92695,
2012957,94850,
490100,42925,
24097787,401594,
1037699,65345,
27033842,307006,
604611,79337,
1050816,90048,
1290088,13614,
758743,19766,
545283,23542,
1246288,39733,
632263,31984,
39613012,368143,
748818,14143,
4535609,472735,
23600997,207897,
8309974,0,
455251,27517,
1099164,23508,
2329032,53485,
1564514,70990,
12016415,167564,
895494,11872,
1570957,139367,
1810162,234026,
665863,14164,
1943142,49157,
1273860,20715,
478336,40901,
4945984,59801,
1860457,34412,
1891924,147945,
16818309,300992,
875544,19679,
2187573,136723,
1429845,150224,
4125092,129917,
1035167,18828,
249459,5779,
543946,79580,
404200,6057,
138164,7319,
335990,5218,
116396,3557,
236437,27682,
719909,55544,
418512,72114,
501032,44313,
319828,38234,
355354,20818,
264521,12998,
898466,15563,
489388,57235,
226926,4106,
292375,3061,
250798,6116,
154110,9871,
203475,3726,
622188,78398,
251785,23077,
188393,29524,
194197,6969,
115097,8695,
334764,5484,
513793,0,
98021,7824,
87731,16257,
106232,2008,
322235,8356,
474812,94922,
228836,36484,
135012,12408,
102643,12632,
85791,0,
1016939,5744,
126415,6821,
116693,13566,
79918,6084,
111434,6830,
139229,31639,
76970,5522,
92673,3174,
504800,486,
471106,30962,
94010,1205,
152857,7196,
213680,25474,
360955,15934,
360703,17769,
106069,16922,
85384,6041,
42620,4226,
154550,24270,
93662,10936,
56364,3555,
93958,22111,
97449,14085,
82735,8712,
56450,1549,
207518,12235,
31712,4549,
142111,13468,
58133,1940,
102737,4199,
71676,3463,
102470,16661,
162789,32906,
37107,935,
208398,5702,
504587,15173,
82461,14206,
56220,1956,
296762,6816,
56266,1201,
161410,24324,
84790,5194,
163206,4823,
32277,4642,
105927,4729,
81632,16360,
66212,7545,
48619,1929,
98318,2244,
87479,13939,
196975,28540,
115307,23587,
41960,4089,
192127,35428,
37274,3498,
35536,0,
61388,3823,
70677,6450,
46930,1523,
26546,1158,
91669,2165,
145837,7566,
361009,17518,
31786,5274,
49645,1375,
57447,10987,
60550,2573,
67970,8538,
50131,5879,
158586,14813,
185286,8008,
65588,2004,
69189,2716,
63601,12183,
44862,975,
76512,11157,
133849,22851,
23768,426,
45250,4733,
103337,5640,
33036,3908,
22269,1931,
84969,2873,
40580,2680,
59660,17843,
80657,2636,
87194,5109,
55578,1775,
58013,2610,
190094,4001,
97952,5926,
60140,14666,
55411,2364,
57665,7277,
150905,25540,
56704,2920,
96883,11795,
53459,3186,
65549,1872,
68632,8286,
47444,3006,
38186,3012,
233558,13806,
208842,9151,
81411,2233,
41792,2839,
21856,757,
65631,5003,
214519,13641,
50774,4283,
79618,17997,
43437,4016,
32757,2959,
56854,5966,
19583,1296,
20668,1743,
2822242,159334,
5648139,121972,
2575761,79227,
71086959,1350956,
3504705,35847,
2463499,71685,
1917949,158670,
1890094,27558,
3970791,45718,
2993014,161064,
9663955,133267,
2333355,79970,
2459822,95726,
2983767,265141,
2268341,0,
1545339,69903,
4048250,86221,
2033251,34709,
3197400,60677,
7239102,209555,
2690021,251629,
2134773,144158,
3850442,101597,
3132778,107277,
1679032,119400,
1661292,54651,
975274,21752,
1970931,74195,
1770760,55740,
904307,10080,
2450155,188329,
4454643,98035,
1272228,19691,
1137061,12228,
1683920,42526,
2351693,161775,
1295196,38560,
1691414,165779,
1191528,15897,
2476576,40351,
2224462,287172,
1176424,105538,
2931535,378629,
1935423,0,
1133960,16085,
1259661,30964,
1351622,49464,
1087888,30521,
3289702,342308,
810302,11038,
4627737,85662,
1998146,57044,
1879673,47569,
1011890,39582,
738048,59739,
1251827,24445,
4269075,132259,
1869544,18713,
1989186,27498,
7356758,80532,
1426996,44254,
2909367,95185,
1076950,58560,
1059457,23294,
911684,66970,
1617857,88350,
1423166,33657,
2000726,72748,
1803396,22209,
1464737,0,
956009,101664,
3095064,41891,
2523458,28103,
621148,10812,
1166724,17219,
3045947,137490,
1450958,29740,
1140048,27661,
860725,14430,
747555,0,
2015697,75310,
828668,17662,
955525,14155,
1405074,101602,
1923552,0,
1822862,41804,
599774,18139,
2682115,125854,
707264,0,
1676074,24292,
1430378,164297,
4029822,165490,
947552,39790,
770341,40728,
1788371,69196,
1579115,36582,
754291,60426,
1498844,47680,
1568158,111014,
1613824,20626,
1214036,18343,
1063017,0,
4070756,121590,
816125,0,
1727967,22570,
1056132,11986,
746854,32311,
397181,0,
1104459,27749,
2377428,88619,
1166399,0,
2602967,185515,
9381457,507279,
671407,20842,
632523,16779,
955442,11805,
1378932,59019,
2392331,34758,
677264,32674,
1067201,50426,
1608178,35398,
763684,23529,
1267949,18451,
1341143,40181,
714921,18064,
1273466,0,
1390975,78521,
3546082,64076,
5765412,590792,
1777856,167611,
802219,51463,
2721491,62813,
1412634,0,
1090534,96511,
2408657,38035,
570978,12606,
589914,6880,
1034967,76814,
1177280,27868,
7107331,89574,
1397689,21083,
2279386,58333,
511516,7630,
741731,21457,
1657231,74752,
4079219,105156,
446633,0,
2250916,156847,
35225876,392618,
5010139,236940,
6697742,83747,
827201,12596,
574574,17885,
1536349,26053,
710421,67621,
2430003,69657,
8663003,183592,
747653,52604,
1139159,20632,
4723549,212896,
18806088,155165,
3266305,179465,
10440950,0,
623360,33410,
531103,36222,
1337805,71505,
3867625,65432,
407024,43929,
819108,22844,
165781,0,
391087,59358,
848143,23895,
36019429,295136,
313726,31589,
333197,78395,
570725,71112,
2061869,0,
1009940,62423,
937235,15140,
930302,17942,
1252049,95887,
281577,29113,
81496,6314,
672729,72531,
274837,35647,
566726,44569,
144567,6039,
454448,0,
94883,5622,
1680079,30959,
195385,10365,
299211,28701,
714725,68823,
140366,9624,
130602,8264,
1466983,48787,
71429,3635,
220182,20998,
126420,10883,
4582354,0,
103309,8378,
119900,8605,
155239,6800,
63691,0,
165256,3978,
24192,3411,
287591,9330,
6299602,0,
13190755,0,
24141,4891,
75602,8651,
520982,29631,
63464,3236,
56183,4185,
295246,23648,
7922182,0,
102718,2343,
48129,6312,
324393,10523,
1132590,67095,
95428,3182,
127193,13874,
98915,7244,
1888037,39094,
1898243,39592,
29216,481,
45818,2675,
121339,18582,
23998,353,
35801,5804,
8570690,96850,
40348,3975,
169251,10519,
50168,3867,
63100,2810,
52925,9954,
5017843,156429,
36919,2999,
79785,5432,
30521,2168,
192414,7371,
2799632,103286,
243883,14330,
127792,12390,
5253999,42481,
22172,3560,
18094653,733231,
11037816,97803,
77858,1451,
2707344,85300,
2691798,0,
21864,2205,
693417,24376,
28249,3182,
38938,4179,
17982,3327,
50494,5558,
273156,2261,
5242205,226498,
94713,9543,
43052,4067,
410765,27882,
1913885,52363,
24059,2339,
86354,8633,
32668,3065,
218240,19220,
288006,8204,
36083,3529,
79908,5070,
40674,2605,
101309,7584,
16902010,457341,
3195101,161567,
7614219,66652,
88024,6370,
6556921,0,
7748442,140539,
4081048,298400,
39191,4125,
2096072,88089,
169407,6268,
63368,0,
103943,4241,
385374,19083,
2418617,0,
1803024,43393,
12905894,122099,
2231043,33719,
9611233,274647,
3996916,266170,
16454153,207512,
11397238,1069516,
330948,15215,
5363557,342827,
6814053,61136,
1870607,0,
4539628,89174,
20597117,464022,
4105717,160711,
130145,9204,
6988584,150552,
3863463,66227,
663244,24413,
1929537,174583,
1392368,14244,
902966,37485,
27820246,902976,
2309143,134444,
1808695,81597,
342803,15912,
6051405,477049,
11998029,354345,
2842320,53012,
223248,4944,
5278457,33882,
1039183,10178,
436398,5015,
188310,2582,
208432,2185,
97170,1668,
138575,1683,
88620,1046,
124362,1802,
60680,738,
57935,871,
45440,686,
49438,779,
89418,1128,
76865,1148,
181092,1975,
104949,1407,
39138,926,
757882,10112,
4372996,39093,
3860448,48071,
2006754,20684,
18488932,108678,
4880256,35527,
19730,515,
10729,291,
23317,1093,
11046,420,
8487,328,
20420,1232,
18262,858,
4983421,30759,
1219700,11522,
1511157,12714,
479897,7159,
1400277,20480,
19067,361,
10075,463,
2568851,18733,
26078,1292,
10701371,149922,
19185,1205,
5977093,37774,
18477,550,
17271,888,
9305985,49391,
22931,1517,
1723871,25560,
35095387,105472,
3570561,98210,
5732953,35200,
396058,6715,
4291611,34578,
1208391,10335,
3171381,16530,
2205061,13094,
27887376,96836,
9370050,37668,
1159851,9899,
29042735,241850,
550524,14820,
29899242,223891,
92310002,319803,
45598011,338708,
32586827,99852,
3459283,17516,
1264994,27316,
7181027,81601,
2181651,20114,
5733796,67080,
532180,6962,
613465,7086,
1150437,8174,
550311,4794,
2203054,14862,
154556,2225,
125748,2174,
558928,4940,
383425,4850,
165862,2648,
3244413,26246,
6196631,40706,
657774,5992,
988074,9496,
191134,2516,
354844,6006,
101412,2846,
537,102,
1686,170,
1556,170,
17018,1028,
159932,16122,
2089,152,
18024,811,
7720,506,
8224,561,
4279,96,
6614,247,
2638,183,
16785,726,
42735,2201,
12458,483,
20677,956,
5643,553,
1009312,65870,
13760,881,
78657,5818,
132005,5061,
22827,1484,
9347,489,
6230,304,
28073,804,
5669,298,
8862,341,
4591,229,
28343,1680,
10531,636,
2228,188,
5182,171,
7288,337,
14482,203,
6856,368,
11394,937,
20876,643,
159054,3398,
23752,547,
42073,2153,
7657,498,
25342,1159,
108523,5271,
303066,11819,
40690,2263,
25660,1122,
7208,542,
8871,216,
8392,674,
22970,1542,
28845,1600,
125677,6163,
24417,1442,
1455,57,
1458,66,
1966,165,
9212,619,
35847,1858,
6536,386,
2003,138,
11028,495,
17127,202,
416348,30848,
134079,6396,
4538,272,
7998,250,
2610,146,
4144,99,
145153,3254,
1950,162,
1825,143,
15593,443,
64692,4922,
8519,189,
2921,172,
2267,134,
3179,261,
50486,1483,
15763,639,
2639,173,
5937,366,
4159,259,
17265,814,
472616,13568,
5167,197,
400850,5208,
380803,19920,
695714,25223,
103320,7574,
115224,5367,
139645,7442,
12293,529,
1002341,38701,
116078,4814,
238690,8335,
12587,416,
6024,345,
7564,404,
55653,667,
194363,9849,
65899,979,
13977,900,
3817,127,
83858,2888,
52812,2825,
11441,455,
88973,3829,
13482,660,
168696,6488,
5436,191,
28167,657,
90900,3655,
31290,942,
8232,234,
8688,196,
83371,3127,
16899,560,
19510,1221,
8016,228,
163763,4022,
4069,123,
73469,1169,
418226,22713,
7555996,724,
40366,1244,
54475,3484,
64846,3385,
575935,20852,
52603,1833,
20641,1673,
548224,35557,
80107,4656,
56038,733,
644965,30119,
27511,973,
63207,3037,
151921,3441,
5480,206,
48458,1516,
26247,1114,
2188,115,
71320,3429,
76755,2669,
6570,127,
4544,150,
8769,446,
48511,1516,
44618,1969,
180839,5788,
349019,11313,
89804,2286,
358691,13332,
7133,323,
370509,14414,
208849,1003,
12591,643,
128906,6634,
1161,104,
292707,21227,
10670,569,
122512,4206,
246242,14442,
13567,900,
28447,632,
188341,2679,
127907,3061,
233693,23528,
12947,246,
108176,3932,
136134,9568,
64547,2299,
27789,357,
4636,130,
6972,186,
5222,157,
30080,733,
252068,8203,
90059,1568,
16228,812,
16073,858,
14317,580,
23960,2263,
6413,310,
124525,3894,
188979,7410,
32232,1178,
150364,4657,
11486,285,
54961,2647,
244250,5776,
295664,11764,
463251,15305,
66286,1260,
13095,380,
10476,432,
21522,478,
109920,1370,
5974,132,
13338,309,
89348,2518,
200079,5773,
172725,1166,
123574,5337,
1992071,74966,
548995,32232,
15183,599,
9304,309,
5089,318,
13523,235,
32594,1555,
4041,95,
6063,269,
107406,2302,
269376,18042,
457640,22168,
850774,19723,
58569,1316,
5237,269,
4801,229,
213698,10933,
3912,106,
31131,857,
7347,239,
10047,195,
61255,1710,
128220,3915,
31157,554,
78941,1099,
12768,262,
3431,188,
84914,651,
8991,381,
10899,781,
15466,592,
303218,6794,
32580,1356,
29414,382,
92158,4355,
1613,158,
6068,274,
21319,1022,
22035,385,
497638,5914,
98294,1095,
32190,1147,
67828,1347,
112020,2767,
30179,974,
20660,360,
247265,5715,
109406,1481,
186673,5110,
9131,362,
25389,832,
34243,495,
133360,1934,
10732,460,
161290,2733,
151820,2100,
6302,422,
8620,400,
14420,308,
22670,157,
77744,728,
81499,740,
102757,1683,
132268,3209,
772090,21350,
41258,1984,
31489,474,
27250,1120,
30316,1545,
65125,2596,
24873,812,
167887,4822,
193071,4396,
2146,177,
325697,3591,
19039,564,
143531,4089,
45297,790,
14331,603,
218521,8364,
81860,1492,
91699,2092,
18249,552,
524352,11147,
22120,361,
278295,10953,
70338,2853,
19207,316,
31611,443,
235220,8480,
97456,3906,
238064,5444,
96839,419,
137800,4746,
104946,3637,
43563,831,
44675,1370,
9724,359,
826055,27867,
157142,4053,
1246205,9750,
40089,670,
39576,888,
11073,537,
1148622,38249,
23618,528,
11430,337,
137533,3515,
313214,9769,
26285,222,
50510,1446,
4077,227,
119743,3609,
199991,2017,
356064,18059,
22454,499,
49996,2116,
41767,868,
53937,596,
97550,1589,
17145,401,
66786,2405,
227441,4843,
17669,772,
210647,2187,
260684,1072,
162883,3518,
14128,457,
14103,215,
73853,872,
12833,494,
107888,2852,
261489,5725,
17113,335,
7070,255,
6092,210,
230912,6572,
165201,1686,
214917,4302,
392594,8817,
93380,534,
12691,254,
8603,321,
92066,1251,
101646,1451,
33740,791,
7846,273,
125190,1829,
3997,91,
9649,261,
88616,959,
8509,275,
27779,557,
199392,8223,
16345,663,
248279,4256,
8210,429,
10180,515,
95273,669,
317144,2630,
19339,462,
22271,921,
3415,152,
245118,11876,
3639,68,
5815,329,
172794,1530,
95830,1052,
11029,604,
127935,1299,
16873,187,
24034,1160,
199474,6910,
6867,229,
473031,4857,
9131,203,
23011,435,
41852,1771,
490270,7049,
3964,270,
32749,882,
36340,817,
1457220,50258,
380727,16072,
344245,10600,
96974,4300,
108636,1450,
877773,22738,
1448350,52266,
114824,1845,
280424,8973,
1624694,44633,
167672,5242,
5696,336,
92020,5763,
9756,481,
7998,229,
4273,243,
11749,265,
108593,2462,
618569,20342,
12484,298,
281309,6183,
460128,14168,
189733,2214,
316132,9287,
135077,2692,
8772,281,
31670,618,
27037,586,
220173,4458,
234212,5053,
143284,4017,
362906,20014,
330580,8923,
175659,3333,
45108,784,
7341,226,
32079,1432,
80815,2639,
157112,828,
4470,117,
25592,468,
282148,5435,
4892,115,
12786,283,
351033,5227,
46218,4504,
42223,1162,
21870,949,
103646,1097,
18471,2507,
21296,390,
61349,2006,
164104,6299,
232348,5792,
11749,238,
74163,2583,
62073,1376,
300773,17793,
2468,183,
10284,319,
16600,505,
14189,356,
15370,348,
136748,2381,
343584,5269,
171556,1959,
96024,5192,
283320,5601,
234134,7440,
17134,862,
15361,731,
158958,2420,
24741,942,
24080,1276,
11747,290,
28551,885,
672658,3078,
50742,1677,
39776,1100,
39243,826,
245598,3391,
67122,3058,
4233,201,
563128,17054,
413334,16367,
30721,810,
20257,1395,
22612,680,
35366,1120,
14328,656,
973777,37953,
10044,238,
11648,258,
12755,321,
40203,1255,
155346,1709,
11785,652,
9342,254,
133509,4959,
200808,6237,
5030,215,
64809,2437,
78554,2206,
20763,367,
147612,2576,
23282,460,
560360,13098,
18189,652,
21404,826,
10575,309,
2722,223,
11034,262,
237840,6820,
41347,747,
13696857,374945,
10550623,204452,
8378463,128288,
893150,58005,
1413099,64389,
1314635,28889,
1126670,50714,
13096235,160292,
882798,50324,
1195183,62661,
1186924,51274,
1042918,56130,
1120263,57562,
1090698,58931,
318377,8549,
1157041,49158,
1130508,52326,
1239956,57974,
8813746,140994,
7121902,199309,
5630007,108204,
7178450,127231,
6434103,114613,
15977408,175752,
7670292,213102,
3794354,93815,
4784223,67952,
3394183,113536,
1920037,73498,
4357310,83363,
7517752,123432,
1748013,58120,
1611036,49116,
2295824,73776,
17757756,114207,
2052176,88623,
1887999,75034,
1878816,72034,
2864970,116209,
2249936,79403,
3075609,96668,
2348657,126082,
2250307,84677,
2468815,100666,
6813423,127605,
2105384,65889,
6695445,260626,
7066376,104480,
5831169,85840,
11980290,148890,
1766009,67401,
1834213,46623,
1063239,43319,
1137144,50607,
1161581,47621,
1449952,51169,
5752177,99765,
4489426,117268,
2574010,77942,
3180699,63665,
11933815,355803,
1599458,67838,
1366789,65701,
1955010,65640,
3392946,52597,
2039760,78560,
9721578,147390,
8859302,261192,
3977996,117014,
2891462,76328,
10003150,194084,
2224558,121464,
2566468,72516,
2104066,70541,
2516321,90300,
2362648,91145,
2751185,82454,
2400424,76869,
2927770,105456,
1919931,52957,
3569998,90277,
3624678,107749,
3054773,89663,
2931899,86934,
18471663,200324,
4790742,128745,
12096926,155769,
2412661,76483,
2365680,72010,
2604298,65362,
1929173,57933,
4587515,150469,
7193456,125926,
3269816,125418,
5189516,127605,
4457966,108888,
7006810,151262,
7280539,192802,
11539085,383296,
3141997,102586,
2694696,68197,
3636764,90206,
3120652,93236,
3145603,75651,
8144054,203416,
12008270,256436,
5152855,139194,
7437146,272360,
18636366,222199,
2848913,81010,
4623799,157971,
25759427,351373,
2726828,81182,
5840828,230365,
2338144,60425,
4317248,162008,
3311894,113341,
4982044,209871,
2322246,77698,
5315755,167477,
8292967,232641,
15311221,153390,
15900666,459567,
12676177,314623,
4833253,189490,
9137830,169989,
18745187,357734,
6608990,266223,
12638321,204066,
2436199,85588,
4606372,259925,
17534522,230469,
3267241,137942,
17287463,505605,
5925893,228092,
7012953,266236,
14777282,300904,
43287687,399805,
14174914,270216,
19283615,318431,
7384833,153710,
9525976,199138,
6259264,137010,
19194425,294999,
17865769,567308,
22509807,465763,
9015572,274025,
4031933,220543,
3738292,130364,
10783794,228907,
5005466,330763,
8672578,180390,
15472422,376985,
2773595,134872,
11616607,245041,
9371210,195020,
18490337,577226,
15951652,383223,
5290821,209890,
10116988,216795,
12479176,617339,
2137731,55453,
13904192,397382,
4944385,234516,
25686569,422188,
42979493,403675,
15691897,327165,
27705507,819396,
5119353,297434,
19735931,466660,
10630495,245154,
5337505,123599,
11749592,788403,
23858431,1128939,
47319468,1423705,
23804793,1454883,
5678959,166915,
26132870,603045,
7719893,397576,
6246091,315841,
4554533,238097,
16112183,263242,
32582961,452479,
13127909,748383,
32678374,952264,
11176554,495681,
1468677,34330,
6083810,188699,
6788585,333296,
11887955,179820,
15086038,790187,
23209070,475472,
9334751,406130,
3991478,84385,
13772589,665069,
24104567,730968,
2595858,52755,
2892099,171914,
5322193,263554,
10927120,247341,
3522952,169742,
3687016,103158,
4451534,242719,
15461254,399211,
4807818,97175,
2256043,125037,
21554153,620109,
3272008,183280,
7859371,191819,
2404696,110735,
3188726,132323,
1547121,32472,
1870884,91100,
2438853,157507,
2522673,132000,
10493867,391906,
10675267,137426,
16459137,347467,
2133059,91949,
5194335,127554,
642056,12966,
591620,14732,
1710065,107881,
1753819,100877,
4353688,242027,
6120186,117044,
10491154,320209,
17001491,218543,
2429050,159356,
756437,20060,
2451438,144996,
8493042,154993,
13129216,366419,
4123176,75289,
877201,47971,
542362,18863,
1664428,43077,
14001747,701520,
3051269,90158,
10286557,310102,
773563,32016,
15206274,380075,
1592762,48221,
6149757,166792,
11945306,614431,
11615719,407341,
3990900,97018,
7479307,246412,
1713174,93363,
2191093,118749,
8124870,171238,
1814292,122592,
6996286,452936,
18244463,955878,
19559307,549242,
18775957,447773,
2141120,57557,
6454897,133005,
5823540,304776,
11108793,383964,
4336806,119382,
1826419,89527,
1473234,77968,
2070030,111139,
1739717,87085,
4809121,241434,
96356780,198524,
1107418,59594,
5888995,158824,
10318409,400920,
2928108,127172,
9809651,87262,
2483513,81068,
5365802,150889,
12818223,527851,
1758174,72510,
5152472,86430,
7781248,221890,
13327968,545711,
5647493,122562,
14519336,308923,
14058998,621498,
28777952,538928,
8819440,260721,
5144220,184585,
3959921,129321,
12362087,343293,
6275445,239087,
10016806,357731,
9239816,410063,
15380865,310003,
21064078,687709,
15616579,578639,
8082235,148857,
14755722,437206,
16779591,675411,
19214858,762768,
13661781,188471,
17830706,408458,
24116423,829353,
24054463,717451,
5849621,248609,
15801226,474796,
11806202,370868,
27426559,1099395,
5205367,257430,
5183091,251832,
34329108,683693,
32338314,1049156,
34593633,1143052,
9188190,290509,
27890444,1111468,
15741297,455914,
29610899,1133297,
16193273,285451,
4909578,202226,
3435634,167197,
18821046,883919,
23353023,516098,
20716919,796464,
3489818,182079,
2158584,70831,
1526743,68406,
6678607,267463,
2233209,80950,
2410707,95564,
208620747,1287197,
19392773,438140,
258758260,1824331,
5367230,236084,
1931670,71681,
1990401,88281,
29338870,711092,
28224874,1063082,
12523751,306834,
1289218,48505,
1354744,61441,
10138249,422593,
31011353,1130724,
1873255,68743,
1522725,67355,
2549108,69258,
2000039,78696,
77372958,928083,
26256697,948225,
3742474,93012,
4184771,104732,
18880453,637162,
15213040,570368,
10975067,350234,
6355907,214586,
783815,25208,
428322,15498,
873409,27386,
5514302,127924,
5975006,137443,
2439075,78284,
1028281,43548,
15251624,506611,
25142959,477300,
3199869,144538,
18073295,564074,
16817899,472900,
9558228,250245,
9501023,261582,
18116678,438779,
1600986,72974,
6118185,182499,
17877654,422499,
5279473,199426,
2120817,75595,
1573979,44766,
12511010,316625,
9072689,246357,
787336,25275,
3107602,105667,
4561841,110530,
1246358,52875,
12617954,358611,
714477,26816,
2394001,73319,
3344489,83484,
3700696,116280,
6447791,219061,
9181974,280809,
2044436,64200,
2502609,94841,
3525267,127117,
20439023,181250,
9968969,181891,
318703992,807018,
7058526,188944,
10725936,292613,
2819405,77439,
3942270,132673,
1642986,36675,
5628687,130150,
3643028,101269,
7041953,231249,
44648,7516,
159790,16049,
85553,12602,
393810,27149,
1092324,75748,
102008,10456,
214088,22002,
613302,35576,
535129,16879,
170087,5508,
497155,29963,
973259,48175,
767461,34997,
784736,47551,
961595,43209,
524204,31632,
194071,10634,
748607,49734,
39257,5933,
667315,16471,
126523,15206,
699792,31550,
141063,10384,
430752,7050,
372409,27439,
234489,18837,
511632,46551,
623493,32677,
206044,9541,
403114,13019,
602817,33332,
55099,5328,
627450,25948,
1904564,31718,
42343,4445,
682397,30513,
164005,11752,
575356,9729,
51335,5081,
402375,23250,
97293,7596,
293073,6868,
102444,7864,
442825,14641,
473149,21632,
373666,22195,
48447,5164,
865643,38108,
2652800,83470,
105193,8088,
223649,6165,
478828,27281,
51625,5295,
760939,38671,
336768,21638,
156134,9997,
499906,6328,
704484,39367,
49043,8094,
521258,11181,
3407949,104702,
1125984,42159,
107170,9318,
241797,15052,
79850,10074,
392909,7421,
618797,36233,
720284,18105,
728416,38266,
1477167,62730,
7747356,152662,
887642,41212,
454051,11364,
496134,28657,
138150,6264,
1094971,50134,
3661974,62326,
420139,11666,
412418,8439,
566683,18496,
515736,19630,
573654,17648,
144275,5126,
3974629,93697,
73266,4714,
147323,7090,
3323367,58848,
460262,18202,
70017,5506,
443589,24229,
31173,3829,
130613,5510,
266498,14692,
252351,12880,
269671,16669,
396463,5797,
470980,25758,
87538,6571,
566582,28478,
5704446,141347,
1049548,55281,
466247,6785,
1872355,55261,
278032,13880,
58196,5070,
748327,30696,
677478,38048,
749635,13289,
399614,27932,
241878,10091,
459970,7059,
413543,5308,
56461,5825,
870823,37650,
295394,12796,
526718,9664,
1945161,83621,
456853,26962,
542046,12460,
388201,20199,
2464493,44817,
813651,12302,
1399898,52763,
673530,11315,
176618,10129,
427471,7748,
530865,25817,
1015284,50009,
61372,6574,
2073026,60453,
2052446,34380,
879679,50858,
732711,29569,
1965148,75540,
779441,27781,
1130538,24349,
1351460,63358,
2989379,133504,
468429,12395,
2710180,88287,
885686,15017,
1238139,45746,
4672481,135537,
1075758,44264,
948644,28013,
1547762,40058,
5769432,162009,
120422,8327,
2622977,86185,
1693032,65006,
433051,7536,
759640,35613,
399893,20047,
837872,39687,
371397,6299,
675561,27248,
1233855,32136,
512948,12065,
850982,41884,
89709,8655,
433563,26877,
2521457,75211,
1743928,49709,
373914,21386,
414611,17117,
882640,48688,
6846103,147150,
65933,5531,
1224022,40945,
826313,41599,
534473,31556,
1112299,40574,
737438,35007,
4528059,125173,
803275,58384,
2568867,70441,
1981926,64673,
40681,5216,
124233,14335,
6299824,275513,
440706,25349,
517188,25766,
5378264,114286,
202209,11194,
495002,22932,
2835918,70999,
50848,5412,
78682,8066,
428223,28851,
1134141,63793,
1664574,51635,
2039072,82271,
595376,23985,
350167,20127,
520359,13500,
319050,11466,
553282,13105,
746082,18493,
202598,12515,
426028,11728,
468175,14773,
385190,14208,
807847,20209,
179591,7496,
316705,10679,
111788,7674,
70927,5959,
633849,37376,
3699496,53453,
300762,16891,
4931768,86789,
127040,8657,
2959627,49971,
942294,41573,
850230,15129,
43352,5456,
30640,4965,
383672,11555,
402875,9044,
737565,43700,
437532,8072,
1190146,44744,
253574,16728,
318982,21355,
471253,8360,
814287,30998,
202379,8553,
488559,18343,
455922,25952,
82930,6228,
739440,47544,
1142052,21216,
621386,24506,
2574384,49600,
336311,12460,
80522,5770,
113065,7515,
143759,8167,
73541,5793,
332327,14202,
68622,5396,
61750,4765,
141580,8745,
105757,6643,
17588,1948,
282687,11188,
195908,10638,
63863,4719,
70348,6020,
119464,7653,
1236544,54310,
79037,5504,
108292,7295,
40783,3840,
216552,11689,
273753,14652,
367935,32045,
187585,12123,
49709,4218,
460695,45952,
443015,19951,
668342,32395,
545432,18921,
193147,10765,
99823,5609,
44446,4353,
152982,9169,
477996,19170,
62515,5481,
1148169,45989,
446345,21089,
284222,15329,
778931,29331,
67184,6364,
421908,21577,
3560296,76136,
167085,8428,
88852,9804,
397916,17446,
10946924,207325,
362811,19808,
40728,4152,
146939,5679,
1451313,59200,
78088,5653,
158012,5780,
2640758,77049,
633390,27348,
367021,17121,
448111,26491,
36522,4216,
3580398,212252,
115729,7428,
81545,6226,
813226,36459,
885617,42172,
46977,4362,
1220894,33543,
75647,5812,
535987,20110,
153864,9275,
3765758,109415,
137694,8577,
304470,10047,
1548044,54594,
1274308,40803,
45738,5763,
165716,6228,
84446,7351,
501764,28940,
1742958,64598,
750651,30130,
253533,16415,
187609,6073,
361943,20367,
301190,15772,
136367,9039,
202683,6446,
282185,15345,
145271,8505,
663140,34575,
180227,5353,
182209,10914,
6047488,157881,
1877617,71782,
921462,42727,
3959916,126128,
146352,4324,
312016,19344,
383827,24417,
222963,7148,
276449,17867,
579628,29708,
547313,29339,
217458,11549,
39437,3315,
582124,33841,
167779,6621,
3649206,100503,
232058,9249,
313174,19636,
221243,12331,
292692,16795,
247321,18843,
123103,9655,
528442,16897,
41162,4096,
687976,32848,
53135,5077,
578048,29499,
298442,20029,
137565,7258,
391550,13802,
50863,4128,
49848,4231,
57490,4994,
321130,14358,
153969,10898,
426286,24388,
45337,4378,
3177427,84058,
51374,4783,
53645,4637,
5437798,127658,
726221,37902,
133836,9806,
185207,6311,
327407,23399,
264184,17825,
139420,7728,
440144,25643,
200837,15280,
392775,23101,
350009,21321,
313150,21245,
281122,19924,
166936,10164,
305213,19445,
186537,13939,
51152,4633,
4222873,106202,
76222,4905,
141495,8192,
50101,4839,
442849,20401,
1468446,46929,
33025,4110,
194211,12442,
190112,13821,
51896,4958,
388117,25612,
448147,26968,
169255,10704,
247871,18314,
203668,7068,
183404,13604,
662696,38582,
217365,18348,
139636,11176,
219638,13333,
308242,13738,
215337,9220,
265954,9873,
249537,19760,
898848,53922,
136804,10390,
407115,25810,
440062,28828,
338610,24779,
235211,9829,
583615,38360,
236408,10774,
302320,18169,
238512,7715,
1376920,71666,
405008,27233,
334031,24491,
128745,7106,
242927,12919,
436221,34339,
646305,54792,
337962,29216,
222725,19607,
375352,16865,
393602,16602,
224998,23710,
281091,27509,
309071,11024,
625782,53284,
268725,11561,
523780,44349,
251190,28302,
347313,32854,
184537,22906,
729549,76065,
277462,18926,
856123,42227,
136128,18281,
1168639,58918,
372431,35491,
951710,58219,
214238,20729,
449286,37227,
100154,9174,
287481,33350,
6980090,168792,
689662,64967,
627973,57793,
143825,20870,
1103208,25267,
1587980,37166,
418560,13861,
573237,17758,
387071,11706,
796128,21315,
175595,12070,
283669,7857,
99512,13612,
47701,7345,
58841,9554,
53237,9144,
72864,8020,
72429,6039,
348729,18932,
272207,8461,
352343,36753,
680200,44339,
1080425,60720,
609687,15997,
310185,34285,
1531921,90173,
702221,68574,
109745,19743,
130380,11010,
3345518,62528,
2445610,75103,
81138,14149,
221926,31595,
1641500,66690,
629389,20964,
434452,37001,
235258,11305,
307500,34883,
170138,10354,
148355,7920,
112756,7746,
58447,7288,
270081,11798,
149290,22104,
46621,5064,
183468,29022,
1553117,129327,
523698,22424,
296401,26987,
415053,48769,
450517,54403,
47437,6164,
379878,11342,
4382364,225148,
269,52,
84,7,
534,100,
3034,222,
4868,220,
7121,365,
20648,1959,
1859,119,
25709,950,
220599,7232,
82946,1824,
91568,3027,
11521,700,
34674,1423,
9233,816,
11871,216,
237503,13327,
6945,315,
109763,1742,
35947,1735,
6075,448,
16691,1122,
100284,2918,
3963,275,
7008,323,
70607,624,
31257,1095,
5263,315,
34303,1217,
130341,3990,
2911,129,
60558,1952,
85834,2158,
5689,306,
10612,735,
4777,183,
3026,171,
2298,95,
2840,95,
1603,143,
2081,149,
11361,899,
29037,544,
89891,3419,
7659,206,
5259,230,
3169,146,
98401,5994,
14457,822,
30561,1238,
31908,509,
6984,280,
4964,344,
8957,407,
3112,279,
5603,423,
6905,365,
73157,2570,
33531,1221,
109192,2028,
3412,190,
25399,738,
12727,749,
7629,340,
84227,2535,
8230,403,
5855,377,
395749,9938,
20365,522,
29908,1051,
17399,740,
242955,6061,
5511,321,
7234,435,
18440,407,
45411,2291,
3744,272,
2463,127,
3029,171,
65949,2575,
8077,614,
45653,545,
7462,423,
2730,183,
52772,2345,
11551,678,
286423,11932,
28789,1722,
42804,1052,
41144,1683,
28173,1066,
34702,1012,
26948,1451,
278354,11655,
10545,349,
9579,334,
1923,117,
28425,779,
58001,2346,
2826,139,
108720,859,
57792,862,
2146,70,
16729,464,
44838,2640,
78956,2046,
8882,492,
27635,1468,
120720,3023,
25803,1526,
79455,1556,
72792,1729,
30169,1505,
73232,2673,
1676,95,
14609,729,
5131,337,
2350,177,
22570,644,
53678,1472,
4626,374,
6132,340,
225058,7331,
45905,2802,
20689,1146,
130125,1166,
11382,729,
10396,145,
497923,2757,
120612,2591,
86576,1569,
3244,183,
4119,255,
96737,2240,
65995,1367,
38057,552,
22324,1191,
12160,432,
17640,347,
187705,5372,
63351,1069,
1424,41,
20640,784,
15327,557,
244236,19226,
70835,2082,
540950,8214,
8186,380,
6377,229,
134851,2367,
21071,415,
7080,292,
9264,526,
278186,5794,
7011,242,
139127,3039,
44493,1029,
25131,647,
2462,107,
2592,247,
71261,1899,
5995,384,
595456,17014,
43997,1298,
31210,808,
11602,844,
162736,1139,
23830,798,
12468,304,
50587,1061,
24361,411,
353912,11324,
10568,676,
579489,6905,
6916,178,
42898,727,
25227,1084,
2089,128,
5236,308,
22244,560,
89552,1641,
46018,683,
3454,212,
32606,829,
14943,640,
10599,996,
10209,312,
16932,418,
9266,340,
12376,321,
9853,299,
12833,335,
7803,671,
102171,2407,
63500,1146,
2177,194,
4345,179,
4911,215,
3626,147,
32060,1802,
28746,947,
83251,1740,
17154,689,
29747,483,
14528,771,
1765,143,
4518,208,
2660,166,
59318,2419,
175573,4093,
292765,6001,
15164,465,
57559,894,
7969,383,
7786,268,
44880,771,
8954,176,
145826,3710,
7675,569,
23120,460,
9256,412,
455100,12572,
141507,2028,
73930,558,
100209,2210,
5028,212,
109168,3612,
93401,3277,
6113,195,
241876,3850,
23206,526,
554166,8124,
162789,5007,
148398,5381,
101950,4246,
60465,1245,
62582,1072,
26224,494,
18828,292,
34705,642,
49654,1247,
21257,413,
91772,2072,
289219,3500,
104332,1458,
37379,1461,
236236,5680,
72526,3119,
14323,792,
38566,900,
6155,529,
44959,1673,
5922,203,
189476,2705,
38461,1202,
87090,793,
2070,155,
6829,418,
2525,85,
4144,262,
10334,469,
27948,921,
5747,333,
5802,350,
9838,425,
52779,1817,
4759,368,
84732,1162,
35000,604,
75602,1212,
77014,1699,
6154,288,
26412,1193,
10213,401,
3948,200,
45931,1468,
10642,573,
8718,379,
48243,1169,
4123,151,
58383,1820,
56188,1364,
7198,254,
12551,478,
132096,3230,
8444,437,
48790,1260,
10353,460,
46295,2302,
104274,2013,
10540,433,
3213,257,
7762,397,
95559,3581,
12516,602,
25550,724,
62637,1559,
17075,1076,
6931,390,
8906,307,
36871,1120,
59404,2025,
19682,674,
12230,555,
112616,2562,
132429,2051,
82439,2110,
8383,431,
14182,677,
31536,1213,
92485,4527,
4167,327,
99864,2977,
38910,639,
7983,267,
418933,10373,
15181,593,
9156,834,
136763,4553,
5043,281,
145008,1701,
7580,287,
9176,346,
75746,1525,
5935,324,
11566,694,
14479,368,
6973,153,
34469,722,
4772,365,
12130,472,
6407,180,
6237,310,
73152,2504,
16566,544,
8485,430,
17522,380,
4977,236,
79108,2366,
8468,926,
105875,2792,
6584,301,
16033,421,
2974,245,
25353,544,
24525,569,
304340,6676,
25719,592,
11465,387,
7049,164,
15119,504,
5791,276,
28284,806,
36289,240,
1055066,7494,
71208,1659,
175942,2893,
3664,336,
14236,501,
160226,2574,
24757,1143,
9882,243,
23800,857,
10706,359,
204586,961,
3548,224,
64960,3181,
11788,768,
90982,1514,
18674,686,
185793,3390,
161743,2227,
13426,520,
71073,2016,
204061,2306,
167653,4492,
51651,2488,
4304,354,
45624,1316,
15518,945,
79577,1610,
4955,195,
3435,224,
9692,421,
33638,918,
25170,1021,
2480,260,
18322,392,
50230,3224,
3150,287,
26327,1123,
12559,484,
19462,1010,
28939,1004,
57451,779,
299631,2733,
4450,235,
32062,464,
16002,670,
17457,748,
18775,373,
835233,5254,
21383,377,
35901,719,
44951,1161,
66535,2369,
17788,1069,
256466,3079,
15808,844,
19504,1081,
5285,379,
903935,7399,
22270,493,
126337,3414,
34505,469,
18069,823,
7318,237,
14698,268,
46767,361,
4083,137,
2578,218,
3517,224,
8850,272,
24830,626,
10880,212,
5787,439,
2903,209,
78153,3660,
2973,164,
10340,287,
150009,7067,
24281,452,
114260,3077,
784285,10097,
4320,167,
3367,175,
6421,221,
37525,646,
10078,208,
19927,435,
168842,6037,
55032,1512,
47254,1208,
10001,710,
37044,501,
5754,233,
76687,2232,
499306,9915,
202115,5245,
438709,6906,
92643,1137,
76197,1819,
20485,621,
1487,89,
17070,400,
69462,1267,
34598,1264,
33627,623,
43765,1671,
135380,1313,
8659,352,
2898,180,
20752,670,
34167,757,
57509,790,
7390,590,
31766,678,
5046,248,
38040,1542,
48081,1500,
62069,381,
3168,196,
48532,1305,
9923,331,
6790,362,
135535,2989,
33733,793,
11971,386,
68583,783,
97463,865,
2262,147,
36405,1386,
3433,185,
470840,5296,
8154,183,
96351,1364,
7206,212,
19372,603,
8665,223,
42335,2214,
50360,1548,
8932,276,
25951,635,
139248,2649,
270423,3492,
19119,612,
173932,4649,
10513,566,
524974,19670,
141114,18693,
1672651,75492,
1585517,89748,
1097737,51977,
1602683,100924,
2698824,124079,
2319499,115970,
2234268,112514,
2554712,106258,
2267582,111947,
2044785,104458,
2179044,104130,
2363254,108842,
2225040,108985,
2042111,110024,
1420917,89726,
2065329,91964,
2070824,94855,
2723089,128074,
3201796,136196,
1955596,103829,
1442326,74039,
1261981,89767,
2022537,121884,
2655929,100868,
2636867,114224,
3940175,169848,
2142315,98144,
1703894,118233,
2876870,148143,
3622163,147796,
2755865,110979,
2295937,104522,
2917217,101189,
2639275,188746,
1845311,94733,
2446314,104713,
4776028,140871,
4561512,171300,
3870401,100433,
1939144,104474,
2709833,95940,
1404095,182055,
2485226,104105,
2086592,93895,
3408629,148536,
2138174,89177,
2462981,104183,
1712446,83557,
2605199,115488,
3000627,121329,
3433125,116233,
3286767,102021,
2305253,93365,
1684608,79706,
1662747,67322,
3381633,125237,
5465112,147829,
2201798,96136,
1532802,62097,
2184645,105536,
2197256,94038,
2592757,96623,
4480092,117483,
2598629,95743,
1983545,72586,
2334787,73104,
1556405,67239,
3333699,108744,
1835161,64558,
2359498,101710,
2570406,74007,
3973994,106201,
2569776,72538,
3603446,107221,
3339433,82213,
2109051,83055,
2083832,94205,
1853128,88776,
2971375,103002,
3047505,97286,
2590108,84305,
2487320,96113,
6502466,97983,
3714123,107692,
3483179,97649,
3595000,111984,
2467978,85907,
3268951,97218,
2904295,104496,
2077197,71029,
6566223,176829,
3995463,144166,
1646634,52642,
3148812,105328,
2030910,84163,
2822367,91921,
3237163,181680,
3630536,94377,
2097157,81749,
4445757,146362,
2867096,94975,
4045019,123619,
3947269,111642,
3024175,106452,
2304894,100359,
4428809,151504,
5003903,125525,
2743538,112560,
3178669,95713,
3798022,116657,
3054636,95091,
4342002,124348,
6214662,118896,
4260873,117132,
4678353,157591,
4821396,169323,
2101760,67473,
2984155,87449,
3376423,79755,
2628284,93674,
5736427,136292,
2470133,98902,
3966561,99266,
3277862,112309,
3374632,103599,
2217988,99848,
3419529,110779,
1740327,60458,
2154511,88195,
4138929,129717,
2156691,74828,
2346123,92994,
4301830,124402,
1805894,64655,
3083078,113537,
2501018,100100,
4065894,123754,
5647744,131821,
2041262,64936,
3064042,110623,
2181286,93542,
5691201,129905,
2975265,108799,
4209682,91653,
2071308,74574,
1804491,92692,
3744802,136621,
4185094,168137,
3121326,127886,
5682391,138929,
3503717,107958,
1765392,71228,
3970805,95265,
5559659,138919,
7293592,139888,
1680545,73017,
4392481,109495,
3939497,115045,
2898518,101711,
2155797,83225,
6393333,191940,
1814251,82087,
4074830,115708,
4021790,117993,
2350696,100295,
2399969,89194,
5259663,170369,
2503193,112924,
1987077,86921,
3161791,102155,
1615956,72507,
2176979,97359,
2678762,99976,
2476980,92783,
2877567,101605,
2443387,94744,
2115123,90988,
1668355,80191,
3238960,113550,
2616111,94709,
2274367,92375,
2004944,72568,
3915241,127231,
2096182,78859,
2318012,92763,
2795961,103318,
5155822,121024,
3556116,106307,
4526406,122200,
2419400,86094,
3407773,118139,
4892588,126333,
7724299,179940,
2614156,99334,
1634095,79581,
6146554,139320,
3185391,113571,
4913256,112192,
3530283,136894,
1815426,82267,
3853336,140070,
2086764,87296,
3895310,103775,
3039184,110619,
3294171,113671,
2115958,85945,
4452275,136460,
2394729,98824,
2295458,95204,
2279836,95452,
3503418,110157,
2358166,101631,
2878769,102450,
2579113,114701,
4167873,140491,
2533226,93605,
4012333,146545,
3107444,93231,
2770537,112144,
3069265,108370,
2564622,116137,
2849689,107315,
3534981,125833,
6035149,120056,
2893656,96401,
5409825,140617,
2088102,88675,
2372445,109705,
3112365,98114,
5594460,121184,
2966274,106993,
3343359,129939,
1958477,89206,
3802156,93121,
4409680,116273,
2264608,144007,
4000035,123029,
3426561,143761,
3832922,129899,
3190041,115921,
4702622,135733,
2156279,81063,
3670161,133814,
1992948,89206,
3205165,100140,
7460383,164830,
5333450,161657,
2887079,111249,
2929192,122928,
2115879,88514,
4131212,107547,
2538583,79950,
3379463,116817,
5439920,147112,
5289107,131019,
2630192,96810,
3093221,87928,
3943413,110130,
3566431,96466,
3075151,106556,
2295006,94689,
2450418,97871,
3179137,125837,
3466628,162475,
6391858,129182,
3429495,109407,
2308531,98571,
4107183,108941,
6009349,107764,
4772343,141192,
3369504,97601,
3100685,121495,
2274322,95922,
4334510,142925,
3473872,127601,
3359092,101608,
4638009,120223,
4201252,139086,
2217020,99645,
2545976,82701,
5014138,145536,
6602620,212343,
4673998,119285,
3165470,103838,
3394285,119911,
3997362,132427,
5601912,110116,
6300219,159646,
5000556,132982,
4042620,145073,
2784857,121623,
4380459,118672,
4703734,145673,
4755255,122080,
7285094,148370,
3520696,140624,
3934807,101374,
3842904,123915,
12231757,195291,
4945798,209469,
5240424,154410,
2679174,153037,
5960244,192906,
3583571,124511,
4496395,125496,
14165502,392734,
2656931,106136,
2030038,92504,
1836719,84169,
2676013,118057,
3022976,102409,
3057111,94361,
2361993,102891,
2177956,105379,
3206205,147290,
7357615,181740,
4669610,145290,
3581096,117299,
2490596,237872,
2188014,89317,
7479655,150844,
9112870,184200,
7494482,208139,
3201962,111337,
2328535,110273,
3984201,137690,
3103495,147679,
4099333,134864,
4796076,155716,
2161296,117304,
4297236,138675,
2840663,336219,
2450031,112883,
2914754,113871,
5497844,156445,
2608734,108576,
3302302,121951,
4580093,121998,
12681300,163581,
6446999,125907,
3494704,90768,
3337825,131141,
3368409,143381,
2794086,100926,
2789887,114505,
6362951,184628,
1978073,75951,
2641747,96208,
2973644,117733,
2589338,92401,
3126474,101909,
7876875,184028,
2619867,107118,
2324010,96977,
2369319,119014,
2809695,97140,
2856638,103946,
3498169,140143,
5617553,156311,
3364408,115542,
1641243,113955,
4029386,155750,
4377417,124806,
5169321,134229,
3427824,107005,
3695307,115505,
2372905,132799,
2002716,87224,
5138954,170417,
2216943,101080,
5090926,132563,
6986516,161737,
2457092,130135,
1998756,67881,
3353846,113977,
2656811,121463,
4995517,127736,
6136118,168188,
3202631,133151,
3030201,116264,
3628320,110150,
6852665,162088,
3672880,107575,
4937635,139435,
3565061,126178,
3640458,89696,
2397918,107962,
3649249,112675,
1841753,96197,
2441639,135773,
2689230,120069,
5872582,129578,
3351936,113015,
5756270,172300,
5567393,176437,
2530514,106988,
2815255,122746,
5496819,131291,
2479720,117598,
5977297,153477,
2892555,80783,
2353286,103396,
2452190,119635,
3873914,135525,
3897389,142005,
3617736,97321,
3487539,121167,
2748985,111915,
2206377,110854,
8997825,161177,
5164336,116072,
5405507,159593,
2635444,114480,
2110519,96407,
3053435,139108,
5699725,142376,
2489962,92905,
3727382,132214,
3775442,113963,
4223959,121690,
3323710,131682,
1208071,60340,
3461599,121990,
4385619,78865,
6823594,148135,
7946976,165084,
3390073,116027,
3713276,141053,
2594584,111231,
4322492,128049,
5884734,140489,
6054449,124487,
2465039,99077,
3913425,129065,
3017199,189626,
3092726,97775,
1935653,106144,
5098539,114616,
4884637,116841,
2603512,91806,
3074533,136314,
2178007,107691,
2698701,101040,
8230230,190314,
3507122,108485,
3187170,115798,
2802676,143655,
2888475,93354,
3687934,121263,
5277736,169213,
1993882,110230,
2989177,112064,
2758155,117477,
5072506,141995,
3519560,124687,
9596136,183374,
5539798,161319,
2766767,95564,
2801829,123457,
6150145,118078,
4618967,131280,
3600048,138701,
6183861,116557,
3971222,132845,
7815856,184624,
3488813,150754,
5846235,139408,
6850037,156931,
5202625,139679,
8935565,121168,
5394179,162130,
3439252,86696,
3416175,103320,
4570529,146499,
2528330,126836,
3097666,96751,
1910319,81727,
3669388,149041,
2205002,75306,
3496300,113437,
5671461,161975,
6724795,152611,
2582558,106780,
3691008,148102,
4559554,110420,
2840625,102743,
6063947,173810,
2728396,100760,
9148191,125483,
3139051,118474,
4597585,135943,
5514725,139640,
7446157,141087,
1692687,61778,
6673656,155490,
9506575,173032,
9116276,175074,
8030104,181119,
4264,66,
177721,1654,
147633,1172,
232945,1999,
127969,1096,
84370,592,
56403,436,
31458,188,
98033,754,
220127,1807,
289404,2733,
86855,769,
235451,2136,
131848,924,
70925,593,
41373,279,
662958,4920,
525979,3868,
90379,828,
152576,1012,
510552,3896,
132448,1006,
264291,1816,
109247,862,
298419,2330,
411365,3866,
332529,2340,
177184,1308,
608517,4529,
481872,3623,
127452,856,
362225,2710,
54081,320,
101883,687,
338119,2290,
750090,5011,
400920,2901,
407859,2781,
380373,2720,
207184,1354,
169934,1124,
332762,2478,
288808,1954,
110317,634,
326796,2150,
7699,60,
265035,1665,
410048,2693,
437629,2935,
176659,1126,
356769,2731,
349488,2376,
287944,1705,
534318,3470,
253015,1713,
396720,2451,
313198,2118,
600977,3773,
332041,2112,
435192,3167,
162810,1246,
462531,3332,
196964,1415,
212849,1530,
289643,2030,
374014,2934,
416712,2686,
361076,2575,
495552,3099,
452278,3302,
177189,1232,
215069,1503,
189735,1307,
245072,1523,
355255,2566,
477516,3238,
987028,5198,
379590,2627,
403689,3071,
392022,2713,
195764,1329,
770376,4318,
301620,2124,
259273,1798,
256592,1622,
335121,2314,
77008,491,
343917,2538,
239295,1531,
218476,1581,
377261,2440,
412745,2972,
549415,3201,
392681,2307,
299241,2043,
146797,903,
199640,1397,
213132,1650,
147690,928,
185727,1197,
471137,2953,
227936,1665,
267757,1768,
233867,1682,
213247,1572,
282692,2050,
321803,2132,
291553,1932,
321698,2160,
163179,1172,
309813,2262,
284562,1946,
74584,537,
172783,1209,
281878,2015,
395475,2517,
248876,1634,
377221,2413,
270273,1703,
256044,1845,
223537,1749,
173270,1178,
5986,58,
371272,2514,
346300,2383,
13540,103,
784955,4903,
192761,1517,
230616,1764,
336827,2228,
240482,1642,
392092,2542,
366654,2442,
223944,1547,
224555,1529,
91883,562,
313719,2215,
270317,1945,
45159,364,
594027,3757,
247972,1717,
11231,96,
28335,167,
731353,3930,
657999,4196,
393737,2645,
340723,2085,
598005,3870,
13000,99,
487608,3023,
361700,2372,
16188,149,
321425,2089,
222076,1413,
23227,151,
198235,1303,
135671,1077,
55162,500,
21120,193,
344509,2290,
636289,4128,
376753,2617,
255097,1617,
322243,2031,
29012,216,
269922,1854,
351529,2414,
231775,1602,
345245,2271,
238190,1523,
435892,2821,
169640,1109,
93150,783,
301412,1992,
442936,3122,
475141,2892,
82478,550,
90180,721,
357562,2454,
551678,3280,
148946,929,
140966,1000,
17778,94,
255465,1764,
493421,3198,
361321,2457,
335228,2247,
203099,1348,
272313,1790,
10518,85,
17471,89,
357441,2405,
44604,323,
346517,2306,
13251,129,
477168,3119,
331267,2260,
291723,1890,
270539,1908,
272545,1945,
424640,2852,
513929,3579,
316003,2376,
22730,181,
916474,6068,
349181,2565,
290210,2120,
259587,1949,
45648,323,
19383,166,
557294,4111,
343889,2510,
875544,5785,
289427,1958,
142213,1038,
294552,2253,
561740,4154,
634960,4943,
284680,2191,
45306,322,
599175,4428,
3321951,19814,
185824,1352,
203320,1523,
26013,201,
961919,8118,
408720,2892,
452517,3433,
333940,2357,
294520,2174,
346740,2588,
254251,1905,
1098639,5719,
391464,2752,
330599,2271,
416325,2582,
327747,2426,
340555,2819,
19294,171,
377143,2981,
199723,1581,
355756,2639,
419309,2940,
454149,3350,
40858,185,
259370,1904,
326752,2379,
398331,2852,
6544,78,
47467,374,
578303,4066,
704819,4771,
529342,3724,
570652,3615,
200421,1417,
73260,455,
384639,2785,
300125,2320,
395240,2769,
544072,4087,
253383,1763,
61271,429,
253488,1870,
469030,3144,
415794,3005,
260955,2012,
446873,3138,
382096,2890,
454149,3038,
418482,3054,
310979,2114,
381232,2447,
330738,2364,
602396,3932,
1307032,8112,
325644,2113,
403360,2690,
285478,1896,
451968,2993,
560307,3743,
467277,3187,
416194,2934,
670677,4396,
341048,2440,
314274,2269,
255410,1635,
878411,5955,
425761,2622,
659189,4324,
1170735,9327,
116991,804,
450753,3230,
264143,1853,
236711,1775,
196689,1550,
220161,1596,
285603,2178,
734616,4590,
450209,3194,
505795,3404,
412769,3147,
173250,1292,
264711,2101,
240194,1963,
564599,4846,
370766,3041,
261435,1860,
295017,2381,
321398,2466,
256706,2034,
174461,1387,
331849,2839,
335684,2593,
317598,2251,
230095,1772,
257960,2206,
147070,1105,
270491,2032,
364741,2815,
369641,2930,
432802,3340,
330470,2452,
306199,2517,
365175,2867,
306080,2620,
296005,2356,
839847,5777,
429787,3120,
734476,4238,
289236,2477,
364174,2524,
302861,2273,
220515,1718,
159825,1289,
326320,2611,
475619,3219,
260630,2106,
304115,2314,
481704,3209,
238896,1908,
227767,1884,
249692,2038,
294745,2301,
419783,3108,
260255,2035,
582206,3667,
277631,2159,
231566,1739,
320105,2483,
259305,2194,
323371,2622,
617943,4266,
357126,2908,
400032,2866,
290957,2247,
379695,2887,
21295,120,
390001,2905,
323626,1665,
773525,5164,
333738,2600,
279015,2364,
248021,2033,
386926,2891,
422051,3019,
369946,3092,
360536,3138,
493320,3419,
443728,3639,
331616,2447,
303155,2615,
283884,2107,
676471,5056,
70619,478,
336692,2717,
469143,3865,
415634,2903,
286208,2301,
527198,3697,
329114,2598,
431070,3179,
565232,3803,
277344,2125,
373813,2879,
258989,2123,
232120,1809,
180261,1468,
219961,1839,
22426,191,
514622,3844,
369395,3152,
17881,158,
351863,2571,
868531,5877,
385008,3092,
263350,2186,
368981,2817,
14843,148,
530057,4173,
249263,1934,
376590,3044,
613476,5229,
85407,660,
468959,3958,
297237,2693,
419899,3454,
371573,2964,
199389,1829,
224036,2028,
217347,2001,
356238,3094,
331546,2994,
423903,3556,
227246,1885,
323784,2800,
203820,1858,
325563,2811,
285030,2506,
385690,3283,
334744,2581,
268270,2162,
251200,2078,
276355,2514,
250756,2132,
229559,1960,
345244,2923,
244734,2091,
354908,2937,
202731,1904,
207210,1834,
311505,2740,
272937,2449,
135895,1210,
299868,2619,
243144,2233,
286180,2753,
276211,2324,
415820,4761,
202322,1692,
62460,271,
346942,2659,
30828,769,
321776,2617,
337468,2743,
243344,2139,
467554,3198,
439583,3593,
90431,738,
806900,6101,
297307,2521,
415482,2789,
537228,3830,
275755,2394,
205084,1749,
465398,3660,
363409,3171,
362411,3135,
298793,2458,
229518,2110,
321052,2856,
732288,5470,
901411,7638,
57321,494,
391798,3168,
444690,3753,
539979,4379,
469833,4067,
1008829,7555,
685842,6280,
402937,3106,
306209,2225,
399446,3124,
530908,4516,
819168,6297,
437801,3891,
255010,2032,
328320,2514,
1170596,7511,
405111,3751,
373624,3392,
489840,3735,
578512,4852,
546326,4584,
489622,3908,
574380,4433,
359692,3000,
445774,3892,
419886,3318,
1740208,12850,
136444,1141,
240205,1949,
241560,2062,
176623,1421,
337966,3062,
300130,2595,
158456,1359,
363500,3444,
261939,2134,
3420,156,
54182,4181,
142792,14950,
10869,782,
14270,868,
51446,6172,
20197,1315,
87072,8470,
9471,330,
83425,7483,
20778,1613,
1948,120,
257047,22384,
20506,1626,
722,33,
0,90,
226939,22254,
13983,568,
61365,1921,
158925,13650,
287525,23703,
12618,310,
18878,1556,
63863,3056,
23462,1109,
152492,14967,
14080,259,
8743,243,
18768,357,
9350,370,
11085,365,
567439,17583,
111079,8046,
14989,509,
24668,1168,
1545765,26508,
2306854,24386,
20547,534,
128034,5773,
3887850,29672,
14860,400,
33697,2880,
14726,523,
26818,2780,
18585,910,
88820,8527,
8590,276,
17736,1826,
9319,320,
46105,4305,
8989,232,
132459,13564,
16189,499,
36123,3661,
5163,76,
9176,602,
42893,3788,
4035,44,
21359,654,
48016,4890,
78711,6837,
45130,1999,
117581,12019,
108520,10656,
13291,539,
183015,18036,
14989,519,
73228,7615,
79849,6795,
37345,2745,
135051,13512,
13034,543,
62149,5761,
12692,823,
17239,879,
69757,7667,
10203,503,
82173,7487,
6411,383,
14741,587,
41462,4748,
10630,829,
8208,315,
80162,7501,
15042,921,
13204,427,
54695,6222,
11211,412,
26646,3005,
75840,6820,
40859,5513,
14353,796,
107504,10607,
19590,953,
8955,525,
30296,1377,
125993,11624,
48070,4184,
20644,863,
92192,9643,
188333,17922,
14443,866,
18412,818,
5507,337,
16898,503,
88971,9414,
7389,466,
17404,1120,
16271,599,
111047,11259,
7567,474,
15248,485,
107479,11304,
27496,1207,
11654,473,
167214,16400,
10443,414,
48815,3443,
16810,709,
5451,468,
7803,456,
16538,1338,
36765,2219,
116059,12752,
12400,566,
118379,11265,
9319,1044,
5979,317,
100251,8856,
14696,1026,
21144,772,
151004,14771,
13513,464,
48429,4057,
3725,47,
20368,1046,
2907,48,
18505,1557,
20407,1138,
17556,937,
3147,40,
41039,1202,
70978,5706,
23833,2380,
3633,44,
3945,380,
8267,325,
75458,7544,
6695,675,
167745,10717,
17519,474,
15123,265,
10005,1009,
90439,6806,
4827,440,
4837,179,
142738,12762,
19226,2071,
29919,2005,
9562,407,
90994,6855,
52201,2452,
23584,1446,
18693,580,
69263,5582,
12104,631,
62290,2902,
155856,19013,
23401,968,
134624,14424,
27058,650,
83776,7558,
55992,2406,
82940,9558,
27816,1379,
10673,579,
245135,22795,
11817,450,
89567,7451,
9226,460,
75539,9164,
18269,1455,
18876,748,
263936,25047,
10802,309,
63354,5468,
69727,2212,
70965,8860,
12666,474,
29520,971,
204812,6789,
141812,13574,
15368,711,
136757,12566,
74218,3281,
113884,15427,
11631,357,
20870,654,
137456,12872,
12932,468,
89828,7848,
104812,5356,
59392,7072,
28602,986,
233846,21118,
17397,1032,
43689,2750,
116914,11254,
22966,780,
69260,8020,
17368,806,
29156,1636,
117885,13268,
18041,695,
98708,10361,
75280,3882,
74147,9811,
18966,983,
28113,1426,
15616,764,
161627,14351,
26032,1928,
49118,3911,
74949,9083,
23753,582,
48563,1615,
16014,1145,
87405,8787,
16428,664,
126017,11946,
93840,5174,
51756,6298,
16670,1134,
14002,1135,
5615,852,
122666,10230,
57918,4242,
62990,7910,
8808,633,
143619,13127,
6488,497,
142683,11786,
34850,2801,
57987,6943,
15665,1484,
7357,662,
69064,7916,
4150,232,
25076,2126,
36488,3383,
90584,9097,
63325,8586,
11289,904,
3345,241,
4208,301,
4930,299,
77343,9357,
281290,15359,
4872,454,
19274,1648,
65197,8162,
55249,3810,
200462,20410,
64434,7602,
67842,8363,
14078,1015,
236556,21885,
30871,2262,
65640,7681,
15831,980,
8020,584,
10017,466,
10224,674,
253866,27765,
67411,6806,
75909,9792,
5393,420,
16097,1228,
49514,4858,
69754,8156,
7019,469,
168165,19980,
17377,1322,
10986,1082,
61782,8298,
5165,301,
159241,14650,
408595,46265,
5210,358,
65985,5934,
17017,1528,
67098,7739,
7204,502,
126449,13449,
116461,12778,
5731,407,
81008,7286,
7397,597,
5511,369,
4908,381,
6499,818,
286700,24549,
25306,1926,
135700,15585,
22667,1966,
110097,11446,
9038,534,
8387,655,
5612,407,
383070,35875,
5488,649,
92093,8351,
3845,266,
3816,213,
25323,1703,
67715,7514,
15182,1222,
2807,239,
5324,328,
25348,2230,
875589,75527,
7543,540,
622127,36944,
36056,2983,
77712,8595,
6267,435,
89675,8499,
6381,533,
122395,9754,
179940,14362,
41603,2617,
82678,9095,
7337,658,
25815,2367,
18040,1918,
70954,8138,
74119,6126,
5024,405,
143942,14450,
42810,4022,
6442,477,
87216,8217,
95497,12765,
74059,8914,
51991,3649,
20817,1866,
117490,13167,
62844,4597,
8268,528,
78807,5715,
67332,7334,
139815,14626,
34403,3707,
323861,21425,
74116,6233,
12182,929,
56258,4614,
17858,2275,
77678,8814,
89852,7626,
10251,920,
171432,16762,
39183,3582,
5613,454,
112149,8905,
57168,6030,
69840,8664,
83720,7668,
47602,2673,
133933,11098,
216950,23048,
164646,25876,
7416,607,
111309,9991,
9491,952,
61877,7653,
98083,10162,
3609,325,
128202,12190,
18663,1394,
5086,369,
79094,6591,
41962,2243,
25569,2583,
84574,11032,
10937,839,
28353,3268,
17862,1751,
16436,1400,
4191,391,
64603,3561,
101751,8848,
60460,7516,
76136,10043,
8372,633,
143058,11472,
13530,952,
4061,366,
144658,12462,
15914,1828,
106458,13176,
5237,403,
7138,531,
229547,20359,
14094,1065,
1011399,119976,
5917,436,
179667,16681,
17558,2300,
165399,15860,
82246,9344,
10946,761,
4294,450,
4941,325,
110410,11600,
13260,1176,
7366,589,
1218507,113154,
11370,1095,
5499,489,
187983,14557,
60495,6776,
99732,12089,
24679,2549,
18300,1883,
4379,342,
3431,357,
59544,4695,
12176,1269,
13486,1493,
5925,380,
109157,12569,
85931,9322,
12776,924,
78217,7923,
91633,7591,
3696,301,
9248,680,
62421,6219,
341167,26608,
11771,584,
76381,6968,
45492,5089,
85026,9471,
6865,476,
142769,13394,
156894,9086,
103682,10218,
58754,6073,
95705,10820,
5782,428,
15780,1337,
4162,257,
72443,4899,
87077,9756,
141194,14561,
138321,10347,
13318,1414,
40142,5437,
85850,10930,
4480,290,
8009,583,
90467,7311,
6534,283,
122219,9659,
10597,852,
89182,9114,
9417,741,
208496,17194,
7253,526,
8397,794,
5472,529,
8579,663,
4547,368,
3766,255,
55209,5001,
6947,610,
4638,471,
10843,1022,
107920,12409,
229028,18027,
8747,693,
19678,1044,
3912,339,
127761,11393,
55449,6330,
63957,6293,
7132,492,
5217,453,
16871,934,
11091,827,
123276,11981,
4130,365,
54656,3163,
14781,1199,
201799,22773,
764287,64392,
11003,1065,
82603,8809,
81557,1586,
42396,1359,
410393,9355,
44719,1427,
38961,1330,
393410,8275,
228769,4883,
77774,1771,
490449,10785,
85471,2761,
78275,1763,
549623,10959,
65958,1632,
73982,2236,
428738,10404,
130990,2507,
115300,2723,
576397,12240,
238572,3637,
99040,3802,
439426,9342,
311931,4900,
107146,2870,
601552,11603,
93279,2267,
311198,5455,
616195,12374,
82009,1885,
1537430,15564,
487937,11207,
558637,6813,
111027,2760,
524602,9090,
145135,3513,
525271,13054,
492819,9903,
92918,1727,
126721,3748,
440727,10633,
220756,3794,
72991,2478,
513530,9574,
110815,2312,
292629,7552,
190442,2530,
1422883,16401,
921528,15280,
329857,7276,
293188,4907,
432599,10697,
122865,3191,
137146,4045,
600870,10861,
300980,3948,
127416,2984,
627538,12190,
1484110,56291,
88403,2344,
742467,13231,
893449,13129,
121739,2667,
955751,15825,
100641,2232,
175036,5306,
1148231,20623,
151045,3011,
145513,4357,
801707,14438,
137278,2985,
180143,4155,
677976,14523,
120034,3402,
125252,2759,
1171101,18767,
134476,3515,
88696,3096,
466359,8955,
167697,4310,
100667,2982,
1259889,20618,
383292,7715,
67693,1940,
170485,3733,
1048170,15914,
114851,5166,
113597,2539,
420389,11886,
105673,3295,
82083,1983,
808967,14291,
782693,18333,
363316,5171,
779131,12797,
136553,3015,
127551,2810,
1058544,17958,
118194,3484,
152877,3766,
963592,15414,
316318,6680,
126154,3337,
606451,12045,
137944,4161,
385869,7098,
562168,11177,
167770,2873,
147179,3529,
573966,10564,
401565,6552,
138432,3277,
864723,19114,
220508,7171,
127114,4259,
1836379,25505,
653327,13685,
510413,9375,
633204,12502,
114889,5307,
224828,6165,
802069,12759,
202934,4670,
185579,3140,
912139,16805,
164551,3327,
767060,10403,
784761,16458,
499457,4474,
97561,2529,
553230,11107,
1516299,25281,
104031,2537,
855388,14476,
626504,8526,
112780,1992,
750372,12299,
1229094,22611,
180989,3640,
1182880,20405,
1939193,25349,
196975,5105,
888197,14860,
302205,5868,
849732,20626,
847787,15263,
273156,3599,
287821,4293,
932651,15106,
529720,6180,
116042,3355,
1074447,18036,
315426,6587,
391735,5166,
2258546,27077,
597509,12844,
618628,11629,
862862,15061,
235693,5006,
117547,2938,
1617841,20612,
401039,9188,
819098,14032,
1070904,18108,
1017267,19039,
261733,5714,
1091974,16965,
224096,4640,
1019485,14475,
2005827,28942,
397695,6511,
633654,9944,
1337293,22396,
163391,4689,
179882,3783,
1110118,17567,
1739506,20903,
811943,13910,
741126,14331,
207925,4392,
294665,6056,
680335,11355,
161360,3858,
357425,4195,
1284988,23114,
842753,20429,
8430500,125514,
958111,14106,
2232508,59672,
905197,18798,
1788384,28845,
483332,10391,
446817,5961,
1143750,17147,
855847,5573,
913490,14180,
926497,15348,
136305,3747,
156389,2571,
1533857,24172,
163263,2542,
131562,3556,
1111371,16652,
168196,5188,
87332,2643,
839504,16317,
141377,4237,
113085,2252,
949248,17329,
280010,5499,
125717,2544,
985168,14733,
1422975,29565,
219842,3503,
1115466,21901,
1026529,16246,
203655,3287,
872195,13752,
119955,2456,
155400,3179,
1195457,18989,
176594,2499,
1222581,31088,
836219,14164,
115536,3016,
586216,12438,
852838,13308,
1048469,14721,
596636,6801,
956985,14341,
235935,2826,
1658850,25355,
972703,14784,
221469,3437,
337940,10617,
776926,13510,
428711,14252,
130044,2585,
1512307,22049,
1863927,16096,
549134,10182,
1137254,18514,
245429,3935,
133756,2597,
898632,13799,
147391,3431,
150961,2807,
329768,5716,
379970,5687,
2320994,38001,
695599,12008,
149189,3106,
151727,2265,
2194721,30775,
557162,8058,
1811943,20876,
2139696,26974,
1128790,11071,
223603,4989,
1267734,16967,
5878690,58618,
1067076,15432,
1405558,21517,
266457,6512,
205568,3500,
1331475,19753,
1174174,17219,
241344,8032,
208765,3774,
1706261,22610,
183916,3074,
3328923,54025,
880985,12523,
265823,5786,
382285,5950,
947421,14302,
179227,2527,
116695,3556,
1204500,20493,
451804,8832,
308926,4318,
903662,13879,
538337,5943,
1819855,20671,
2086978,29920,
438922,9451,
107802,2617,
783157,14486,
166329,3529,
358010,5560,
1470509,21768,
437940,10443,
178311,3117,
1524642,22663,
330531,7296,
2392949,87634,
1074173,16781,
2148782,24027,
231415,6346,
3330733,45329,
188051,3299,
3918876,49624,
1160580,17477,
99377,3568,
388929,7007,
2050522,25876,
243996,6173,
5187633,55623,
1397099,22303,
433204,6189,
267730,5052,
684608,12098,
185544,4318,
501280,6684,
1120379,15005,
3297958,49833,
396229,5690,
1188572,19059,
202503,6077,
402555,7222,
1570114,20853,
214935,4434,
976190,20126,
939453,13806,
267552,4049,
459046,7672,
1957704,24142,
304273,5603,
169201,3606,
1219922,21929,
2344808,48221,
1004274,25628,
1209367,15746,
1401004,27492,
434221,10384,
1852003,22414,
655155,10009,
274578,6299,
815912,13056,
198835,3855,
483743,8885,
3234276,38801,
158201,4304,
289489,7475,
1115787,18186,
182050,3738,
2075676,32109,
1090981,15444,
395505,4950,
548347,9642,
1817513,25017,
360044,6692,
141815,3062,
1971754,29030,
287131,5926,
436265,9250,
1178846,18892,
197249,3701,
351622,5751,
1055126,19951,
2265993,93567,
263899,4404,
1016980,16888,
2619700,101003,
873386,11702,
1527317,17875,
1638361,24763,
312365,6848,
2220179,22344,
795646,14169,
379415,8415,
2386418,27042,
182708,3888,
1097049,24637,
981452,15151,
343724,6684,
1798750,40497,
1752775,26160,
190965,3771,
203836,3453,
2104321,31226,
726536,11126,
296723,4597,
1494394,20084,
3856154,60980,
490914,10578,
1657119,22288,
662404,7939,
210787,3570,
1747615,22328,
172354,3577,
583693,7803,
971123,16528,
196968,3375,
601389,6491,
884547,15188,
146926,2580,
631399,6688,
1070775,16175,
208831,3985,
740729,6122,
2904812,34378,
313180,4255,
523924,10144,
3157142,46819,
497533,7204,
194930,5181,
943077,15366,
778930,19410,
1715218,23195,
629558,10313,
943374,14713,
3361945,34257,
3323170,42890,
592588,11976,
343053,6827,
1107940,24833,
443665,7894,
166860,2904,
818513,13045,
196916,3234,
350110,5081,
1395278,22233,
330191,4338,
347511,6169,
1102334,15611,
324740,6811,
357554,4869,
992400,13550,
1399069,9332,
651087,8208,
1769864,25148,
722819,7793,
1052959,12521,
2346180,31596,
1713339,21459,
337740,8865,
1530095,19270,
283255,4970,
932405,8611,
1982659,27067,
853196,21599,
354971,4921,
692024,12018,
466524,7573,
339268,8581,
2054561,25002,
296041,4467,
366793,9159,
1915497,26573,
271027,4258,
197264,3664,
1330378,19707,
164719,3840,
288752,4597,
1696071,21003,
1551575,21432,
233453,4899,
1354801,18857,
295356,6031,
296490,5439,
1360594,19944,
191072,4508,
947699,16141,
199248,3971,
1254145,15574,
307825,6272,
628695,11481,
926921,13737,
218351,5793,
319650,6226,
1040590,15249,
145973,3078,
860163,21377,
1229962,17773,
528726,9714,
190855,4075,
1662376,20627,
237200,5989,
482756,7483,
1324142,20762,
279558,7311,
2163246,19635,
1342732,18457,
566806,7118,
208249,3946,
2502417,28667,
334745,7029,
175751,3289,
1856255,22039,
201637,3022,
165040,3470,
1472482,22081,
327720,4515,
1207346,15673,
143761,3063,
729403,13272,
166339,3112,
414351,10006,
1211169,18720,
432366,7895,
1775,64,
2846,279,
35325,400,
1979,49,
5216,49,
6904,568,
2986,56,
1694,60,
5042,213,
2355,71,
47583,2023,
1740,51,
3206,169,
2547,103,
10128,607,
4825,391,
769,35,
458702,2555,
134086,2599,
1857,110,
1274,64,
101666,2137,
21099,1159,
878,48,
421,27,
3781,214,
391,33,
34306,2237,
11978,221,
1258,63,
693,33,
449,40,
427,30,
3588,225,
2239,149,
320897,4260,
303176,4254,
3323,288,
9167,507,
2886,155,
5353,146,
27892,1045,
14441,712,
15016,603,
14036,549,
17561,596,
19036,667,
13213,646,
16997,744,
8536,486,
9450,814,
2725,199,
2760,127,
31791,1599,
3161,259,
94198,4238,
1634,209,
16138,1022,
226006,9150,
784511,36863,
770146,25640,
1441695,43699,
1171352,48237,
312435,16786,
222558,8544,
118391,4475,
111042,3984,
111662,5003,
138640,4757,
140551,6009,
127843,4491,
171815,6008,
425596,13039,
127438,4556,
171194,5850,
69996,3526,
1908000,52348,
81032,5457,
1150381,39573,
1684764,59648,
1880970,78465,
137402308,1259066,
929749,29955,
173105,7677,
596730,14782,
76454,3610,
538512,19794,
979087,32195,
555444,108315,
2080416,361374,
420651,65476,
527910,70173,
216812,45932,
577207,79622,
209925,58262,
1584907,179690,
1550460,231456,
1229849,147243,
321732,62464,
1365284,118537,
2909368,562128,
1188445,111656,
1476795,234184,
1092869,107374,
431485,76382,
652697,78378,
592850,71345,
254586,51046,
203881,42790,
1095940,123759,
542508,76507,
688776,76108,
1689482,188131,
3330227,387847,
231836,57878,
609332,88102,
122325,35968,
560226,78382,
150481,44030,
1360751,196471,
1404834,146109,
249711,46164,
185733,35982,
2007119,193246,
260598,52217,
263290,50112,
563356,78203,
271428,54000,
343854,60269,
674339,82550,
394113,74047,
1914723,276650,
1222335,138134,
1337636,136892,
893966,91552,
874271,124471,
3994516,460884,
651174,75866,
413248,74478,
1146211,103422,
1304258,137240,
631453,79779,
1218641,128489,
1162838,122694,
1213910,130770,
819003,103742,
523173,77596,
965907,107757,
901020,107884,
713440,80614,
929204,108204,
263614,51843,
687718,84665,
565438,73303,
1269586,124877,
182314,42867,
376374,58560,
1306461,154946,
827950,47673,
100102,19480,
204077,22066,
83510,18665,
243300,22280,
126262,18393,
72830,17256,
1086876,51145,
199899,24664,
173537,20480,
129875,17704,
129140,29666,
173244,20036,
376671,22012,
311118,29050,
172196,18794,
412722,27280,
246094,25276,
84541,18237,
1562918,212519,
604717,77845,
1197831,108943,
1055013,116412,
576908,88208,
409534,65518,
242024,57765,
746491,88528,
3670853,392869,
3726440,276878,
460212,74340,
626443,91007,
832595,96640,
5385039,280850,
1239723,168768,
6431871,416347,
1169283,108217,
785196,96241,
2038420,153138,
856811,144714,
495537,82314,
2010745,181436,
7403930,453467,
494535,80546,
4575679,283822,
1471667,126898,
2777442,211437,
6928903,429025,
9814194,562331,
2014785,176356,
343588,71350,
4148876,291389,
454778,68269,
668966,103321,
361916,62493,
1695610,160285,
752892,97234,
6944368,405547,
2592665,211889,
4516476,286736,
7443479,465861,
2286742,200332,
1498861,112519,
12850055,418054,
594867,94108,
2348164,189870,
2295687,174107,
3696019,269641,
2631616,233824,
2140969,251481,
888773,142191,
900809,119790,
858134,110080,
1204674,195385,
1072565,202211,
749968,95045,
1974723,391481,
608683,82522,
541800,75042,
201115,51313,
659307,84722,
899653,86668,
1588348,138413,
638369,84837,
1691507,97843,
534778,71650,
467514,88530,
767659,112696,
2193092,141396,
2063504,212412,
499500,62570,
623986,51837,
539796,44181,
672888,64244,
858020,65685,
191549,45772,
1229730,109323,
2001238,159331,
773441,72335,
1224793,115424,
597793,79557,
297434,58206,
161226,44934,
736042,126221,
647318,113246,
735979,83627,
2034725,203303,
2342695,174647,
496548,71587,
468934,82749,
246966,53343,
869254,82173,
3323697,246781,
653091,81556,
1074632,128982,
816417,73890,
575733,61322,
516694,57773,
5763372,432010,
603431,77873,
253545,51769,
735058,87693,
516105,80973,
616602,61082,
3682839,162139,
603579,82906,
535028,60965,
1453870,119563,
402175,65034,
557636,72128,
809314,96018,
579623,79074,
667829,75493,
3233672,250792,
503552,67982,
1866953,159898,
457960,80423,
426803,81244,
458469,74881,
1436476,131048,
330392,72680,
206938,53463,
190217,53539,
197433,52830,
565322,72396,
553703,70802,
1897226,201849,
451695,116625,
4114567,395786,
2230529,178022,
661326,147929,
654310,125107,
668393,126593,
4825839,480151,
337232,97352,
400598,73287,
2276262,129326,
3041742,249524,
737787,77233,
295625,92815,
481176,134339,
589336,153219,
348878,109253,
2232773,268182,
349075,78258,
371295,74818,
1144267,112131,
197800,61520,
131694,55796,
123979,55833,
124508,52523,
399791,49023,
388342,52979,
620845,64686,
1651189,80175,
2690390,331159,
4060063,389557,
2552987,332489,
483943,158623,
3990374,471312,
494747,100852,
2086241,315503,
3215454,402461,
1640267,273481,
2337941,323777,
2866405,406006,
2308322,246503,
5868925,705224,
296837,76775,
1894205,163180,
275092,92477,
380650,84155,
1882473,160746,
802175,132622,
322106,80336,
1394509,134305,
373973,131973,
340178,78167,
1143588,109052,
257451,72496,
1496801,135748,
1304363,208544,
552528,97797,
3633679,295054,
625420,154118,
702321,105415,
408413,84474,
1657529,150397,
711138,111477,
445931,93087,
2142702,180656,
345074,117416,
967198,174955,
716478,192008,
4090794,354387,
521727,154126,
663550,106406,
588917,105018,
7547922,552514,
1834878,169593,
2648329,218588,
786722,113602,
602447,115022,
8272749,494696,
299888,76920,
232330,80452,
535345,86817,
217010,43014,
168800,36909,
229389,42781,
325243,67285,
259906,71652,
344826,77392,
418516,124853,
2180357,190239,
203106,63329,
1631722,141879,
442818,106571,
828101,135252,
1176950,195063,
424968,117851,
569970,141462,
259611,71465,
182239,66239,
738873,130203,
1450344,181021,
313574,96527,
751043,126892,
863247,135335,
226344,76239,
1207513,189083,
292305,76144,
463433,65420,
358685,50061,
557173,82104,
463452,58935,
646159,71777,
892776,76445,
4236129,280090,
1007363,213523,
411824,122193,
660474,132986,
672686,151428,
275530,98091,
2562753,128727,
427366,130844,
857594,171558,
334804,111975,
1514684,167810,
465512,130892,
6659738,510986,
1368002,239689,
292833,106913,
2423630,250492,
807288,147779,
2377316,215604,
548171,179316,
1526062,209421,
1250799,262237,
31014432,1597605,
1311036,172241,
609328,110333,
549965,116808,
1002414,220624,
2111714,192485,
736392,117541,
1427991,233081,
1930093,172347,
1370484,173966,
2047018,183846,
828755,162989,
605143,134916,
597730,146512,
524177,133066,
611636,151296,
507086,123850,
648292,154626,
349487,103372,
517264,87773,
3008639,260896,
503102,114869,
692679,144423,
814208,230917,
545061,194061,
2855024,262268,
805384,158130,
782469,200157,
4492820,374499,
761978,158651,
1352977,250889,
913466,279421,
931703,201148,
3348620,306333,
660854,125243,
818192,167304,
1437233,191074,
1443563,294605,
4248570,393879,
1364845,270321,
4549460,474982,
2282431,208747,
721848,156501,
2105325,314901,
1155725,198186,
2441332,320793,
998711,238189,
1273691,196831,
759136,215920,
1215821,166110,
476973,134601,
976243,244636,
1014452,139908,
562932,170944,
790426,237197,
718123,225397,
353770,154238,
391367,153750,
6950303,610961,
805527,200656,
569536,162854,
1724673,223859,
6773308,354421,
1920615,247237,
1143661,200151,
1410927,191858,
463598,137051,
1782113,276278,
2083973,343210,
1826374,214316,
586071,151594,
2327782,432355,
10728914,328850,
1785268,340646,
16929881,524765,
1436429,135531,
3117037,221273,
1258366,97279,
1221041,127395,
2103759,151646,
1186652,209159,
571422,146052,
2245086,388550,
2033836,266886,
1421783,212581,
2411492,444027,
2497230,467356,
1067083,211850,
3817420,442067,
2735232,311854,
948246,192434,
784008,154808,
813510,183599,
1236352,218372,
728188,185201,
1210858,245530,
1932814,303739,
706717,196944,
2455012,414038,
3331521,486029,
2370328,477383,
1055122,296808,
1701993,289081,
1790535,245365,
3166474,387744,
750473,222800,
14778434,640041,
18582846,709675,
1475237,225734,
2018230,269858,
1983669,301056,
998545,241630,
10723828,669020,
2853142,387737,
428450,148821,
525316,169015,
509147,132215,
326364,114098,
597021,146532,
1672154,361070,
1498668,348168,
633248,150555,
1007244,169229,
1618924,341465,
1042713,207381,
661652,127958,
444800,108336,
1312300,334091,
850102,176521,
880891,218086,
349787,89233,
1350198,205174,
729589,194513,
1105226,257544,
2627614,336803,
461271,133372,
853762,145293,
2032708,399976,
370899,147191,
828485,257451,
385591,114911,
414560,101891,
291060,130396,
508031,138235,
1032249,162147,
10248540,377075,
401945,115042,
1602887,195426,
373174,87720,
258561,78569,
1104070,173535,
315590,6509,
250271,4892,
359399,7022,
458765,12262,
368278,9387,
411387,7095,
480669,7224,
452495,7508,
448010,6712,
476456,7734,
539479,8589,
407992,7068,
448024,7938,
843049,11218,
733921,10496,
277304,6576,
632351,9007,
1144903,18767,
751550,10633,
774020,10264,
676515,8410,
1129870,13097,
556055,8661,
728075,37758,
224126,4275,
412660,6338,
647911,8258,
690336,9371,
655820,10161,
573565,12393,
635251,10572,
668538,11999,
891980,10213,
1887053,18201,
680278,12971,
1428041,15791,
655062,11165,
1162447,16204,
212147,6435,
725726,12094,
1116466,50703,
408086,11792,
718554,31524,
433897,15577,
151290,4304,
179818,4003,
622979,11114,
409474,8579,
677065,10296,
373372,7076,
1216850,22249,
256089,5259,
451438,7788,
536829,8302,
524895,9648,
1610097,13383,
382061,7364,
245259,6316,
434623,6899,
190195,3932,
329575,6601,
646987,9890,
822739,12755,
716780,10944,
1623461,19343,
231610,5232,
100794,2244,
1521318,15079,
633576,8502,
1286493,23341,
979510,17792,
697630,14871,
417233,9003,
1037151,16916,
439543,9135,
687892,10043,
677154,10981,
1500575,22730,
2001367,21211,
714954,11755,
1286123,13989,
570790,9277,
615860,9506,
911445,11133,
594132,9666,
849679,11805,
1238781,13076,
745119,13999,
1837721,19248,
149934,3290,
1648712,17500,
1259214,14579,
632539,10630,
1112210,14103,
877361,11135,
760175,23259,
912764,13305,
477974,9711,
2036355,45959,
1711667,21553,
261649,5605,
714794,11977,
1023078,16794,
1385073,19101,
1373096,17112,
594681,8888,
1128686,20225,
1049004,15893,
858319,15816,
1329820,16103,
566755,12245,
3094783,31614,
1288417,18101,
1166273,18103,
1078831,14134,
222276,4747,
961513,13274,
886445,15818,
1460518,16766,
502882,9044,
2583061,36496,
3019961,26742,
2607036,31428,
982111,16212,
279749,7793,
1696853,21786,
1952210,19306,
2580455,32747,
893525,8444,
986458,12010,
1707806,18176,
1337016,21066,
379562,9548,
396626,6371,
528798,9059,
1166666,24796,
2750441,33086,
880169,11869,
1325138,15062,
691294,9072,
2446225,20648,
2254178,21701,
428427,9447,
3267814,30982,
379776,7573,
2886026,24913,
919590,13727,
2142999,24139,
816599,12700,
634342,8698,
450599,7834,
3263204,31624,
765569,29950,
3137841,32449,
3078156,30798,
1734802,17167,
1241566,15509,
618343,9681,
1140619,12993,
587061,8831,
3296167,67493,
449348,12290,
1519246,15385,
532300,7641,
2337273,25637,
387174,8246,
920170,15391,
1085941,14521,
389907,5956,
70644,2119,
1172144,15643,
1234275,13008,
1258544,19088,
1580157,16520,
2032326,17512,
1763271,17422,
1060598,12662,
662986,10047,
594807,8144,
420018,6590,
799423,11264,
1114127,16754,
1354229,15693,
180652,3725,
1349194,12857,
1788926,23301,
210457,3897,
1254405,19182,
424273,9735,
2000438,26420,
370484,8891,
962396,11591,
970639,14574,
2885120,37415,
426220,7885,
1669202,19368,
668329,10371,
2857655,22786,
488460,6361,
1096271,12013,
1790324,16166,
284536,4528,
679504,10399,
176685,2945,
506206,9134,
376809,6715,
1114798,20347,
831810,12847,
1357136,13295,
784385,12952,
548692,10293,
537852,10124,
919876,13387,
740588,27125,
811913,9537,
2833900,23860,
679772,12536,
536625,7987,
129970,3850,
458550,7972,
1305034,15206,
723653,9824,
1220126,17434,
527725,8532,
3983851,27923,
832126,26158,
1206895,15341,
541938,8920,
675096,8029,
312605,7497,
520586,8889,
1167763,14200,
1289616,14103,
2073361,18516,
395267,9877,
709349,8635,
612940,7834,
687580,8636,
541694,9673,
429661,8755,
711238,11314,
647160,7678,
244267,11721,
3267493,35766,
1263212,14206,
722681,9147,
212122,6113,
574739,7288,
810197,9668,
138941,4226,
783193,9813,
959757,9433,
497553,6685,
836782,10027,
328459,8331,
1369745,13456,
152245,3987,
333329,5375,
344673,8998,
1107278,27046,
594521,9514,
839534,13620,
79197,1961,
686635,8182,
580523,13808,
1911668,27706,
266344,5279,
388575,10504,
443309,18599,
812989,10492,
177921,3775,
260830,6576,
500961,7469,
446678,8794,
651106,10509,
294924,7354,
619346,10983,
2229131,15491,
1068248,14605,
386172,8454,
314377,4562,
1286689,16519,
539945,10301,
999107,15966,
761944,10692,
1319464,14795,
1019793,15917,
428925,8892,
231880,4793,
451850,7954,
814648,12702,
668047,11728,
719650,16662,
788111,14894,
212425,7208,
604308,12202,
311712,7116,
450872,7079,
652834,13464,
342371,7227,
411624,9303,
1104991,14384,
363413,8648,
638924,12268,
622117,12971,
349675,8381,
564538,11231,
296492,10228,
362425,11214,
134252,4908,
328675,9146,
344880,9520,
729629,24067,
289484,8989,
695000,16408,
1063616,16271,
288724,7561,
310752,8511,
968327,17481,
183165,5664,
1350668,19905,
439130,9215,
375351,10548,
274146,6923,
591775,10102,
381260,8999,
1038049,18919,
585349,10948,
555245,11596,
303729,7542,
856031,13984,
768239,14913,
1263387,22601,
369714,8697,
1143559,17723,
517561,10483,
1505911,21735,
999607,15240,
357337,11158,
468484,10770,
1801520,28205,
356898,12268,
806866,13003,
688709,12162,
1839046,20462,
1053507,16193,
984491,15211,
467290,9631,
703469,15781,
254145,8266,
392927,11943,
581979,12568,
287699,7478,
777467,12762,
714703,13202,
1310245,16404,
374459,8496,
731747,8890,
541140,13639,
445096,9261,
425802,10553,
374060,9919,
529262,7578,
417939,10183,
841186,15405,
1123991,17827,
563228,11330,
880265,19088,
1015094,15830,
555311,10655,
1044370,20023,
549957,14418,
676880,12488,
169905,5343,
359693,9923,
730769,18012,
545795,10104,
299908,8357,
860702,16799,
620050,20792,
1012552,17098,
454647,9498,
383192,7680,
132854,4472,
314892,5595,
207597,5971,
623960,13422,
592742,11240,
914780,26306,
760658,15587,
759419,14988,
2033045,33384,
876008,13825,
486085,12546,
1260189,30246,
690018,16531,
879615,14158,
790740,26404,
1808365,44334,
301647,11339,
648225,15465,
718737,20961,
1736698,47230,
2339071,72397,
1635867,31478,
482512,10766,
440099,10465,
809843,14959,
1121164,25239,
299751,9572,
582506,15338,
1056629,23144,
405648,13830,
669735,12730,
573205,12028,
305237,7606,
732996,21107,
218295,7091,
330799,8704,
691276,15582,
903982,15959,
951360,25608,
1222444,16065,
2698555,109731,
2788752,42973,
837195,19744,
862392,18568,
270956,8225,
382512,9533,
1961350,29013,
1052391,23509,
1787999,33124,
629769,12066,
603548,13609,
589761,11521,
799234,16017,
1181399,22162,
555437,11763,
376087,15741,
3117397,24712,
328713,9599,
449318,12007,
1390800,20470,
587950,12590,
1695076,25999,
550402,15910,
418389,20679,
480348,9687,
592712,14275,
2324350,35304,
2654528,105637,
81638,4337,
631005,12871,
1197439,20794,
1717280,28587,
242670,10566,
920579,16242,
2949867,49085,
579424,12853,
772114,13258,
604662,14285,
1103368,18789,
275174,8658,
4986964,53013,
2209050,35042,
606876,12611,
701730,16280,
1558948,21395,
1190882,19560,
1592803,23307,
575115,16080,
721637,17042,
345031,9572,
329714,10727,
1071289,18520,
899360,18562,
1589569,28094,
921712,19376,
880483,18131,
599443,15194,
1069237,34764,
629396,13787,
328637,9926,
611893,16502,
1493691,31961,
350884,10458,
288624,8285,
868525,18409,
1545168,23273,
1588596,26422,
1491205,26872,
1439688,26386,
1179916,19332,
864307,15125,
81143,4140,
445633,14499,
784268,37309,
885145,19656,
196622,8870,
65,9,
287,15,
2037,23,
2490,35,
11838,219,
473,19,
120214,1718,
1038,18,
862,12,
22678,445,
4065,33,
2312,35,
1587,51,
758,11,
302620,4048,
845,18,
627,21,
4412,44,
512930,4173,
6881,59,
3740,60,
305444,4030,
5726,56,
4335,30,
1284,22,
98065,1461,
2747,39,
5252,38,
92125,746,
107605,1312,
96765,1645,
1919,42,
3168,35,
3081,32,
11296,83,
12321,51,
210183,3018,
90491,1260,
142312,1800,
64229,337,
760,11,
791,16,
88542,275,
4351,57,
254072,678,
3664,37,
1325,15,
1482,16,
146018,1966,
10310,89,
849,20,
1977,27,
1485,23,
39315,423,
4264,25,
2173,24,
1395,28,
1391,33,
1927,44,
1173,31,
3375,56,
44894,639,
3546,47,
4766,74,
1958,22,
2277,43,
1153,10,
762,13,
3311,33,
48128,125,
207144,2870,
3643,37,
1177,19,
3095,28,
4948,90,
1888,30,
10467,162,
365,10,
19082,372,
356,15,
413,13,
2013,72,
298043,3832,
2173,20,
2165,29,
2928,25,
2262,27,
367332,3684,
88388,1344,
125996,1457,
168486,324,
1303,26,
4788,51,
1784,32,
1616,28,
1108,23,
3481,53,
3759,35,
500,17,
3577,37,
3775,45,
418,18,
12540,139,
2229,45,
488,12,
2244,44,
1009,34,
272468,2075,
4020,64,
3097,81,
364,16,
2531,34,
1587,31,
354,17,
647,14,
1744,22,
3136,47,
164,8,
669,21,
973,26,
3483,70,
713,18,
2305,22,
403,13,
963,23,
1863,35,
295575,4753,
1532,22,
3342,55,
2602,56,
501,13,
697,23,
1373,30,
1230,21,
2744,56,
1186,27,
2226,36,
1372,24,
1088,32,
486,21,
380,17,
2850,44,
26114,234,
1532,26,
678,17,
324,10,
257,10,
45959,390,
506,23,
452,14,
1141,20,
819,29,
2490,21,
1205,37,
813,30,
832,18,
2490,39,
1354,26,
612,24,
3033,93,
2681,41,
825,15,
164,16,
3555,55,
228,15,
4913,116,
1145,29,
198,15,
235,12,
243,20,
2256,46,
1820,35,
1878,34,
2235,42,
963,15,
1245,29,
2191,53,
5544,49,
1550,36,
223,19,
1131,34,
6498,93,
403,29,
1098,29,
305,20,
1140,33,
986,22,
585,24,
2094,57,
354,17,
225,21,
501448,2591,
627,25,
281,20,
1847,47,
3145,66,
1198,38,
1819,36,
13726,171,
570,19,
1191,30,
2877,37,
321,19,
786,24,
5286,101,
2248,61,
551,26,
689,16,
3084,54,
2642,71,
485,17,
13352,244,
613,24,
6110,63,
14029,185,
26564,551,
1561,22,
2372,34,
1430,36,
3493,63,
581,21,
957,29,
390,19,
3993,61,
7835,67,
26020,83,
2180,67,
440,21,
1574,22,
401,18,
754,32,
1109,19,
12240,123,
602,24,
1263,35,
2135,39,
1238,36,
786,25,
13774,136,
501,26,
1296,34,
436,27,
342,19,
1055,25,
3166,31,
464,25,
3058,52,
1356,35,
1531,47,
1518,26,
2467,87,
341,15,
322,13,
3906,69,
1601,40,
4278,37,
357,18,
797,14,
2896,47,
1505,21,
11781,91,
1280,30,
2120,46,
345,22,
1084,44,
2333,42,
7580,69,
543,22,
383,20,
3144,59,
301,20,
468,16,
1247,26,
3478,84,
2236,36,
4483,170,
3876,58,
2737,57,
1606,42,
4391,50,
2400,40,
2327,51,
2300,59,
15874,68,
483,23,
2357,48,
31716,543,
3180,66,
2155,52,
906,33,
3751,57,
1159,38,
765,26,
1523,64,
2562,56,
2522,31,
4032,94,
1832,23,
1672,34,
3712,78,
2654,115,
2078,53,
14861,312,
3801,75,
7889,229,
1953,56,
1434,37,
300150,1122,
777,33,
2365,57,
888,27,
14420,301,
2025,56,
2881,40,
2171785,23690,
3192,45,
1875,56,
2107,36,
1829,39,
3230,73,
1993,38,
1430,38,
10498,187,
9754,91,
2653,76,
4141,81,
1217,42,
3366,37,
459,17,
1492,38,
824,38,
1010,30,
612,30,
2200,47,
717,6,
468,24,
10100,97,
1111,27,
1317,36,
1682,46,
128534,1179,
2804,50,
1843,42,
1921,52,
1266,35,
751,18,
3895,75,
11697,61,
874,23,
1562,31,
2304,37,
699,29,
46624,321,
18972,108,
852,15,
508,32,
1373,25,
1439,40,
963,13,
581,30,
2307,46,
372,13,
957,25,
773,25,
831,38,
956,31,
1458,46,
341,19,
2876,42,
99675,2048,
2236,35,
806,12,
350,22,
413,15,
598,12,
433,25,
473,21,
560,17,
2682,63,
753,30,
2115,47,
590,30,
23198,274,
4436,84,
748,29,
2074,31,
1447,39,
1024,26,
200352,1128,
1019,32,
2101,38,
972,33,
2107,29,
701,17,
302271,2543,
430,22,
322,12,
1438,44,
748,21,
340,22,
1791,36,
569,21,
1164,30,
2123,38,
411,25,
1407,39,
1943,48,
3238,41,
932,31,
11906,50,
921,21,
1912,30,
1273,26,
808,22,
893,40,
2432,44,
3640,39,
493,22,
152371,1035,
7576,91,
44602,275,
315685,1894,
3531,32,
242966,1455,
94628,217,
7307,88,
5625,57,
1318,30,
978,25,
183875,1565,
86770,594,
2977,23,
6119,61,
999,29,
252224,1892,
120768,714,
626,29,
1103,32,
1262,21,
7332,94,
323,24,
969,28,
560,26,
831,20,
15441,172,
2726,44,
915,22,
1327,40,
747,10,
901,19,
3378,41,
2250,30,
1508,39,
1304,34,
491,16,
83275,577,
486,21,
594,22,
1494,33,
1331,33,
834,23,
22544,241,
399,18,
938,30,
68568,449,
618,21,
4424,87,
1850,40,
1099,23,
385,17,
12547,146,
1143,27,
3708,68,
635,25,
9297,58,
2689,56,
1445,32,
10177,116,
846,25,
1724,51,
16815,150,
476,19,
636,21,
758,8,
1006,24,
1363,45,
1797,36,
593,14,
453,17,
1376,31,
1191,37,
1618,31,
972,16,
5936,118,
1073,28,
325853,3202,
773,20,
3081,49,
1116292,4436,
297,41,
1475,219,
1206,127,
10313,1188,
9479,494,
76053,2575,
68066,2857,
9517,403,
10646,321,
75931,2021,
169540,8737,
14024,899,
10202,284,
21547,773,
28476,1813,
6984,190,
11571,366,
23041,1058,
31539,3973,
27649,1467,
294951,39027,
40147,1624,
755404,42794,
109353,6129,
28617,1287,
13993,329,
18605,419,
23872,486,
356962,3288,
27176,1491,
2557373,4022,
72375,2573,
40252,1072,
33244,604,
38691,2955,
2064413,13502,
156096,2673,
36012,668,
38866,1540,
357616,1681,
27625,1002,
350159,7028,
48771,4260,
20873,494,
38684,1153,
43222,781,
4320,345,
36283092,1068,
107610,1964,
6852,372,
23730,477,
36712,2049,
820159,44190,
41922,2310,
30129,1389,
19858,418,
16681,769,
573739,1483,
29045,3296,
31656,1350,
36038,658,
26952,635,
57658,628,
19749,689,
28371,572,
13768,619,
692400,38003,
70428,4347,
30827,1482,
969848,30494,
235154,14620,
55840,2988,
23063,885,
26588,684,
103919,3173,
30215,514,
99484,7934,
15568,914,
18770,525,
9124,599,
1254260,25516,
32185,797,
43388,1470,
17006,573,
32093,1710,
19513,1130,
18430,565,
32024,1104,
100517,3390,
33450770,1650,
27501,1334,
16254,526,
4348420,9067,
105261,2304,
59189,1207,
1304050,5475,
21565,437,
15282,532,
2294613,20067,
2381663,8699,
20526,1155,
3051958,13912,
32214,1168,
971976,733,
30725,424,
387649,1611,
30838,789,
18783,533,
24071,1076,
38753,1742,
136029,3789,
60283,5343,
35011,1170,
22868,1016,
32461,2384,
14669,712,
19010,447,
34023,1297,
1296747,6437,
823424,358,
47060,1462,
12462,512,
984096,3242,
28359,657,
1216483,5890,
50347,2966,
12405,632,
26648,469,
2713524,787,
4650,320,
75616,4203,
2828556,10667,
1234517,6831,
1226178,7875,
31181,925,
6340,304,
32785,487,
42880,826,
48851,1900,
527079,33980,
64167,4005,
53823,4785,
353931,19300,
404369,10675,
36383,1179,
14228,927,
67055,4682,
27481,783,
132780,7656,
247576,9200,
11546,660,
27554,691,
41565,2157,
40589,1339,
56652,4209,
22802,1184,
28117,724,
36941,1031,
71100,4707,
367927,18785,
154424,7685,
678280,34660,
152927,7617,
32497,713,
111772,3228,
41442,712,
23121,926,
35875,1067,
54156,4091,
2490,149,
176794,3363,
99823,2241,
94473,8468,
78672,4762,
239808,11700,
141353,8668,
63311,5769,
49898,3064,
778996,12446,
38100,1228,
79606,6848,
93232,7836,
102155,5576,
99780,8502,
586830,19711,
366155,15814,
54811,4643,
43869,2809,
1039660,5323,
56312,2476,
62810,4429,
120244,11655,
43434,2769,
140678,7007,
1562441,50397,
57211,4334,
1406169,3121,
192188,13959,
36130,2611,
155113,5864,
330662,12629,
1249409,13081,
324311,14039,
29825,617,
390194,14482,
64957,4202,
44296,571,
270323,8956,
158267,7931,
221804,8703,
62575,3544,
97295,4067,
616833,23602,
141225,6499,
43165,1275,
577207,16361,
161827,13208,
92422,4710,
44540,1039,
51284,3364,
84577,4725,
120113,9439,
38234,1643,
405577,14942,
654448,33837,
61994,2399,
28099,1113,
546821,11060,
29415,695,
32464,556,
43445,2978,
21860,457,
301191,11283,
60686,3028,
53695,3099,
2332613,2558,
1510803,5375,
48332,1581,
40655,1344,
668808,2869,
33987,522,
350536,8212,
310896,5343,
1410077,26785,
200041,4269,
341843,34408,
47247,590,
19503,422,
65749,4266,
19881,511,
38088,805,
72144,828,
16286,443,
19069,414,
92250,2293,
1568171,15694,
16645,734,
94388,9803,
42048,1165,
6819,389,
56441,2255,
94535,2032,
3780551,7151,
5327653,50002,
378145,11625,
83678,3052,
2073374,92976,
17155,345,
73563,5711,
623586,3160,
24773,1671,
6078753,19578,
136480,7330,
10957493,10732,
289095,382,
11520,320,
118040,4974,
11016,304,
412430,2397,
20373,893,
30949,689,
27449,1191,
2646470,231,
274657,687,
3542768,6656,
27383,1772,
30470,1118,
11336,227,
130909,2316,
4336,237,
100790,1927,
37229,2018,
445483,20772,
43726,1169,
425673,14734,
8865,631,
50957,1744,
12769,423,
761774,25926,
805214,3784,
58419,1595,
458776,1573,
41828,1906,
66267,3934,
23690,725,
17391,510,
1522799,36520,
25171,596,
67772,2983,
73324,6673,
86581,4878,
2762318,3835,
847361,39840,
187698,3919,
1146643,35352,
691911,2096,
291411,21735,
6586,360,
400653,5971,
29899,1044,
373472,32139,
28534,410,
164022,6512,
27754,164,
720107,3856,
126932,2969,
55947,4476,
164016,9463,
776061,3055,
72556,3512,
93196,7756,
7181608,1546,
1597482,54830,
1600342,3517,
17122,1436,
72392,4607,
77377,3573,
1451441,5144,
64617,5758,
25965,872,
63359,701,
109162,1770,
1006709,41670,
60439,2540,
80899,7836,
277763,10657,
290052,6601,
141994,4748,
233120,7874,
194379,10746,
36085,471,
1820830,36058,
258787,19475,
69910,4556,
45872,2962,
78262,1718,
55099,716,
90004,5100,
75521,3655,
196380,7910,
518029,22383,
98449,5485,
281615,18413,
4525582,16221,
250434,16597,
17336,1082,
103616,7475,
45113,1607,
32718,2655,
202341,12832,
39828,2259,
321264,13882,
40963,1816,
139760,6572,
646824,3093,
187604,10224,
8076,399,
470782,1801,
37044,3133,
39674,937,
67040,2776,
2662620,34301,
43978,2344,
87918,5078,
104558,1119,
231654,14945,
764999,37622,
41151,2983,
635946,3152,
933515,9047,
73259,3645,
19797,566,
1068535,3788,
326863,12059,
33094,747,
123117,1799,
40385,1106,
2185053,17185,
19478,361,
40737,1219,
1546346,9758,
419498,5685,
39726,1758,
35158,2026,
26758,203,
24625,573,
410899,11979,
166100,9751,
44083,4382,
4994,331,
76992,1032,
28199,566,
6788798,19818,
2915578,23130,
33741,477,
50209,1591,
99196,5822,
103895,1560,
7739,278,
40500,1196,
13208,269,
298812,924,
39663,1021,
4816687,26410,
181195,11384,
1075885,4951,
52098,841,
20661,459,
13145,711,
48928,4010,
22496,675,
50340,2185,
835903,3334,
24597,802,
22968,1286,
24319,767,
384806,21056,
122587,4844,
54968,1648,
30118,877,
4951,297,
257176,5136,
95047,2489,
28255,1220,
51431,521,
41502,1080,
50342,2345,
10210,377,
22809,661,
35419,1341,
14748,489,
1220828,72524,
1352122,4239,
6724,477,
278315,16098,
696109,40948,
53305,1178,
71254,1717,
884418,3678,
12238,816,
37014,713,
12131,484,
16766,771,
24958,741,
160122,2987,
242213,15759,
17380,911,
17362,707,
2260190,4087,
145721,3692,
29523,743,
24851,537,
24300,311,
41643,1814,
35416,1356,
1698980,8373,
171183,6351,
30377,653,
19743,537,
52087,1206,
189864,4453,
18572,302,
39327,2107,
31844,1148,
20442,1020,
5258386,153455,
19441,732,
141934,755,
30796,777,
2654550,7778,
28230,514,
28753,1535,
19397,417,
251628,1442,
109783,2154,
32208,1468,
80821,1548,
169832,7752,
5993,392,
13667,4013,
146005,18143,
84699,12455,
96784,10459,
321198,23264,
163186,15838,
131797,13019,
132995,13175,
150929,13480,
411509,32305,
176236,16529,
126615,12482,
219179,15952,
440928,29685,
159208,13318,
105115,13237,
182299,14341,
115139,13313,
87269,10068,
103816,11903,
107862,10806,
93994,10313,
203542,19925,
155345,13762,
274976,20243,
125177,11735,
154885,14734,
218885,18839,
157502,14493,
64110,6952,
64259,5757,
82675,6773,
136234,10601,
371718,42877,
197041,18495,
115655,12818,
152390,13720,
158342,13292,
112923,12417,
271045,27190,
116990,11995,
148058,13551,
148423,14824,
198295,15457,
159259,16241,
42413,8293,
65518,4988,
209512,17798,
66996,6646,
146806,15254,
145473,15023,
123199,8836,
171973,14708,
120422,16519,
216916,17598,
109355,11548,
106997,8283,
125859,14412,
182405,16204,
200893,17264,
208723,18520,
122002,14623,
113238,13322,
161426,15807,
124142,13652,
179801,18614,
192041,17506,
171678,16910,
128332,10760,
205997,17635,
93558,7125,
204869,16754,
264330,17714,
250935,19154,
701021,49108,
134484,14651,
161538,15162,
111657,12888,
152476,15577,
140902,15277,
60422,10223,
327373,20617,
189317,15076,
98933,12179,
126552,14618,
180549,16943,
137456,15006,
167643,15780,
133744,13833,
140706,15206,
144903,14938,
231679,17514,
64040,6163,
150875,16831,
175844,15072,
143437,16223,
123730,13473,
585626,35041,
164071,15009,
176829,17367,
35607,4032,
168536,15483,
222053,19768,
215473,21339,
95574,6805,
191754,19358,
219654,16259,
158095,19752,
65968,12607,
291141,36998,
139457,9350,
89662,12658,
110827,12987,
151902,14034,
106845,12690,
348662,22551,
182527,17706,
94568,12312,
242768,19291,
144333,15127,
125274,9734,
161816,13900,
153165,14143,
225651,20564,
118623,13988,
80269,13500,
158045,15529,
131639,15055,
108264,18479,
121508,13651,
194467,19294,
140756,15351,
129837,15421,
180405,16979,
143448,14435,
148165,19063,
233042,18148,
122360,9390,
178477,17887,
174516,17426,
114465,14576,
261935,20663,
193226,18390,
124278,10239,
256824,20968,
235973,19594,
194810,16328,
200306,19404,
73567,7632,
169326,14689,
112512,16015,
261678,23559,
135859,15687,
139885,13655,
149075,13327,
120624,15312,
104485,7578,
81967,10063,
251246,18934,
248322,18760,
129640,12022,
197197,17830,
98354,11252,
155031,16928,
346809,24407,
199845,14705,
157500,16936,
289627,20138,
380191,29788,
265862,21385,
245560,21564,
248403,19224,
123290,14731,
309287,28452,
197189,22951,
118029,20672,
204958,20273,
159919,17010,
302980,25774,
169007,18524,
244803,20282,
90167,9108,
137618,15876,
121938,14529,
138562,10928,
504218,25878,
211827,19818,
113303,15971,
142368,16165,
383547,24962,
226626,17731,
209256,23125,
164740,19999,
110364,12486,
338373,22621,
144404,16767,
88433,9382,
1002974,44560,
52754,8329,
119746,15638,
240492,37271,
50273,5271,
230555,22734,
283406,22185,
167423,17622,
147876,16648,
289766,23368,
91169,10707,
174722,19716,
128647,16886,
126376,17530,
380592,30807,
278319,21951,
211207,19853,
261734,21339,
281793,33343,
199091,19648,
133926,17750,
378706,26333,
580124,34015,
121028,17427,
181330,20837,
355824,24774,
102708,14277,
191422,22911,
293261,27846,
135888,19432,
84176,7279,
342740,29232,
63011,8135,
109093,19688,
182360,30078,
289794,22292,
260510,23431,
187881,18594,
403339,27342,
192551,20162,
191951,19871,
186205,18299,
221503,22923,
58612,6552,
118938,15685,
225310,23838,
181543,23437,
176612,14682,
220320,24819,
148451,16317,
139575,16079,
67885,6544,
508239,25609,
241795,19233,
220500,23820,
191229,22057,
142592,17224,
127618,14537,
1195668,70826,
368745,30603,
231329,17370,
224531,24790,
233945,16551,
114228,14129,
236243,25675,
188843,18803,
150807,19004,
115188,15713,
197896,23024,
469368,39044,
151483,18463,
128831,15805,
257819,17732,
235706,23203,
493398,24490,
161453,19295,
273539,24011,
178678,17513,
108183,13345,
211911,19709,
170726,20996,
224903,22360,
222126,23574,
184255,19869,
167123,20444,
304206,27532,
227814,21862,
657576,48446,
143280,17938,
237685,21177,
279367,27473,
334076,24321,
810716,49084,
264901,26289,
159256,19441,
266569,27848,
125610,10516,
48098,6392,
246098,29296,
100233,13558,
186394,21253,
139995,17961,
306117,23965,
197688,23991,
231574,20719,
163414,19773,
168552,20430,
218854,23688,
176573,20507,
268568,23638,
137539,14536,
215947,21734,
210520,21090,
305240,25319,
498990,36971,
194016,10416,
176271,22260,
121091,9279,
192368,22100,
322973,18292,
71872,6064,
247615,21776,
322641,24667,
480942,29449,
539171,33617,
231557,25994,
206864,22818,
116808,10265,
100592,10049,
171155,20001,
199380,19716,
222042,18718,
234249,16344,
277430,27561,
170014,10059,
163928,21050,
298484,23471,
210896,20898,
157639,24170,
330897,36338,
253431,28868,
188892,22083,
547807,41398,
295779,30768,
102018,10294,
187211,17995,
216602,20983,
127066,10216,
262450,19983,
66887,9975,
436806,21143,
146968,21628,
210955,21702,
229875,19406,
330713,28789,
91332,15988,
147191,19299,
91489,7568,
203257,23221,
238390,25043,
96159,9076,
193497,18138,
241924,23900,
252384,30223,
520575,33986,
262046,27765,
384599,38107,
343980,20971,
1572912,58520,
457866,20688,
434709,24913,
262434,22572,
272178,16679,
268739,16700,
230172,15297,
250701,15739,
194310,13682,
284640,18056,
615753,32565,
81096,8525,
330802,21036,
217093,24169,
378134,20845,
162994,19655,
112551,7992,
165565,12458,
262438,23899,
554384,26946,
162619,11084,
363925,22760,
248516,19786,
294965,21031,
544470,35840,
713829,40338,
82577,12722,
190775,18403,
345277,26275,
453283,35751,
446257,30280,
869774,45585,
149990,13184,
154425,9046,
210458,23436,
157210,19364,
219227,29230,
167734,18038,
268677,28121,
271198,22060,
326541,20096,
250521,26876,
266213,26865,
175037,12679,
138801,11085,
518499,40258,
96498,12788,
453038,35089,
177135,20798,
200253,21440,
198466,20419,
72475,7460,
229623,28206,
286194,20915,
162779,22087,
108016,7168,
315330,28118,
221643,23383,
387147,21197,
290664,20161,
283900,32172,
594302,31655,
170003,21521,
276711,28663,
234227,26932,
567842,29913,
339468,30188,
319898,24076,
156623,17862,
180502,18441,
223972,25819,
153884,19353,
204955,22218,
178333,18828,
264254,23654,
275609,24723,
175275,20523,
226969,22791,
185746,15307,
227104,14809,
86369,8123,
114089,11263,
152239,16005,
176206,18565,
165318,14361,
109759,11093,
177125,21068,
125210,12907,
455252,33834,
250278,29006,
158320,21071,
203498,35183,
306585,30656,
199500,17212,
549011,30108,
323306,31907,
207371,23417,
288825,16683,
246393,21031,
185115,13816,
211432,24346,
208519,22047,
476849,31404,
174513,12409,
189368,18965,
176127,24049,
161853,25158,
260780,22946,
219097,14996,
183070,17193,
189137,21918,
305756,28499,
153775,19278,
774419,51226,
822269,46454,
692252,45123,
691813,45350,
695188,47303,
777918,54069,
925663,54030,
956095,56675,
1008636,60301,
1103785,66867,
2185391,101667,
246025,21642,
263831,29503,
182993,21312,
243265,27110,
683991,38727,
160752,11383,
432778,43046,
489498,16945,
205747,23515,
175396,22296,
2124,82,
11593,317,
5833,224,
12701,274,
32601,1111,
19610,250,
137619,1504,
110213,825,
315731,2757,
9869,182,
14376,250,
720442,7060,
29575,317,
56888,624,
25625,391,
21925,285,
34477,471,
83727,1180,
91133,1034,
316386,2476,
145691,1487,
563306,5308,
306905,2902,
163882,1309,
2349739,21046,
63598,832,
37062,379,
136897,1204,
190801,1708,
86585,744,
1178544,9772,
350550,3549,
2210277,22674,
421445,3193,
4039246,29981,
801246,7852,
382648,3079,
6539,59,
2098,24,
103174,901,
996,8,
5075,75,
8195,81,
2279,17,
17296,118,
1803,25,
5179,54,
10920,152,
31978,179,
15177,79,
309325,1778,
11863,62,
18878,117,
248836,1654,
112874,450,
47135,356,
97803,519,
129898,728,
38443,204,
22351,226,
46383,297,
12751,79,
132780,605,
20132,134,
17740,142,
24268,131,
3602792,27859,
23477,148,
7566,64,
137636,907,
14451,119,
6516,62,
80042,523,
92556,675,
9009,78,
12302,99,
14834,160,
67740,530,
410570,2618,
539002,4244,
133724,865,
287509,1939,
268028,2352,
2146494,14129,
391868,2522,
225876,1584,
451299,3149,
115677,824,
119768,784,
195176,1639,
714205,4982,
164878,1386,
717,7,
422,7,
1691,16,
106376,891,
168947,1301,
69525,421,
50256,243,
26355,116,
107626,542,
21528,130,
152598,865,
77525,390,
35545,234,
102214,798,
125578,631,
96825,786,
13544,74,
11750,71,
19624,117,
177283,1365,
104573,595,
51859,400,
189637,1383,
142270,1061,
105517,772,
105696,861,
1065478,5288,
221662,1190,
83427,511,
470346,3952,
82393,578,
268391,2139,
78552,536,
323767,2124,
104754,745,
2309624,18188,
13074,73,
76185,371,
129012,807,
27040,182,
120465,898,
152669,1113,
97868,684,
142952,1034,
46505,268,
14184,99,
68906,455,
65286,258,
79541,521,
1031279,5975,
101509,566,
334246,3115,
84046,525,
88355,634,
625049,3045,
3048476,14605,
98392,452,
169926,1271,
77930,545,
283808,1540,
783850,4973,
77339,647,
1273659,6748,
459578,3041,
208154,1240,
155972,1007,
550156,3502,
81230,480,
108519,686,
103869,666,
185841,1185,
106884,708,
47617,344,
220061,1444,
458930,2561,
23824,149,
80218,550,
26369,177,
763915,4355,
12930,49,
799040,3503,
96674,667,
122210,899,
258616,1939,
183393,997,
2184555,12649,
144143,832,
1193454,6258,
40597,204,
184719,949,
561520,4299,
696114,4235,
307329,2174,
3740156,20395,
377055,2530,
1844341,8072,
339124,2370,
200577,1061,
480713,2937,
336393,2185,
3613220,20489,
2353304,13077,
1904897,10271,
744017,4380,
9402811,45587,
735971,4568,
65393,3234,
92842,4749,
18196,2960,
50341,3602,
385427,30535,
642678,45890,
624637,40127,
659043,46760,
153811,9516,
759706,56105,
2005713,100873,
395594,24248,
545016,79183,
45657,2606,
596919,44582,
561139,33693,
100405,5054,
41738,2228,
480266,27345,
565586,36837,
46083,2519,
922138,50402,
61837,3221,
773733,47574,
374366,27264,
199177,10123,
95103,4320,
864987,52326,
246501,17633,
604024,27625,
518294,33798,
768748,50689,
52260,2027,
107577,5064,
637187,42562,
201770,9372,
624721,28705,
141683,8512,
246635,17167,
126842,7176,
135076,7568,
220323,14449,
219081,10916,
1145698,75918,
42059,1837,
621853,39099,
35983,1700,
827430,38635,
46722,2157,
1723392,77684,
258864,15488,
155250,7821,
34173,1838,
856751,38976,
41850,2007,
997267,64750,
140050,7520,
194114,22875,
36234,1927,
1510601,109873,
129943,7657,
45726,2214,
121614,7081,
948184,59318,
30889,1417,
133144,6545,
74445,5281,
142713,6037,
141174,9314,
129431,6917,
573857,24142,
313673,18882,
116771,6963,
958096,53317,
395955,22597,
579688,38834,
746399,30856,
464530,25815,
37529,1988,
1823915,99971,
35596,1778,
1545295,68427,
109230,6914,
42892,1992,
177786,10769,
42604,2168,
31828,1679,
48023,2682,
43608,2045,
160867,8533,
409156,25019,
141276,7011,
251232,13709,
485503,28113,
167813,7533,
62833,7037,
115763,7318,
267430,11452,
169982,10086,
60190,3115,
465750,29486,
381064,16087,
68311,3177,
200931,8871,
209167,10939,
208048,8396,
755535,43191,
207084,8311,
1215772,79719,
212069,8355,
891992,58705,
1057566,64768,
46019,1820,
299156,13009,
49823,1841,
165027,8179,
48095,1940,
241425,10197,
180845,7577,
59022,2456,
915670,63136,
190510,8471,
84827,4269,
1412456,98951,
1036043,71936,
219730,9332,
273682,31278,
908561,53645,
213097,9200,
238801,16757,
125091,8613,
246318,10535,
210601,10661,
67715,3294,
554111,28101,
218088,9645,
731570,42607,
53069,2917,
479774,31261,
65112,3440,
944009,60596,
107427,5234,
263058,11664,
363611,21297,
146127,10596,
156322,6969,
203510,11650,
237185,9987,
345678,17632,
185083,8288,
1356605,65946,
202785,8955,
212422,10144,
58387,2077,
277052,12819,
50082,1848,
366300,20156,
40288,1609,
39489,1840,
510014,20598,
190749,8479,
300899,14556,
721191,40801,
307150,12754,
289870,13710,
815053,47662,
401894,39560,
299134,12673,
363858,36039,
356285,14590,
723446,45378,
441123,18587,
195621,23174,
342261,13574,
467655,21491,
381962,16330,
426133,41284,
534720,24408,
773889,36946,
1320025,59595,
339290,13390,
512875,44380,
310413,14044,
921724,61286,
446224,17814,
2526220,145797,
728886,42259,
409233,18210,
850941,47453,
470205,20055,
604951,49339,
585928,37767,
1115490,40547,
73247,3536,
607842,48233,
73192,3357,
522500,20847,
74796,3455,
1206151,65899,
77893,3718,
1297388,72662,
162311,5837,
800642,45170,
123866,5657,
705884,55528,
812390,49162,
398366,19236,
297232,12555,
1225803,79946,
248819,10990,
1970825,101655,
187672,8754,
1083838,59939,
195830,9093,
398377,21827,
763236,52507,
280128,9238,
283795,14738,
172517,8282,
912699,58469,
183469,8888,
1854817,120087,
347624,38945,
184512,8388,
246030,15785,
368817,20002,
251193,10764,
495077,38175,
420545,18890,
98309,4986,
413504,21198,
96873,4463,
1013487,66594,
96601,4625,
1586714,80443,
125277,5009,
126906,5538,
117923,5370,
333143,28138,
155542,6483,
529404,32566,
180784,7333,
221286,8695,
534323,35276,
360557,13160,
188428,9851,
1634205,84138,
1052240,41606,
1010146,43741,
808636,55331,
790301,50515,
382512,26339,
690757,48636,
343617,19500,
901785,56993,
208483,16340,
1580893,114540,
223197,9643,
344675,18305,
471209,21587,
443300,22183,
391137,17868,
703850,34566,
327981,14957,
576550,27390,
400545,17082,
671865,35579,
513863,20990,
1032439,56819,
185368,8373,
579204,24281,
753896,31598,
117396,5481,
1794809,72703,
134891,6251,
353080,41416,
137388,7096,
801677,45693,
3273164,158085,
566298,28905,
154021,8122,
674018,50108,
149120,6619,
139461,6225,
177833,7324,
2394560,123670,
197860,7888,
1438794,82580,
177774,7625,
183687,7912,
140133,6413,
40777,1926,
235118,9883,
169927,7588,
300478,12175,
38100,1792,
335738,12824,
479189,17045,
38580,1857,
1554899,60457,
46724,2110,
323772,16269,
53063,2536,
77944,3471,
844161,50404,
501111,22638,
792630,35181,
58177,3596,
61892,3216,
584462,26387,
82326,3780,
120939,4734,
412147,18829,
127757,6301,
543245,26292,
164428,5860,
279842,14292,
487680,20208,
350431,20003,
760674,47034,
224589,12078,
1588548,78567,
106374,4606,
505593,36871,
105255,5719,
1567789,98361,
154296,7373,
115965,5657,
123868,6539,
1107584,77114,
158538,7905,
45079,3439,
45424,2686,
469247,20675,
245881,12843,
53989,2947,
239748,10598,
591513,30992,
345846,16566,
67902,3442,
286715,17655,
123685,6456,
77203,5289,
75564,4754,
96018,5745,
565541,72298,
365392,20714,
171762,8811,
109498,4995,
188451,11940,
97364,4713,
280735,15802,
124759,5810,
173213,6768,
277704,15434,
883649,52210,
285044,14710,
152087,5808,
137015,6264,
780350,40736,
146921,6822,
672098,35740,
402001,17373,
147415,7069,
680703,33278,
1550809,92290,
140487,6046,
205742,8458,
1067520,71118,
554524,27926,
779283,56614,
1100806,79871,
254003,25244,
201135,9223,
426495,19040,
1513258,81279,
114167,5562,
197447,10113,
2001328,100711,
289875,15129,
796354,63780,
561904,24405,
317041,13861,
462775,27508,
659790,50319,
335841,39217,
519337,22748,
211754,12289,
122060,6357,
152410,6873,
1216280,62739,
124775,6243,
955010,86281,
1348388,93329,
458934,17168,
143599,6558,
440230,18013,
167019,7301,
143941,7329,
135708,7089,
506486,35771,
178871,8456,
148164,7976,
175855,8378,
222755,10289,
506111,35701,
241776,11464,
229991,10143,
342442,15059,
445683,18590,
1482065,60313,
491243,23782,
466323,25741,
1706214,95871,
1969323,108279,
154304,8428,
969916,56848,
614786,26274,
2716956,150503,
97206,5688,
1465696,82015,
118429,6009,
780504,43981,
131911,6589,
138120,7064,
160148,8196,
320091,16661,
174675,8610,
3173743,125153,
222822,9999,
483877,26839,
274958,12570,
360078,23074,
367694,16937,
1222831,61341,
344566,16876,
985672,47230,
686348,19803,
529018,28856,
215280,11473,
460009,21647,
315345,15385,
384696,18870,
855250,49581,
459070,56397,
359636,12197,
714897,31491,
380270,14604,
404877,19105,
217532,10076,
494593,23374,
959815,50541,
1290695,81536,
1045686,46657,
1588896,84979,
440822,20361,
63169,2730,
63024,2778,
171860,7691,
53914,2753,
60948,3039,
115607,4937,
80817,3712,
490757,22406,
259167,11415,
296382,14569,
155516,6177,
537958,29227,
165789,6426,
1226266,78536,
166104,6942,
186218,8288,
784761,38290,
91263,4877,
785969,55313,
94751,4235,
91694,4418,
1261590,66184,
123864,5561,
1007309,85494,
312928,12324,
141028,6782,
337274,14572,
521522,24683,
801374,50087,
1580300,57220,
259769,13166,
207700,11475,
504329,25219,
1855625,92907,
501189,25549,
1037060,53949,
1126006,44317,
371321,46368,
363910,19304,
2936124,126666,
845277,64467,
1259562,73598,
414348,21029,
268243,12246,
424705,25678,
45,4,
32,2,
60,5,
42,2,
116,9,
104,5,
6162,93,
1020,27,
620,34,
629,23,
451,35,
435,22,
496,26,
272,19,
2193,43,
10298,108,
58244,453,
374,6,
1556,27,
374,19,
75306,630,
10181,111,
1056,26,
77452,990,
5233,89,
749,24,
448350,5034,
1165,33,
1282,26,
1686,32,
2022,34,
2608,39,
875,19,
386,7,
47142,433,
335,12,
4572,50,
12709,157,
457,12,
3196,35,
36844,389,
68619,714,
9848,119,
9596,178,
18607,284,
81383,960,
640,14,
657,16,
357,6,
333,11,
475,16,
485,12,
21777,196,
827,11,
2598,52,
3473,57,
1115,34,
502,11,
1196856,14026,
27623,1015,
31168,2319,
36865,3099,
10828,605,
16554,1097,
11405,586,
83245,3011,
24198,1342,
27771,1851,
26143,1156,
63053,1488,
15239,791,
5958,487,
63227,2016,
9514,591,
9305,479,
27404,1666,
29058,1360,
68762,3743,
25056,1252,
86235,3811,
60755,3906,
10537,657,
27611,1035,
41052,1555,
24100,1152,
28258,1542,
265359,4940,
62795,3306,
167390,3606,
6904,208,
32453,1206,
99754,4564,
0,0,
45580,2319,
20620,1514,
25637,1558,
190292,8076,
18293,1219,
44988,3587,
29042,2111,
5317,413,
31040,2305,
25841,2439,
81753,5132,
324320,13682,
51364,3486,
2886,368,
12888,972,
14900,1029,
76832,3306,
247893,4645,
79883,3165,
41981,2199,
121569,4049,
104860,4408,
68976,2360,
61013,3040,
68113,5023,
333007,9469,
29800,1393,
53643,3635,
105578,5360,
30030,2164,
316309,11134,
13518,841,
14542,1285,
193261,6367,
140581,7977,
104384,6641,
9063,605,
77961,1330,
277208,12112,
52497,2131,
7022,829,
30271,1695,
10402,807,
13055,936,
293332,13711,
44647,2509,
8017,679,
41790,1521,
22831,1212,
44252,3022,
54418,2555,
122263,4681,
262115,7489,
116692,5352,
60102,2934,
157395,7688,
103501,5168,
28809,2380,
21628,878,
19970,1437,
63716,5118,
34864,1632,
238418,8502,
102801,2640,
30083,1391,
71186,2854,
114299,3540,
55896,2524,
9062,614,
58380,1837,
24540,1349,
12680,1348,
137139,3887,
25041,1462,
7064,571,
16080,979,
17449,864,
97262,3433,
22246,1334,
50171,2305,
33917,2000,
109663,3807,
102734,3748,
35088,2148,
150667,6196,
220652,6283,
31494,1288,
44190,3091,
34855,1877,
78880,3336,
49560,1956,
66036,1773,
142949,5545,
127588,7744,
81201,4456,
29401,1942,
47695,2558,
23628,1921,
80066,3603,
219008,8841,
32013,2635,
148551,5637,
69867,2438,
47280,2226,
85397,3694,
109973,6642,
54660,2468,
248137,8882,
292443,11141,
281729,9329,
67816,2770,
163044,4512,
299226,6269,
72599,3262,
81950,2967,
181598,5434,
131143,3688,
37044,1715,
101340,5105,
92758,4570,
35773,1450,
130129,5450,
38684,2192,
87394,2816,
19037,1594,
45347,4162,
33624,2044,
9762,1062,
190453,7664,
35422,2321,
524977,21322,
14340,1591,
7341,1089,
29193,3005,
52218,3433,
17471,1848,
20849,1959,
26975,2577,
17054,2064,
5018,833,
13352,1735,
23964,2608,
58311,5369,
48163,9092,
33478,4103,
78166,5176,
31141,3766,
41327,4588,
24674,2737,
27533,2930,
32482,3951,
214918,21028,
145840,7605,
87138,5460,
13038,1809,
97226,9086,
102813,8895,
19940,2823,
53636,5843,
110347,9657,
64894,6935,
26021,3265,
383522,28682,
103998,7058,
25773,2473,
26142,2522,
33197,3748,
28260,3439,
7964,1259,
15137,2278,
10232,1433,
24785,2785,
12015,1781,
9615,1432,
136245,12303,
14971,2051,
34769,4519,
17810,2520,
368158,32789,
107252,11157,
140247,14426,
152170,15675,
154156,13047,
7232,1226,
164660,8926,
15585,2296,
21636,3153,
15395,1941,
56102,4757,
5777,971,
41656,5133,
19778,2286,
36087,3829,
75988,7699,
28481,2786,
25891,3507,
74391,9747,
53240,6843,
41177,6857,
31676,4332,
10867,1794,
10703,1680,
7277,1313,
14332,2444,
24899,2973,
266891,45213,
8701,1595,
271328,38375,
135631,21284,
15033,2377,
11038,1806,
266134,40096,
15618,2263,
343664,52564,
167781,27774,
105548,18400,
685045,98257,
34656,4860,
214299,31021,
244674,35438,
47447,5160,
59297,11256,
350092,55583,
9044,1464,
24777,3599,
194303,31767,
11709,2025,
119220,18123,
98488,18232,
189673,25856,
101939,16619,
28744,3809,
745480,119287,
87664,6249,
20784,2926,
472905,72318,
461168,57677,
27256,2617,
341714,55887,
461709,61708,
16882,2475,
168180,26149,
190680,30311,
15400,2592,
446608,74226,
328701,43936,
112935,8551,
46171,7664,
773406,86671,
8245,1502,
62635,10271,
204708,28202,
13548,2131,
86937,14530,
1281253,134497,
110418,20366,
1802224,224765,
22949,3538,
268635,38976,
203357,32591,
14755,2151,
34985,5440,
224487,28172,
20148,2609,
164817,21923,
9416,1368,
35157,5603,
65308,10671,
264227,38145,
36415,4515,
177171,27194,
29549,3821,
280343,46497,
15551,2326,
248614,35437,
399871,62150,
76855,8788,
203443,32025,
540547,100367,
37457,4353,
145132,23677,
290280,46259,
25999,3512,
635222,87884,
108702,15425,
45526,4420,
392492,56077,
240670,34377,
110615,12482,
768246,87627,
1121297,157655,
32454,3966,
586444,87465,
444388,61505,
28930,3465,
799685,109182,
191071,29971,
20081,2595,
150415,21393,
58183,6681,
30960,3638,
84942,12534,
909233,140350,
203771,26764,
17743,2423,
86941,14320,
119720,18763,
41543,4968,
28197,5263,
240521,29636,
15297,1978,
15892,2458,
1145285,174812,
153766,26316,
20825,2677,
62653,9737,
123949,10446,
156964,24567,
34511,3886,
272554,17645,
421593,57346,
144361,22786,
125570,8621,
55327,9494,
134264,19504,
44342,4944,
13433,2086,
1251877,141383,
110297,19161,
6876,1351,
107823,16018,
409091,59186,
70729,5220,
347196,48604,
225386,39750,
15700,2144,
782266,87038,
1730913,253626,
22926,3045,
1272480,120514,
36252,3925,
133473,21447,
201519,35394,
205755,7138,
769396,89240,
24048,3147,
96810,9290,
2164708,246336,
44570,4734,
12412,1802,
215609,32033,
10987,1649,
441524,59837,
68593,5142,
663840,95046,
10758,1860,
14581,2256,
1365291,182232,
18748,2508,
35542,4245,
33514,5597,
19846,2251,
269917,44167,
5538,1188,
71634,11711,
108703,18219,
10377,1538,
74318,9113,
8856,1310,
150807,22875,
11587,1844,
107943,14544,
11877,1662,
59973,9327,
18537,1866,
79737,12545,
21085,2666,
357842,48574,
25556,3186,
6760,1202,
206973,32140,
63403,8251,
3762,902,
12291,1722,
8383,1527,
20247,3100,
5885,1211,
70984,10231,
10905,2106,
8052,1479,
16395,1981,
20218,2970,
17432,2372,
123735,8950,
30112,4086,
20137,3092,
14358,2477,
127509,12785,
15226,2254,
32360,4078,
12572,2038,
97372,10294,
431746,52220,
24950,3167,
9759,1546,
8411,1611,
3930,814,
11703,1743,
75121,9103,
7062,1464,
10345,1741,
6095,1216,
6257,1180,
9591,1607,
8025,1641,
8508,1865,
4919,1140,
6162,1222,
11680,2142,
10795,1848,
53988,7044,
18631,2849,
9276,1847,
11665,1965,
16750,2873,
18216,2434,
7597,1597,
12561,2337,
5615,1043,
13499,2128,
4814,967,
6980,1434,
5100,769,
34046,2269,
14098,2626,
7838,1340,
6500,1253,
5130,908,
7095,1344,
3491,715,
9129,1684,
12087,1579,
5236,1279,
13388,2370,
5509,1211,
7157,1366,
8856,1775,
4516,1135,
8792,1009,
4350,990,
17699,2723,
21230,3375,
29088,3499,
13450,2225,
43598,4076,
26622,3921,
41103,5664,
42771,5022,
24773,3513,
9620,1712,
9707,1806,
20439,3565,
39279,4916,
54648,5836,
7708,1557,
62790,1378,
277406,1595,
365400,2648,
92696,839,
402381,1980,
338807,2038,
368854,5519,
144222,1446,
428113,4162,
752269,3851,
823034,4862,
874698,3551,
781728,7706,
475865,3979,
461986,2991,
400794,2304,
568343,4683,
14066066,58486,
1661685,11026,
1925076,8492,
499394,4417,
2292546,9883,
231655,1507,
354078,4329,
662744,6747,
1424721,5354,
1209262,9098,
897167,4279,
838049,8353,
432192,2783,
992843,4215,
4081057,22561,
412892,2713,
862208,7542,
17712039,64478,
421865,2955,
1611943,7013,
735442,6727,
3665049,15087,
1662167,5488,
6095429,22940,
906751,7316,
3282246,23069,
2916588,30823,
725185,3679,
573965,5211,
1783055,6556,
4379092,17529,
660009,3369,
878423,7684,
2224536,10691,
1364689,5966,
453335,3179,
669463,5444,
1136062,4315,
1034334,3828,
2120981,7119,
829146,6221,
929181,3841,
1037562,8580,
506536,2739,
478788,4392,
148984,1973,
922677,5138,
478975,2571,
325811,3154,
717761,7966,
4522797,12887,
2496116,6587,
954616,3801,
1180723,9978,
5266720,23384,
293889,2210,
438742,2704,
393387,4103,
502987,3303,
1164656,6463,
13523123,50986,
1025983,9402,
808252,3380,
438038,3045,
3215611,12828,
1742080,18722,
2327805,7898,
49513277,127147,
3030046,9927,
479734,3644,
1939651,41227,
2500439,8435,
18520979,69269,
671696,4985,
484136,4264,
8127391,20958,
1167632,4495,
16211769,57518,
4567752,13082,
2091991,20482,
451282,2517,
871540,3704,
1043053,12418,
471356,2903,
902023,7673,
4947103,21810,
2881871,9820,
847866,4893,
2697951,18548,
3238274,10193,
854068,5608,
1691950,7847,
731106,6082,
1989072,11758,
1571177,6181,
1020846,5780,
799269,6146,
11796119,33030,
4512311,16256,
5194693,18966,
967344,7545,
2627799,10522,
19880251,78196,
6568180,25070,
7462562,24278,
2116387,18895,
1725187,5736,
988621,5764,
901081,3918,
500285,3436,
856043,7743,
936430,3601,
1286157,5361,
9999007,27084,
463982,4080,
28881063,77028,
18484859,193861,
18820175,63944,
2227829,17722,
12553659,246023,
1628255,6220,
859472,18318,
734741,8675,
2495042,12045,
1135989,4221,
5948189,17087,
2393291,30493,
1754468,8354,
8688555,111572,
22723652,61476,
524145,4114,
1496586,13979,
1073938,5472,
4078474,13990,
3016470,14622,
2406726,16999,
2098201,7723,
6445198,19178,
15764441,146990,
1690427,18134,
14032655,46829,
7786925,86935,
17148139,56449,
2244237,7208,
1016837,11985,
1021893,5235,
14842616,38862,
23482618,270931,
1020925,8914,
8128140,19666,
316980,2866,
14942385,125872,
339364,3459,
9466657,33347,
2197430,8283,
325773,2205,
2101237,19005,
5899914,17645,
1957243,7848,
5031186,28086,
1395006,9650,
25424178,71525,
833571,3747,
2120036,15969,
10043500,36536,
11522711,36084,
5556640,18958,
1125226,18001,
522265,2896,
5252446,21517,
11083603,37529,
1266072,9715,
17859854,86966,
5109219,20310,
51424611,198560,
1064702,9430,
12501473,35425,
6628741,30593,
1569613,11779,
924973,7746,
2258222,21486,
548750,4994,
1151434,8625,
1146360,25828,
1487828,8611,
716341,4044,
3600849,27502,
4480865,25695,
18307209,55999,
493032,3693,
1404030,9728,
3375169,15927,
1497081,6510,
794081,3715,
5500978,20892,
1272974,10476,
3640778,16431,
2824361,14217,
610124,5781,
977897,7878,
6165438,26266,
987493,5443,
2005555,20138,
584504,3923,
1873719,11296,
6501781,17716,
729070,5619,
2108856,19760,
7972079,45299,
1007997,6148,
923403,6246,
997023,8150,
6119685,20185,
6106839,30756,
395218,4808,
1124350,6587,
2229361,9494,
6579423,30673,
3822053,38423,
6507803,52208,
5696124,21805,
1364125,8745,
3343425,21116,
1297325,10562,
2499335,26465,
739053,5555,
801304,4807,
4634332,32582,
5409336,18551,
4840766,73000,
57718542,233084,
416416,5251,
1169691,6288,
734757,5938,
942493,7268,
292830,3719,
3445223,18149,
10614429,40389,
429402,3702,
6697934,27053,
2833773,11909,
2973862,8881,
847405,7035,
22131681,78173,
1608189,9458,
2660865,10606,
388594,4039,
45231611,119220,
1667341,10550,
38301516,205101,
8868484,27692,
873417,8595,
3987251,31377,
1227891,10805,
8376401,55544,
818073,7999,
339328,2584,
8946287,40942,
3978869,15092,
2831393,20444,
2384482,13313,
577905,3258,
4371322,17423,
2069138,17259,
32085860,123395,
1078488,9770,
805639,7718,
2171997,13128,
6391859,23465,
516639,3661,
10367702,34103,
824353,6684,
1347301,6897,
2024747,9851,
4469266,18649,
1363086,11873,
992330,4922,
6749860,23314,
524285,3458,
1916697,13369,
46941446,123570,
512342,4341,
3397100,14319,
2651472,19936,
2252645,10578,
4968120,24354,
434530,3310,
1101503,9440,
1672185,11699,
1329431,10558,
982340,7718,
530636,5611,
1288169,8723,
7748476,68924,
985912,7718,
266367,2159,
2365804,17478,
1181579,8090,
467176,3310,
364124,3449,
1989152,17710,
22613350,85731,
488960,3999,
1460387,20951,
1091739,11093,
1464365,15456,
879149,5275,
496012,5584,
1806077,12945,
5339581,38091,
519853,3559,
304053,1720,
452918,5149,
440975,2477,
5787127,22680,
16333802,90628,
1692113,15525,
168564,2074,
1263851,24069,
339732,2677,
167006,1649,
1882692,15096,
562936,3520,
25873564,80589,
1721301,12370,
642651,6125,
12655356,51544,
1966204,10329,
1327456,11948,
878259,4697,
2711427,16819,
269944,2152,
942636,8220,
11833496,39668,
280481,2160,
3418172,17489,
1066272,10455,
171500,1614,
1692283,21548,
1005717,10431,
3369618,18738,
273051,2536,
333155,2909,
719916,5840,
3762057,19792,
2161046,18241,
20366853,106992,
1774857,29206,
566026,5263,
17871006,65066,
8650849,39047,
197504,2423,
988140,8977,
3023635,12663,
1400561,8677,
967458,7862,
3085979,19035,
2238470,9635,
1687469,18557,
443951,2907,
12326138,64659,
441329,4326,
1363179,8579,
2224226,10429,
338934,2500,
423373,3222,
40307769,407286,
7980742,42831,
487984,5183,
1327259,12718,
537057,5124,
3575818,17761,
1399571,11547,
3919981,17913,
471910,2852,
3011387,26196,
1109635,10067,
576327,5864,
54095753,515069,
1233433,10778,
9705411,47468,
315184,2488,
1823993,13329,
8803490,34080,
688199,5976,
2283767,9567,
906864,8281,
9844753,45176,
3384891,21686,
13472657,45656,
1000364,8648,
13417446,45110,
6622907,32554,
1395331,7544,
2657150,19308,
2285119,17760,
280560,3160,
1274249,11662,
21815515,99652,
309583,3174,
256366,2233,
1147580,11019,
3112260,11192,
8465458,47715,
35976249,141670,
1076007,9673,
247775,4836,
5507808,26582,
555700,5192,
6194008,32324,
1393257,9322,
331240,3276,
656692,5766,
1500264,11359,
228766,2275,
1379225,22285,
3179855,14601,
801381,20314,
1623193,8918,
811107,7829,
463841,5566,
712541,6007,
894824,7861,
27411412,102292,
5535382,23213,
1891336,17180,
572409,11401,
487940,4043,
969278,5837,
1952534,15742,
10283943,41370,
424188,2927,
458501,7277,
681630,6609,
399954,3130,
34353548,805510,
2202680,19834,
618517,8392,
12064584,55978,
376568,7114,
12157839,64543,
261291,2084,
364719,5224,
5858901,41345,
1068064,8685,
4757968,21808,
549783,5497,
364183,3781,
4665617,19303,
364375,3182,
191809,2093,
1179330,10586,
470804,5194,
22422308,85727,
192891,2167,
496976,5307,
2868361,24553,
218105,2017,
537672,5023,
781514,6258,
1834383,14903,
304750,2489,
502980,4252,
720328,7476,
2050915,16765,
746707,11523,
810190,8058,
1510771,10041,
725295,9218,
991592,5618,
626700,6806,
721639,24493,
638808,16474,
303495,6571,
735057,9979,
627913,6956,
187981,1690,
2146575,14415,
718697,6802,
17320038,152750,
665156,5069,
1299,53,
649,31,
40140,846,
45459,988,
1059,32,
29753,643,
582,25,
23595,534,
628,21,
507648,7862,
9719,155,
246748,3164,
10909,144,
740,16,
20618,330,
21448,304,
970,19,
235277,3670,
1570,19,
44696,683,
2650,29,
38631,523,
1185,18,
457797,6885,
37286,507,
47695,741,
1480,32,
28365,359,
1702,20,
83703,1005,
7676,124,
15005,183,
437002,5194,
6907,139,
1772,37,
116408,1565,
3920,63,
41558,894,
1805,31,
10800,177,
1022,15,
56716,656,
1689,17,
6921,117,
83572,1807,
1447,39,
52513,1055,
495,12,
2887,1032,
3239,590,
9130,1790,
20745,3430,
18015,2958,
8758,1623,
15770,2153,
10805,1796,
19222,3096,
9953,1848,
16526,2794,
26340,3715,
14724,2397,
9420,1341,
18018,2249,
10782,1727,
18521,3442,
13870,2244,
12590,2028,
24767,3640,
13647,2066,
20159,2474,
14842,2546,
14679,2389,
14752,2950,
67553,10560,
8910,1662,
14242,2444,
21593,3461,
12259,2049,
12086,1892,
19224,2311,
26140,3297,
61837,7376,
6432,1325,
16084,2458,
15053,2375,
25575,2798,
15292,2390,
6206,1291,
12219,1842,
33040,5450,
15047,2241,
19743,2509,
12925,2156,
7713,1537,
37144,4618,
16688,2445,
34190,5017,
22175,2448,
12499,2025,
35800,4013,
16405,2556,
21455,3327,
19143,3311,
19101,2150,
24698,4177,
18384,2740,
15964,2384,
18426,2682,
25333,3656,
21423,2359,
73076,11345,
21783,2769,
30108,4688,
22784,3255,
32796,3116,
10362,1618,
10339,1745,
12870,1966,
14710,2105,
17740,2015,
137169,15844,
18162,3227,
11582,1655,
41011,5104,
23964,2618,
9046,1568,
17812,2580,
28498,3802,
13830,2202,
44243,4995,
49638,5878,
30515,2967,
6012,1079,
14656,2135,
51684,6873,
46347,6608,
25079,2841,
15158,2221,
25820,3359,
18689,2652,
45575,5693,
20178,2143,
17895,2352,
12972,1942,
20616,2870,
24079,3302,
19718,2690,
12734,2202,
28143,2915,
18135,2509,
55531,6812,
112100,15518,
21191,3176,
18851,2162,
39996,5118,
28295,4112,
63772,7120,
20892,3129,
23494,2518,
44560,5336,
58090,4488,
20708,2931,
31949,4744,
27111,4021,
23972,2676,
73715,8456,
30100,2827,
11284,1837,
22943,1651,
7776,471,
11153,1278,
8356,635,
6669,575,
1151,145,
36361,4447,
18094,2585,
19707,2726,
45822,6245,
42752,5336,
63456,9561,
7436,1272,
30018,4498,
33535,3756,
12064,1618,
9123,1742,
15047,2607,
22351,3792,
67145,8336,
53318,6922,
51384,6319,
17318,2847,
19750,2777,
42854,4238,
15598,2238,
26880,2647,
16146,2399,
22271,2587,
39427,4779,
51923,6247,
35385,4540,
27133,2836,
7620,1158,
14511,2129,
21321,3035,
63583,6594,
31976,3064,
14251,1954,
30430,4247,
31714,5141,
5411,1097,
22102,2390,
69873,8906,
29097,5185,
11925,1192,
7176,618,
15443,2408,
23437,2716,
30162,4226,
23178,2875,
20316,2362,
28306,2733,
59710,6367,
32951,3617,
22962,3167,
6089,1328,
17639,2224,
11551,1704,
7892,1293,
20129,2831,
18549,2471,
19884,2294,
16547,1801,
16507,2592,
10394,1675,
6250,1078,
19694,2286,
25027,3092,
6299,1138,
22598,3500,
12765,2317,
1081,104,
1832,242,
18472,2302,
20792,2765,
18523,2432,
17752,2651,
32909,4328,
17743,1999,
25123,3477,
20685,2892,
25312,3517,
19969,2244,
26435,3284,
16838,2460,
19980,2751,
9970,1830,
20162,2524,
6950,1258,
23731,3547,
17266,2763,
10330,1866,
22629,3040,
21950,2791,
21684,2624,
63572,6430,
8256,1463,
14538,2507,
57622,7585,
39379,4112,
26376,4421,
16044,2675,
7510,1315,
31956,4483,
18622,2655,
19628,3362,
59940,7618,
29154,2989,
16205,2796,
21621,2769,
41733,5194,
31809,4452,
9273,796,
14381,2536,
3786,288,
6446,663,
33074,5256,
19915,2485,
35483,5004,
8077,1152,
70028,10011,
16849,2342,
22276,3899,
33764,4513,
24189,2642,
24167,3543,
22078,2634,
10964,1456,
19633,2713,
12724,2319,
8795,1209,
33824,4519,
20554,2536,
11227,1869,
2826,191,
2507,187,
1965,182,
1299,91,
5367,458,
19935,2796,
24183,3583,
9553,2067,
18404,2851,
24260,2738,
19734,2788,
40901,5199,
22025,2615,
5912,916,
35018,4036,
38597,5574,
19912,2522,
18802,2740,
21013,3158,
22160,3030,
16697,2884,
11621,2116,
36606,4680,
26284,3050,
23469,3512,
17191,2446,
8375,1278,
29395,3959,
22531,2530,
8188,1289,
62933,7534,
9663,1433,
65199,8828,
27111,2958,
18575,2102,
14835,1364,
11524,1395,
3073,251,
13904,872,
4084,363,
1369,166,
3237,387,
18513,2879,
10576,1951,
14343,2222,
24308,3748,
31621,3480,
6380,972,
62241,7402,
14796,2699,
11274,1762,
13997,2388,
30459,3388,
7993,1228,
26769,3780,
8650,649,
8659,658,
1733,135,
1964,102,
4056,284,
14048,1297,
47950,7705,
7761,1239,
34681,6145,
24803,2801,
68205,9524,
11513,2016,
27050,3478,
29485,3216,
5807,905,
3871,344,
2250,281,
2276,273,
24791,3863,
31166,4246,
30653,3607,
7228,1311,
20872,3425,
20963,2318,
12716,1646,
7632,604,
29199,3038,
10493,1695,
40405,4891,
11288,1904,
12088,2220,
25276,3458,
26381,2692,
8348,1268,
16309,2524,
74414,9503,
11664,1699,
44301,4564,
21499,2653,
6610,1019,
7655,1174,
13520,2243,
22892,2582,
9211,1477,
11913,2258,
3045,352,
3193,411,
12694,2262,
15166,2186,
21993,3353,
21476,2340,
8279,1404,
15930,2867,
10377,1557,
37526,5547,
46539,4723,
7149,1094,
13639,2639,
20457,3067,
6635,1149,
5980,745,
7854,779,
23977,4372,
18760,2074,
19204,3197,
11683,1748,
9040,1534,
11970,1889,
2138,222,
1378,125,
3333,321,
2165,272,
8546,626,
10110,1819,
108660,14265,
37088,3952,
21797,2374,
8343,1169,
9707,1472,
38867,6172,
11877,1542,
10536,1938,
8892,1267,
4888,381,
3948,363,
3705,358,
10637,1893,
26786,4035,
24539,2808,
10153,1704,
1904,181,
9804,798,
7222,1437,
10202,2002,
22411,3410,
26561,2832,
11348,1561,
17007,2531,
9898,1441,
10983,2027,
6551,800,
2260,195,
12552,787,
27045,3083,
14332,1969,
14295,2331,
18087,2381,
10516,1725,
28420,2999,
21501,2762,
11440,2028,
2256,205,
1339,143,
13766,1317,
8908,2105,
30924,4166,
8157,1501,
21856,2476,
13370,2296,
15514,2709,
8609,1745,
14914,2418,
17063,3094,
14581,2374,
22002,2359,
6549,1447,
11585,2227,
6470,502,
13761,992,
9089,1489,
6082,1191,
20750,3054,
15929,2875,
16095,2485,
13043,2218,
12660,1936,
7355,500,
4743,542,
11512,2010,
15283,2677,
12065,1918,
18887,3080,
25797,3675,
10844,2091,
18304,3212,
9647,1605,
10711,1957,
16995,2152,
4232,959,
11536,1900,
32305,4865,
2300,177,
3159,206,
23839,2600,
30594,4559,
11611,1161,
8857,1603,
6113,1205,
14201,2788,
44167,5714,
15040,2509,
30301,4021,
13144,2319,
8203,898,
33579,4175,
39145,5211,
19189,3291,
13006,2581,
16372,2402,
42723,5697,
36296,4263,
6231,1394,
17079,2956,
18767,2930,
2678,263,
2084,145,
11974,1963,
19065,2371,
38209,6344,
24158,4813,
25947,3103,
7312,1620,
11940,2078,
4552,878,
9075,592,
3211,271,
5357,1270,
27348,4323,
30536,4700,
7398,2056,
234917,28662,
18993,1897,
40887,4465,
35442,3644,
72355,6222,
43647,4657,
47375,5601,
145424,11651,
960843,63196,
162579,11898,
48735,3852,
68272,5409,
71537,9701,
187201,17574,
245100,20349,
21620,2919,
35594,2394,
39083,5286,
71965,5293,
20065,2380,
50317,4191,
45472,6144,
120741,11319,
68704,7270,
36653,4886,
184239,28004,
303192,24724,
181598,18205,
34650,5222,
43407,2596,
81774,6066,
178657,18328,
39526,2364,
53318,4615,
115617,6822,
325708,21720,
84704,10554,
122839,8925,
35572,2272,
33232,3717,
131789,13586,
99705,5879,
278177,11625,
75572,7046,
103182,9480,
586341,31260,
98521,7557,
185474,14330,
154540,14916,
33384,4006,
45625,3581,
84074,9340,
153847,9616,
56137,4157,
55824,5281,
51579,4685,
336195,14551,
74595,5375,
193532,16411,
78062,10018,
273513,39620,
257175,20926,
330032,22016,
103896,11485,
113615,5665,
76143,6042,
87437,7712,
81989,4583,
82843,5530,
114720,7475,
190051,9351,
85162,8748,
130816,12523,
427205,17600,
148943,13907,
203447,17165,
47298,5092,
178255,14511,
36182,3851,
39265,4027,
35859,4012,
67743,6029,
38223,4180,
42160,4676,
42879,4690,
45207,4822,
463535,21564,
39220,4281,
50441,4838,
52173,5681,
59727,6273,
64450,5839,
115691,8534,
75069,6667,
359501,33237,
103523,8432,
171467,11360,
129101,9842,
336457,24309,
134470,14238,
33949,3600,
37517,2204,
432507,27519,
110241,7217,
43658,2554,
58045,4140,
48229,2970,
65166,3469,
48430,2811,
101064,7523,
58030,3449,
335801,20420,
51941,3202,
38626,2866,
73478,3970,
89404,5538,
28706,2577,
95277,5010,
99082,13945,
150553,7583,
290040,16368,
62764,5262,
126654,8938,
98746,8265,
21554,2168,
137608,7773,
60439,7002,
27163,2341,
55638,3913,
59512,3827,
56728,6692,
218030,13042,
176634,10590,
319311,22566,
28951,2405,
533625,28710,
25468,2318,
26227,2515,
30801,3022,
129943,20114,
115566,7979,
43484,3606,
183684,17679,
38115,3260,
34791,3023,
36151,3158,
36748,3308,
39312,3334,
854513,47413,
38768,3393,
40111,3248,
40643,3434,
147582,7469,
45562,3826,
145775,11867,
50015,4379,
58850,4334,
141984,13650,
69810,5619,
92799,6136,
131909,9990,
124702,8408,
396052,24698,
210062,11427,
56098,6562,
158984,14455,
118572,7417,
214808,11871,
137216,7150,
125112,12939,
184637,15087,
1109992,51177,
107979,12056,
96062,10525,
108720,5881,
111443,13714,
110556,6621,
104211,6146,
142599,7520,
100721,5556,
160823,8659,
473782,30313,
59680,4288,
157236,14027,
255406,18788,
164294,11348,
196016,11623,
25023,2424,
143005,11369,
140918,8412,
260305,14272,
184868,13811,
117223,7696,
298705,19211,
647479,47035,
502784,55376,
54884,3607,
126857,9457,
21784,2281,
88036,9713,
25471,2349,
52145,3379,
180534,12967,
74060,4375,
24705,2401,
74898,7112,
157655,13738,
108690,5907,
473044,28903,
32929,2764,
40699,3755,
56684,4113,
30428,2721,
159785,7936,
29859,2743,
49185,4875,
38493,4781,
92417,8843,
35100,2958,
18815,2082,
121898,6343,
221034,14677,
31954,2917,
160498,11051,
36648,2870,
80830,5868,
104617,7932,
44467,3155,
40152,3113,
33996,2294,
825711,65551,
36424,2328,
33699,2442,
123215,6409,
51728,3972,
29337,2675,
32705,2434,
69862,4967,
34263,2590,
36937,2855,
92394,6259,
45697,3312,
55127,3954,
23533,2817,
48408,3520,
337053,16841,
51562,3790,
123515,13997,
62496,4111,
196406,11038,
77021,4821,
635539,27508,
826058,36549,
119324,6845,
429121,20522,
378446,27390,
372851,19675,
68517,9556,
102016,5752,
64167,4908,
161622,9941,
479579,34306,
266538,16762,
87244,5507,
296433,28493,
224739,31055,
30812,3368,
130308,10279,
37380,3303,
75436,5828,
181080,27422,
345922,18103,
93138,7095,
33110,4082,
87841,7492,
297334,20600,
574854,29350,
96191,9517,
150871,13541,
104417,15069,
127567,6779,
100677,6407,
115147,5672,
54601,3733,
305412,26053,
361043,33646,
74428,4343,
70389,7197,
141070,14448,
316846,14460,
224986,24388,
160271,20208,
102430,11614,
183764,9115,
263786,16371,
913514,72492,
84373,7819,
331812,14796,
403354,39053,
136551,11318,
92174,9131,
178028,11775,
332431,29012,
112830,11615,
589477,38441,
76904,3409,
42131,2592,
49821,2808,
60316,3641,
77046,4562,
87918,5351,
166117,17649,
442815,28222,
63584,4564,
64168,3391,
75310,3868,
27614,2097,
75882,4146,
63122,3917,
62121,4210,
65249,3824,
77624,4323,
75157,4882,
85611,4961,
176414,8003,
89002,5454,
110894,6352,
152631,8593,
233105,13261,
540035,29156,
279134,22873,
691161,43277,
186730,19566,
101140,6466,
555369,37909,
710042,33719,
69864,3981,
56479,3282,
269531,23978,
62367,3703,
76907,4476,
234141,29564,
92167,4971,
338777,28486,
305662,15842,
645480,49991,
100152,11526,
144099,17491,
280504,17067,
48379,4172,
27582,3061,
187025,9426,
27052,3197,
156371,6961,
31698,3372,
46679,4211,
32101,3638,
146337,17219,
144156,8065,
156410,14724,
31955,4041,
118756,8594,
75539,7660,
1024523,38730,
97967,9051,
76933,6876,
77265,6460,
36969,4214,
76554,7065,
37709,3854,
89535,7350,
44131,4323,
83137,7014,
50154,5382,
96579,7529,
56512,5908,
111028,8293,
64866,6914,
98186,8438,
210368,20092,
100101,8119,
71335,6058,
35831,3751,
97534,8807,
107692,12363,
115357,9602,
127545,15170,
118736,9364,
30875,2196,
54831,3047,
137328,10592,
24604,1676,
155595,10142,
20972,1602,
178408,11723,
24431,1726,
244484,14052,
29436,1825,
580288,30129,
186493,7847,
413085,20081,
22430,1805,
144347,13554,
22731,1799,
1036621,50819,
64655,4863,
23728,1832,
223435,17021,
203738,19464,
23550,2138,
23412,2058,
23949,2157,
27910,2274,
31340,2377,
35474,2612,
41066,2726,
48498,3097,
57399,3650,
135884,8308,
123191,15160,
134287,14684,
609877,54803,
105856,17243,
60705,3583,
59616,4823,
93953,6237,
125671,12543,
133992,6077,
81886,3911,
85177,4098,
59881,4547,
100413,4761,
1226058,135436,
122676,5902,
109006,5563,
90242,8567,
156947,7418,
70688,8119,
155356,6798,
76673,8031,
260902,24310,
164267,7820,
91531,7762,
106524,8643,
504378,19401,
183270,10486,
161398,12316,
330119,19421,
46668,1487,
302621,21315,
222210,10493,
401963,10691,
119792,6082,
132861,6821,
144228,6586,
305527,7749,
170479,9810,
85341,9252,
236939,8251,
302180,12393,
342766,10047,
246181,10729,
341864,14975,
530255,24359,
80149,5844,
274811,28029,
1639516,91326,
71168,3640,
368593,14175,
76106,5920,
63022,5277,
59656,5401,
36032,3084,
109910,6540,
129879,14679,
168335,16984,
455305,16743,
81562,5006,
30414,3102,
113969,8761,
97936,11944,
261762,11623,
52924,7461,
249899,13031,
242726,18631,
283001,22931,
35901,2453,
1052682,62763,
36459,2603,
95236,5316,
39931,2520,
82924,5743,
78522,3801,
49054,2977,
52597,4327,
68208,3772,
83632,4386,
161029,7720,
296,20,
1533,55,
5443,498,
5565,194,
11713,671,
4329,221,
0,24,
4094,284,
21,8,
0,13,
9,8,
0,11,
0,10,
0,12,
0,11,
0,12,
20307,448,
5917,517,
21230,179,
2872,115,
11161,532,
6724,401,
5367,206,
8404,320,
4409,240,
4283,225,
4306,189,
8291,295,
5414,327,
4000,220,
3958,236,
4052,166,
4340,234,
5894,334,
4993,243,
7976,358,
14087,733,
208269,3081,
179788,2029,
62787,731,
275925,3818,
48633,592,
52752,854,
104312,1719,
258011,3257,
13187,597,
14434,583,
9481,508,
13484,709,
1653105,8619,
428283,5428,
17192,448,
9202,311,
15519,733,
2741714,2449,
5654727,5830,
1292418,4227,
3518208,12042,
1497252,8197,
1001616,7463,
8219,481,
589210,3365,
1475451,9455,
530290,3289,
2496339,7547,
634405,3745,
1745389,6622,
743473,4125,
11128,757,
23272,1748,
908789,6831,
2480955,10483,
1464491,11327,
1234149,9079,
10699642,24178,
1503921,9289,
879151,6297,
1068264,8009,
4387979,28569,
239941,3479,
6493017,39383,
1098252,7759,
18642,1038,
21838,1462,
9504,853,
5982,406,
10633,761,
30011,1621,
8442,516,
15221,1048,
14719,1004,
10392,730,
9622,622,
8059,692,
10404,602,
10383,647,
21251,1122,
27215,1283,
14448,889,
23616,928,
6343,482,
8771,656,
6561,393,
17243,833,
5310,454,
5871,479,
5308,525,
7136,555,
9879,717,
6179,473,
5808,479,
9847,627,
5416,418,
5818,467,
9852,695,
6222,523,
4424,294,
6335,543,
5978,510,
6322,553,
7571,653,
11713,747,
5804,499,
5519,487,
5600,409,
7849,646,
7970,567,
8684,481,
11408,709,
3919,383,
5833,498,
7142,508,
6602,619,
6420,575,
4765,447,
7927,664,
8367,601,
7851,730,
8334,700,
6784,594,
15226,1094,
13609,1207,
15296,1194,
7062,648,
726186,8994,
9008,773,
13686,1097,
7356,673,
8460,714,
6063,552,
6413,473,
6597,527,
5710,518,
5132,439,
6409,577,
9882,886,
7908,646,
10201,844,
7761,639,
7413,582,
9165,767,
11708,761,
56874,2519,
8121,554,
6064,463,
6181,410,
15271,1009,
687338,8157,
298807,4295,
4124558,16657,
760566,6777,
1496060,7045,
1344008,8009,
434302,2682,
975042,5850,
1405984,5832,
678466,4033,
558925,2793,
257207,1422,
368095,1758,
330995,1633,
481463,2210,
1084003,6731,
640922,3387,
7132631,27881,
9885223,47864,
3937573,17345,
3495806,14222,
9878184,27231,
42302872,172094,
15862358,35970,
6438302,15591,
5210931,23828,
25633352,44541,
1534646,9710,
60736347,169103,
28704539,98566,
4145937,14562,
23431158,68162,
9023916,25940,
2790274,19047,
5415268,27785,
1643874,17674,
547727,9143,
14445165,93313,
38748071,180914,
274328,3832,
360501,4665,
134743,2001,
222426,2692,
403809,3863,
257077,3131,
554718,6486,
536267,6139,
1078591,8592,
1257200,18148,
2464319,29430,
7086018,54789,
7125810,47941,
3040726,33364,
5061722,37460,
3891446,41946,
5025763,47977,
9919014,116201,
2455652,32204,
13366208,91407,
124623544,543191,
4963813,56329,
2072677,19736,
391224,7186,
13138696,124311,
1069014,11585,
1838891,21721,
1051031,11759,
330741,6919,
2828656,30908,
24212575,238877,
402627,5765,
916944,10342,
76074850,209642,
11637720,84960,
10124087,53155,
4926294,49596,
2884210,30624,
5803865,45470,
37241521,184038,
27546320,114580,
87455198,310847,
112172761,598639,
31867215,277314,
14716604,124935,
5547754,71473,
14556702,152102,
8953892,70084,
935461,14527,
888592,12299,
6365635,43353,
3348456,21038,
120824369,732391,
6142412,62977,
1619508,18868,
38003569,178572,
908855,13030,
2486414,27164,
143730258,715219,
186020100,639300,
20992090,151293,
0,7,
17939368,89686,
12745130,97263,
356190719,1550090,
20388215,136571,
142147,4575,
2211,120,
1067850,14374,
3406803,32720,
4295776,34436,
12007641,171755,
18926589,207028,
13924929,181230,
60805,2534,
43514,1923,
214488,8795,
87875,3371,
64299,2730,
57566,2789,
115692,3158,
71252,2917,
87774,3229,
105071,2421,
133357,3038,
49954,2111,
82692,2376,
137874,3361,
106455,2809,
146700,5054,
263041,6128,
386281,12156,
232608,6968,
256347,4403,
221027,4797,
77344,1669,
686871,12689,
110972,3340,
321793,6030,
128255,2733,
99005,1873,
312485,6187,
487647,8263,
125295,3502,
187445,3961,
317705,5851,
191354,5806,
101170,2806,
1455575,19119,
332137,6483,
254564,5631,
118377,2152,
262116,5650,
213838,4509,
1212514,24581,
742033,17961,
760424,14599,
451957,7341,
289156,6292,
516958,9069,
79280,1758,
663176,10038,
195425,3982,
290888,6495,
223392,4721,
297946,3834,
171179,2922,
263608,8747,
206175,3955,
270249,8231,
340235,7885,
334685,5747,
199980,3587,
457845,12562,
961131,20814,
182284,5750,
378608,10266,
346942,7509,
248145,3230,
280103,4456,
852378,14915,
228819,5222,
191818,2778,
190891,4778,
156046,2143,
189201,3527,
312262,4647,
364509,6353,
803583,13563,
1347752,20570,
197330,4789,
223006,3418,
212836,3904,
217708,4355,
186353,4134,
200726,4752,
226263,5197,
153717,3415,
1123303,21532,
662255,10970,
70252,1373,
692189,16054,
231040,4386,
1180499,13647,
190040,4531,
424955,11746,
200906,6381,
204581,2785,
253123,6200,
51493,1455,
340559,4776,
75293,1603,
137464,3133,
139226,2367,
154380,2621,
127068,2935,
139493,2533,
133501,2231,
222634,6008,
56719,1253,
153738,4495,
140804,3421,
188385,4420,
167125,3218,
334245,6268,
616785,7159,
139735,3130,
166834,2738,
132033,2672,
242760,4430,
135715,2913,
136377,2062,
821259,9898,
144823,3914,
148900,2794,
155059,2937,
318381,4107,
156718,3012,
335097,5587,
140695,2349,
101193,2038,
114053,1735,
139152,2606,
144584,2450,
161704,2785,
132131,2513,
212102,6332,
390149,5509,
373942,6047,
171682,2077,
409781,5507,
194681,3489,
187746,3024,
185761,3925,
213378,3170,
144824,3454,
175271,3103,
148569,3285,
201697,4982,
138536,2840,
132577,2666,
155941,2654,
157965,3091,
178100,3543,
295600,6672,
110241,1489,
388271,7835,
583309,10428,
139603,5025,
91885,3224,
504338,10190,
352116,6759,
104204,1959,
143659,3282,
124626,2256,
63416,1104,
398711,6485,
163986,5129,
203125,4061,
117242,2644,
197652,6358,
100938,1794,
96718,1790,
231359,8223,
390388,5536,
272761,11033,
90973,1532,
152623,2886,
123395,3544,
216332,4715,
48817,1617,
190823,4544,
224034,5592,
412517,10740,
161935,3081,
247233,5718,
135112,2793,
87462,1557,
91226,1857,
172894,3986,
257868,8768,
142433,3560,
126375,2540,
121817,2537,
157507,2920,
234065,4437,
159483,3190,
52094,1172,
123411,4390,
63849,1014,
200151,3557,
139548,2815,
345056,5206,
166150,2763,
686577,11560,
96972,2463,
137972,2295,
380625,7589,
79797,2287,
391095,6875,
181745,3553,
1102991,16501,
248991,4948,
190127,3411,
149823,3374,
148769,3446,
134299,3157,
156320,3067,
229751,4153,
54317,1246,
172156,5933,
1514556,15321,
247146,3993,
317113,8409,
105959,2337,
177949,3397,
124444,2452,
216916,4670,
214157,5082,
424523,7143,
120731,1329,
112489,1474,
109289,1254,
164154,2389,
128157,1615,
161459,3238,
146000,2488,
186631,4839,
407216,7056,
294162,7109,
189325,5028,
166911,3322,
42364,1220,
534628,12980,
992157,9896,
215106,6051,
274718,5428,
320530,9855,
85987,1505,
121094,1649,
114715,1823,
312966,6611,
145445,1986,
244930,7479,
120138,1733,
163532,2388,
287444,7072,
214144,5336,
175095,5720,
229446,4669,
323014,6982,
636231,13591,
77252,1866,
227208,5931,
3530307,14546,
296478,7231,
706526,14898,
340905,6877,
190195,4669,
296803,5634,
184602,3910,
279076,6565,
371874,6316,
214209,3978,
169229,4405,
199306,2502,
123448,1809,
62958,1745,
136424,1823,
119723,2181,
177947,3455,
234980,5484,
94571,1861,
224757,4693,
112357,2972,
167354,4527,
292715,9435,
441682,7505,
107428,2971,
251499,7213,
206897,3515,
839044,24751,
227459,7272,
173979,5752,
216649,4753,
163028,6227,
92161,2295,
80809,2053,
1978901,18546,
239488,8927,
173042,3742,
102711,1880,
429284,6441,
179347,5309,
109004,1784,
331661,6327,
79156,1603,
74146,1950,
325852,12173,
258565,2529,
324944,12402,
321136,9296,
208733,5315,
461637,2791,
181301,5832,
139539,3428,
253270,7831,
276920,9900,
1521705,14002,
169149,7215,
92242,2567,
259248,5454,
334947,11781,
180635,5703,
620473,8232,
125674,2350,
935285,9494,
85588,2432,
263416,10556,
418699,6813,
124220,3321,
220156,8347,
353081,6712,
93330,2966,
188690,5016,
461671,9312,
120157,2893,
1964089,28685,
152256,3599,
1877949,22068,
153147,4042,
349278,17289,
1197909,20692,
296121,5896,
552706,2793,
97570,2198,
255310,7994,
145664,3860,
344297,11077,
121041,2949,
377576,15274,
248679,9392,
848770,16408,
364229,13744,
332347,11624,
7614312,30065,
258006,9058,
112701,2995,
213046,4535,
443084,11327,
408792,8618,
94444,3297,
304079,6919,
160065,3368,
170521,4451,
160069,4425,
412767,14737,
400674,9509,
285721,5007,
226567,9116,
4833241,23733,
338625,13003,
172173,7766,
744722,10052,
612381,25491,
113690,3449,
501748,7086,
187744,8732,
147606,2859,
124013,3901,
213978,4340,
587163,8077,
331629,9904,
452149,10116,
1814169,60054,
115712,2595,
155229,3543,
170108,2970,
311589,8730,
1158781,21113,
2679339,21271,
369943,15158,
310137,10005,
250651,7650,
610771,2200,
827351,27942,
1634428,51593,
112015,1782,
128651,1652,
465863,7656,
1235126,23155,
164020,6071,
157284,2720,
237052,6289,
372152,13702,
424838,12097,
260921,10009,
321479,8786,
220285,7094,
169171,2624,
307059,11250,
268511,7823,
111629,2231,
338799,6510,
2804606,22391,
127285,5493,
271069,12776,
1613951,34000,
309865,11849,
67443,1318,
132984,5467,
288595,6748,
76401,1153,
179561,7220,
98897,1663,
437851,6169,
380804,19314,
417182,1812,
726632,20119,
160772,6284,
416320,13105,
216969,5636,
64599,895,
87341,1826,
208531,5032,
109148,3775,
132616,1894,
82439,3067,
81697,3178,
81363,3323,
74878,3074,
68096,1053,
86986,3123,
78657,3235,
584732,7451,
83317,3498,
109906,4887,
594580,11185,
98867,3479,
93618,3555,
104565,3815,
96708,3994,
60959,947,
112068,4653,
153134,3096,
117714,5351,
223912,8268,
160247,7162,
104683,1678,
190964,5334,
204062,6124,
96180,3225,
180421,6961,
330355,6083,
70140,2613,
156297,4920,
78004,2657,
100561,3318,
118926,1661,
68194,2347,
60090,1397,
63600,1317,
50864,2553,
238692,7856,
293202,11471,
35919,1147,
65958,2298,
88423,3214,
67900,2376,
61279,970,
277062,8561,
64940,2395,
174402,5590,
57625,928,
188987,4856,
160632,1802,
86283,1131,
185765,7377,
337184,8141,
98282,3226,
252292,8937,
76867,1721,
99317,3539,
201303,5678,
814804,2141,
86234,2817,
101744,3690,
121555,2723,
94370,1836,
77857,2995,
154258,4615,
86792,3210,
453048,10643,
6112,2533,
43539,6138,
154371,13451,
34962,4212,
33525,3778,
41139,4350,
54356,4723,
52635,5225,
66463,6083,
79288,7292,
170883,12671,
55097,6582,
36607,5613,
41707,5703,
38704,5827,
46343,5952,
57388,6526,
53132,6365,
62914,7105,
75721,8059,
93973,9464,
106225,12019,
199420,22478,
86609,9827,
109780,11629,
135698,9043,
176687,11406,
78724,7423,
29167,1628,
84570,10198,
42793,2459,
42599,2482,
27661,1686,
56654,3207,
163576,16367,
66416,3352,
39742,2465,
43164,2509,
44308,2478,
31296,1883,
48527,2752,
81374,3771,
40247,2186,
74845,3779,
140388,6461,
56212,3137,
136238,7416,
50433,2842,
70452,3782,
53085,3146,
62151,3543,
67777,3664,
72163,6260,
86025,5078,
89214,4967,
192434,9433,
61647,4109,
26849,2713,
63601,4287,
341054,39791,
76161,5100,
45138,6849,
37990,3211,
46078,3573,
51635,5126,
53291,4079,
104022,10310,
31651,2161,
34599,1744,
26957,1504,
30553,1671,
35906,1939,
37302,2152,
35477,2009,
91043,17411,
38791,1890,
44428,2270,
56651,2645,
46493,2497,
60217,2991,
65243,3135,
222262,9398,
59760,3713,
59457,3200,
55942,2885,
76773,3638,
133662,7320,
58366,3494,
47358,4127,
86839,8231,
84260,7235,
100825,10332,
63036,6163,
80442,8388,
40597,3815,
41091,4211,
47228,4460,
76852,7515,
40548,2824,
76867,5173,
52817,4292,
70622,4361,
98729,5563,
154362,7645,
206255,29060,
291665,17771,
147551,14987,
96584,5510,
92980,6291,
127299,17828,
70244,3805,
43891,2422,
39927,2671,
89420,6683,
103482,17100,
48210,2469,
39483,2179,
32382,1844,
67749,4305,
75403,3624,
107684,4499,
142907,6085,
165192,10035,
44828,3427,
43542,1951,
40457,1896,
62778,3367,
50209,2563,
54317,2475,
85916,4932,
65012,3122,
67269,3070,
87271,4378,
93633,6884,
135797,6015,
148165,14796,
75040,5842,
43360,2199,
121425,7344,
39193,2229,
42791,3419,
80497,3604,
58330,2652,
76243,3291,
53788,2619,
43531,2688,
68357,4211,
45825,2450,
86569,4430,
85166,7196,
76428,3585,
109493,4835,
192560,10011,
67436,7108,
54415,5968,
39860,4693,
46380,5057,
184491,9802,
50791,5150,
88555,9568,
58231,5689,
65006,6472,
146597,10300,
52734,5980,
293463,35433,
64792,6291,
68824,7214,
68257,7494,
82999,8706,
115628,12198,
179136,21375,
62098,3785,
45418,3882,
77586,4395,
178977,19147,
34908,1805,
87367,5317,
21699,1311,
29027,1715,
35848,1832,
30977,1720,
29397,1608,
38585,2222,
28602,1519,
27147,1664,
38078,1980,
37081,1893,
38272,2080,
32528,1759,
38084,2042,
46722,2401,
66887,3867,
66433,3361,
76349,3728,
213618,16845,
56416,2986,
85534,4525,
98514,5834,
135990,11380,
106957,12101,
78266,9888,
49742,6920,
51050,6044,
42483,5805,
67978,7456,
85690,8488,
71701,8134,
104310,11690,
238676,24690,
30967,2102,
92773,5663,
64086,4777,
27431,1811,
21321,1542,
26858,1979,
93575,5611,
36800,2339,
34664,2009,
35021,2271,
52980,2529,
61901,3573,
66276,7320,
130374,6998,
84114,5713,
76532,17081,
97562,16523,
212094,13798,
117094,3745,
102589,2599,
97299,2501,
46390,2505,
46296,2677,
48611,2941,
44068,2758,
97840,3205,
45215,2611,
52750,3143,
48943,2964,
60482,3582,
67055,4041,
48391,3006,
56947,3925,
83703,6052,
116752,3671,
70014,3950,
62012,3717,
70256,6440,
207193,4395,
72241,4184,
80053,4485,
83261,4591,
63894,3798,
72310,4279,
61425,5109,
67051,3974,
73368,4789,
95891,5802,
66551,7448,
54698,5933,
95532,5559,
46499,5700,
40949,5543,
69896,4553,
53426,6266,
140190,5087,
211718,5566,
67298,6975,
218321,11989,
57586,6493,
256775,25902,
130813,8719,
60143,6976,
45593,6332,
69005,7139,
63112,6796,
52955,7021,
66317,7345,
81885,7793,
84915,8132,
150239,7693,
155229,7562,
93782,8532,
169024,8598,
91865,9417,
454790,22118,
90756,9045,
21939,1848,
89399,9640,
106606,10691,
113931,12690,
122798,12340,
156559,19122,
322896,36237,
87034,9624,
94012,3131,
49224,2289,
42438,2473,
53484,2921,
234618,3808,
377219,6479,
179965,15203,
132872,3823,
243474,5718,
105287,5044,
92107,5578,
136790,7687,
89240,4985,
125825,5759,
126947,5609,
147109,6371,
187550,8214,
303835,13487,
306677,24312,
90280,5622,
197099,17435,
85548,4230,
61369,3251,
49899,2841,
64987,3057,
64354,3442,
75978,3764,
102908,5584,
63210,7138,
37849,2278,
69033,3664,
64027,3512,
56685,3189,
103587,5851,
142495,7101,
107791,5463,
118194,5746,
130311,6146,
140457,6517,
156544,7140,
138173,6880,
199403,9154,
163714,7201,
260576,12384,
47393,3948,
101424,6397,
312320,6275,
58161,3892,
104444,7073,
89172,5457,
70355,10635,
75554,4716,
83113,5728,
71774,5205,
266461,21390,
103606,5394,
117461,6830,
128631,8300,
143450,14809,
111887,6528,
209922,10974,
324801,7156,
122035,13387,
68065,7010,
31237,2798,
52249,1933,
24563,1966,
31988,2346,
28448,1923,
64327,5949,
68821,5868,
186187,14501,
72840,9530,
84044,10112,
111517,11471,
105308,12228,
157281,21351,
531833,42575,
68375,6039,
118679,12982,
165521,11691,
135344,19005,
88572,5522,
56804,5548,
156333,17888,
61377,6162,
93924,10407,
55346,3512,
68947,4117,
51641,3225,
50318,3193,
60272,3800,
161467,3590,
69010,3940,
66253,4000,
99664,13325,
360182,5160,
77997,4617,
98487,5360,
114799,6410,
125300,11134,
106625,12018,
56875,4152,
22665,2147,
77241,4884,
50232,3460,
88006,5520,
82343,4739,
95177,5304,
94936,5684,
136356,6992,
787136,12022,
150038,16871,
230127,6839,
146536,8346,
136151,8095,
243454,9210,
352758,19573,
263521,18102,
648410,77647,
112039,8533,
198600,28825,
83729,4311,
77676,6209,
85188,7134,
71127,4698,
74349,5239,
69841,4477,
241056,4446,
48758,3754,
444014,18955,
103602,5162,
99042,4547,
113051,5420,
191790,8175,
517865,20525,
110998,12539,
101946,10410,
121292,11141,
147929,13199,
79484,10116,
114712,10872,
132707,11452,
136526,12044,
146577,12802,
125706,12134,
158328,13538,
190792,17250,
273905,25531,
52767,3243,
61011,3458,
79968,4357,
108970,5747,
138310,7845,
83396,5585,
81090,5647,
60504,3683,
126685,9099,
91581,4598,
100490,3812,
113800,4933,
327243,5747,
235855,10822,
178937,20705,
216961,18900,
222877,19655,
255141,20102,
238106,20350,
277070,23667,
344625,34607,
125052,5351,
67855,4768,
565230,9469,
108254,8607,
806491,66247,
45530,4300,
69431,8783,
76653,9684,
195692,11990,
130844,7930,
938650,44563,
185524,15236,
82659,5291,
210999,4919,
86862,6503,
86750,9837,
117218,13146,
316821,24363,
413464,47361,
195338,13427,
37580,3016,
82142,7423,
578205,52144,
189354,22486,
238017,16036,
84756,7182,
99347,8426,
82087,7375,
80202,7342,
91934,7921,
79561,7622,
75756,7856,
80342,8076,
90520,8863,
139321,10455,
21766,1718,
28928,976,
23497,1406,
14030,369,
27066,1506,
6354,141,
6368,203,
28687,1089,
5826,145,
6158,318,
23484,1544,
55109,1890,
5258,147,
27566,1648,
15196,777,
25881,1569,
26561,1418,
16495,633,
9332,364,
14035,536,
29878,1223,
8208,283,
33325,2506,
6314,311,
39218,1929,
13513,390,
24696,671,
9874,426,
9927,367,
53759,2257,
8810,414,
21448,1519,
26501,2591,
24713,1434,
34621,2585,
10157,360,
38143,1278,
7527,173,
14028,326,
14270,430,
8976,303,
19667,1307,
11744,321,
222699,8046,
38933,2682,
12796,358,
15439,526,
37886,1954,
8142,231,
18349,1011,
20055,1070,
31539,2063,
27329,2110,
20805,1019,
12958,458,
11290,420,
17005,635,
22661,1241,
7759,249,
8375,305,
5537,166,
7196,294,
28788,2148,
4450,143,
11893,473,
14237,725,
23571,1184,
5957,237,
19276,830,
15663,716,
14548,816,
8200,371,
12107,579,
109531,5119,
8344,356,
82341,2717,
10143,356,
21772,808,
32566,1583,
14230,438,
25683,810,
22564,1245,
12527,411,
25947,1484,
25039,1125,
27930,2572,
611797,11313,
40706,2229,
30080,1294,
17556,787,
9514,305,
36576,1310,
4876,133,
10995,365,
66813,2079,
21612,868,
78211,3137,
15569,914,
112020,3114,
22011,705,
566031,13708,
135071,3193,
72376,2157,
117055,3543,
139482,2555,
10089,421,
185313,5644,
172900,3850,
24806,1418,
363322,10185,
23857,991,
24594,1321,
2148037,23351,
6462,199,
9544,403,
11653,517,
11499,378,
791644,14577,
16795,462,
563134,6485,
8492,262,
14529,596,
27690,1862,
32439,1548,
13405,682,
811801,14787,
8981,315,
13691,642,
335463,8342,
70724,4273,
10823277,72311,
18532,1190,
77711,3879,
9884,222,
50929,2632,
25321314,137556,
19678,784,
28847,1046,
21026,1105,
8736,324,
13894,688,
15482,602,
11441,448,
18177,720,
648948,14386,
9345,299,
22064,1678,
15133,729,
10953,391,
8436,262,
10831,335,
24816,1583,
1244124,14871,
45713,2843,
7282,241,
18725,863,
371028,9000,
17239,742,
8838,386,
7047,399,
7051,608,
8753,1123,
7453,702,
991059,12916,
17334,1726,
8383428,65056,
3659,294,
14525,1493,
5237,816,
6363,646,
13783,941,
724725,11201,
10525,952,
878093,3664,
6395,643,
304682,7533,
5452,376,
5151,615,
786907,10895,
425893,11016,
7669,772,
321875,6279,
3664,326,
18087,1326,
7574,953,
2630,243,
18570,1640,
895149,14155,
10175,970,
818435,10454,
233206,7366,
6551,413,
804468,15577,
5818,674,
1083175,12241,
1853433,15835,
7100,579,
604327,6754,
15954,704,
7490,815,
1095132,12329,
14055,1373,
6286,649,
6029,755,
1183719,21255,
4137,393,
349073,5463,
9284,968,
1028810,10170,
26262,2545,
10234,1030,
1753247,23038,
3778,563,
40218,4644,
2892090,77837,
6058,711,
15428,1538,
6295,556,
98740,7862,
3483,299,
14238,1511,
4509576,35164,
4189,397,
3821,382,
14344,1405,
20917,1858,
4522,471,
2653762,24997,
9604,846,
3536,351,
4735,495,
3577,373,
6020,732,
4910304,38307,
5798,780,
4904,511,
14913,1272,
4863,615,
7871,631,
112911,8003,
7388,691,
15198,1657,
2447100,33566,
3092,314,
5112,592,
2117,228,
5832,538,
3430,400,
25412,1575,
10060,1091,
7996,928,
5405,540,
9160,763,
8056,774,
2538327,25562,
2358,286,
61855,3762,
3957,476,
2489,242,
1940,192,
1952,215,
2320,246,
4763,369,
3516,337,
5666,728,
9893,1176,
3365,392,
3584,318,
6111,823,
2257,219,
3303,375,
4182,408,
78725,5824,
2503,260,
101553,3320,
4897,479,
1813,229,
2611,289,
5449,584,
3160,329,
3770,395,
10246,1281,
15127,1517,
9531,796,
8376,1003,
2438,298,
2802,266,
9028,566,
4913,614,
4496,605,
5866,742,
9345,1221,
4115,496,
1537897,14912,
8297,542,
6209,679,
4397,374,
2904,285,
11047,637,
2629,300,
10425,1191,
5804,744,
4108,461,
6583,802,
25315,2167,
6003,446,
7685,549,
7355,884,
6721,673,
13016,976,
12610,1283,
6633,878,
8544170,63848,
3268,291,
222273,20925,
3012,311,
23599,1789,
5852,668,
355077,6832,
81179,3568,
9826,860,
3598,390,
8785,829,
7457,731,
19948022,71286,
13237,1539,
38854,1834,
4245,473,
5325,562,
7573,1073,
6128,771,
39768,4044,
4225,472,
3017,312,
138752,10111,
6702,1056,
3790,375,
10342,1003,
11196,1396,
4587,457,
10178,1310,
16429,1420,
6699,843,
51400,4361,
29686,2892,
6779,802,
24141,2012,
5289,620,
13315,1554,
11601,1544,
1018140,22596,
94530,3237,
12716,1177,
693918,12782,
9722,1175,
987773,14780,
13145,1340,
5077,574,
19937,1796,
6112,552,
7195,690,
12790,1618,
6918,678,
60324,4452,
5942,864,
6643,786,
1748035,21800,
24129,2040,
5891,808,
9672,1540,
8029,964,
4362,476,
3989,367,
14588,2217,
2783900,43614,
6972,639,
6992,601,
54536,5950,
9652,1113,
14923,1971,
5361,563,
3978,437,
12662,967,
8122,930,
28356,3086,
5895,667,
4538,600,
8492,1174,
3357,342,
153836,13453,
14383,1866,
2917324,30059,
13894,1506,
319409,7660,
34207,3591,
6291,777,
10471,1392,
14153,1308,
6381,815,
22227,1753,
8379,966,
11420,1444,
825810,18039,
57041,5806,
8988,933,
7346,748,
5455,553,
7307,790,
11757,1175,
393139,11301,
13063,1757,
11174,1233,
25815,2267,
18228,1989,
7526,947,
61627,5812,
13527,1186,
8970,1093,
11826,1081,
8507,927,
11501,1431,
18020,1933,
14103,1778,
7968,875,
5873,777,
4570,486,
20254,2629,
11294,904,
60073,5950,
10898,1344,
4153,488,
12684,1424,
24030,1863,
6666,783,
6061,783,
14949,1745,
8495,1135,
20732,2138,
20950,3115,
3231361,43371,
6226,730,
19320,1638,
7458,686,
5733,779,
6200,702,
66207,5769,
11958,1174,
1484070,24845,
6277,846,
7358,851,
180838,16421,
60537,5504,
38121,2483,
9553,830,
214714,19198,
24402,2383,
6205,653,
6437,699,
5499,608,
21542,1390,
20863,2116,
4562,506,
16187,2227,
24778,3222,
3833,547,
3205,355,
15563,1407,
11304,1136,
7331,997,
8458,849,
216032,14297,
9619,1240,
4785,535,
4627,515,
7355,792,
12522,1474,
10435,1152,
25025,3121,
15222,2115,
10525,1314,
56174,3655,
10735,1201,
939293,16552,
6573,801,
12031,1136,
3530,347,
9889,1025,
7148,904,
27602,2814,
5637,636,
10714,1276,
8711,1070,
44573,3479,
11257,1540,
17022,2258,
4989,495,
6135,781,
6556,667,
7784,938,
25973,2249,
2977,217,
2949,323,
2403,218,
3163,192,
7279,773,
4794,194,
5929,367,
2440,189,
9461,446,
48480,1210,
26018,1729,
67619,1613,
360796,14602,
76940,4436,
70467,2119,
42579,1151,
9475,280,
11247,292,
11904,317,
10557,354,
3597,222,
2935,153,
2562,185,
1471,156,
17478,564,
3431,233,
3453,199,
13782,519,
15989,564,
1541030,6806,
350130,1248,
5720,399,
6535,234,
15131,875,
10330,775,
19127,496,
81920,5170,
52283,2264,
37248,2329,
32827,1271,
262256,10748,
61638,3240,
139388,6452,
77337,4121,
20228,915,
64401,3133,
61890,4438,
14764,909,
14225,989,
12271,555,
10755,325,
13201,581,
12996,571,
5484,185,
2399,156,
3816,229,
5743,222,
10630,363,
3309,205,
9703,677,
21019,501,
17291,1005,
2715,272,
3995,253,
103449,3572,
137838,6808,
15041,779,
89313,8150,
4945,657,
9174,643,
3836,246,
17420,771,
16149,620,
6681,377,
24049,828,
17708,1245,
12605,387,
27742,675,
29539,1926,
45963,1884,
20817,765,
31478,1808,
10431,320,
6097,283,
18214,881,
26639,987,
20084,921,
15077,618,
126404,1636,
130221,3163,
29097,1403,
92929,848,
49757,846,
37643,605,
42239,692,
53408,1052,
59236,692,
175332,4338,
250014,13872,
65055,1473,
59168,847,
65929,1589,
28798,1708,
222158,6346,
346382,17855,
12056,350,
15464,594,
10746,270,
4864,305,
5560,409,
9456,539,
8670,431,
7787,539,
15000,770,
13149,376,
58757,3593,
17064,759,
52314,858,
10213,328,
29893,619,
28785,706,
14523,484,
13218,739,
13892,502,
34204,789,
53676,2569,
22195,570,
8338,469,
6991,450,
4847,335,
8096,478,
7207,472,
4274,247,
6755,212,
5991,448,
10183,290,
4136,280,
7325,502,
10098,551,
4036,276,
17931,366,
12791,758,
25616,503,
12119,803,
1717,109,
13733,843,
18103,1261,
9258,375,
5126,300,
16181,961,
12074,474,
16452,474,
77652,4690,
59040,1350,
17109,704,
25244,667,
34859,2134,
38551,999,
109122,3647,
116959,6076,
11224,366,
5866,257,
4966,226,
9098,314,
7015,285,
3059,155,
4375,335,
3299,262,
4974,317,
4202,180,
5897,453,
3499,197,
55581,1440,
5562,264,
5437,438,
12939,606,
9671,311,
4174,336,
6024,304,
5740,275,
10209,317,
16894,601,
8163,315,
10254,516,
19057,519,
8019,282,
9590,282,
7997,334,
23966,632,
19779,602,
13460,437,
10190,408,
19411,573,
5729,413,
15959,675,
7219,563,
11734,510,
41652,776,
34980,799,
20908,1042,
71420,1729,
128379,6618,
11085,971,
15294,426,
53784,928,
38519,558,
14761,454,
9628,318,
71810,1181,
23154,1284,
2143,93,
18993,353,
6227,247,
15553,441,
8380,294,
6213,296,
4262,231,
18450,595,
23617,853,
12926,551,
13756,524,
124023,5255,
7867,340,
6893,347,
117460,1804,
365683,7857,
426229,22353,
52011,781,
40614,1673,
79686,1322,
7414,346,
16501,778,
9109,445,
17721,836,
6218,194,
15722,1060,
2381,161,
21483,488,
142760,3742,
82314,4634,
10340,486,
27008,1214,
23694,1242,
44675,2404,
1033917,415,
446897,280,
11059,533,
17017,557,
2172758,584,
865507,312,
6983,317,
3633551,16665,
823704,9599,
1256343,14394,
2964827,1717,
3101,216,
33727,857,
23297,527,
24098,753,
18754,548,
6318,376,
5297,205,
8694,738,
2401148,10492,
855123,1640,
138855,1840,
3577,257,
5212,130,
11044,332,
33027,1593,
7389,177,
14092,1163,
25901,966,
4625839,10943,
9285,477,
4151,103,
5089,255,
5854,289,
4761,274,
7837,371,
5271,194,
5224,98,
31403,676,
17018,1048,
13525,615,
9439,156,
11668,644,
10294,212,
35790,1157,
1050879,2290,
71879,2627,
59774,4887,
216485,12101,
135414,5241,
30482,449,
24135,1163,
35662,1544,
20064,416,
83316,3302,
11432,531,
76121,4310,
9485,378,
14482,681,
12563,371,
132883,3588,
165176,8301,
18872,507,
11265,618,
15686,922,
23084,607,
47554,1850,
1294882,1439,
13572,806,
12618,253,
8698,428,
9630,177,
440624,10448,
224778,2761,
184970,4464,
14080,851,
11066,276,
8774,502,
8738,290,
27883,596,
18929,1084,
20563,1198,
20364,507,
333072,7337,
1000161,32837,
4535173,15510,
5914,434,
3335,239,
3297,248,
2485,201,
2593,231,
2924,229,
3747,306,
3956,332,
30828,1592,
4345,372,
6774,525,
6626,526,
4825,399,
13632,737,
18797,1027,
694459,18780,
18424,877,
37320,1614,
12134,1646,
32276,1080,
84761,4638,
70626,1475,
7852,147,
11708,271,
3888,133,
87425,4272,
86961,1356,
78785,1640,
106960,4042,
37035,905,
58702,2316,
27952,1014,
56984,2194,
161123,4486,
107254,5805,
46192,1374,
40624,1245,
65375,2230,
57837,1609,
53551,1529,
39940,1297,
62536,2525,
57524,2040,
48424,990,
208280,5723,
215153,10020,
53730,1336,
83782,2493,
27105,828,
58943,2568,
37739,889,
4827,179,
42942,2417,
1453,83,
3556,133,
25970,604,
4875,182,
38643,1096,
3778,144,
37275,2215,
1171,77,
488724,23621,
47584,1903,
12256,322,
29500,1847,
199667,5057,
229089,10537,
400257,15765,
118090,2539,
101740,4511,
31775,1317,
17042,967,
25586,1301,
43730,1787,
21102,1200,
22139,1180,
25351,1223,
25697,1133,
431631,9009,
701205,21740,
240784,3793,
552546,15686,
67232,1743,
107021,3392,
135854,5991,
40274,1279,
141087,7170,
90911,3115,
83578,2384,
151691,7349,
151983,3959,
98935,3109,
31219,1168,
218452,9190,
196444,4116,
28538,1515,
148371,3705,
183036,8508,
212905,4927,
24363,1071,
40537,1924,
32228,1640,
22475,1229,
259880,11870,
343953,8970,
57127,2348,
50135,2214,
72195,3459,
130091,5257,
81299,3049,
109093,1690,
144733,3024,
178367,7710,
164605,6447,
8791,499,
28817,1094,
26872,1104,
52586,1346,
30606,551,
159587,3195,
140330,5508,
220682,5519,
267953,11491,
81182,3392,
294590,13925,
249965,5684,
20958,1037,
447196,12864,
238240,13536,
156223,2392,
280012,10775,
85576,2093,
51889,1662,
45870,2051,
18971,278,
3807,219,
44026,619,
6318,86,
93874,3859,
27756,1377,
71291,1695,
30998,1546,
30707,1510,
24638,1172,
13857,900,
13098,807,
20332,1195,
23268,1275,
18234,1117,
17973,1090,
31212,1704,
24338,1326,
73650,1400,
19032,968,
15915,1078,
22828,1186,
16504,1109,
22628,1185,
12378,797,
15923,1017,
24282,1407,
16965,930,
28598,1041,
23544,1277,
18367,1163,
16843,1043,
29715,1734,
19466,1206,
39560,2177,
170026,3875,
164818,5829,
360744,5961,
1001145,11700,
675711,13154,
2956713,33983,
187779,3992,
428334,8179,
188997,4052,
71445,837,
1386870,11176,
5164926,39378,
324694,5033,
473774,5711,
1730653,28065,
666666,7348,
753136,8777,
417820,5473,
518310,7014,
2284272,36017,
102067,1162,
163425,1335,
13740766,170440,
712472,13468,
1811281,12917,
1095687,18941,
1797103,20915,
887277,10431,
1002309,26016,
849738,13537,
922830,13415,
1200351,27136,
1035189,14191,
1844463,21016,
793416,12233,
1041584,13566,
3809516,34842,
1003635,12725,
1319839,17596,
1011446,22740,
5611815,42452,
1044060,13730,
1079075,10371,
4162022,43904,
1335349,20493,
1450432,15629,
15036037,118759,
4187816,64041,
2619990,41540,
2849826,34256,
2187365,23049,
618038,4613,
3505105,32585,
1367871,16538,
5422855,54203,
3718943,56646,
1006954,16616,
1855248,25076,
3162471,47197,
1738025,16692,
4465686,37620,
932751,17403,
4573309,47551,
6271868,59331,
446453,6920,
794762,12289,
8552283,102190,
2027449,37106,
2241717,19737,
903770,15423,
2343070,25075,
2473120,49046,
4815799,42203,
1104653,19829,
3530279,52336,
2230927,39544,
22259989,166914,
19992462,198118,
1023832,23911,
1043061,12187,
887663,17815,
1009596,12486,
1262870,16879,
701499,10414,
605750,8960,
5491657,57161,
2114922,36706,
2326560,34833,
6287938,68100,
1280390,19876,
13135191,149133,
797922,20386,
1142310,23114,
678607,13933,
5757842,68292,
969174,23501,
1887951,25592,
1675417,36920,
4214020,113876,
1823922,27651,
978181,24718,
1278176,17910,
1247070,18994,
14065965,157217,
9985317,98777,
1893748,26495,
2497694,39345,
3272653,27356,
655284,9572,
859319,18672,
994592,27327,
991614,30990,
1677131,48164,
6118256,130597,
1356129,49208,
1889885,66101,
881070,29093,
1454145,42804,
2813978,29015,
1418273,31265,
5317659,76388,
6409294,89756,
1659143,36792,
4097249,101726,
2093399,71857,
1840850,58995,
1871987,55429,
2199028,73877,
1987296,61128,
2197704,72750,
1681629,53141,
2280537,76709,
2051936,67530,
4297836,83150,
1629257,44761,
1596552,39948,
3914870,107775,
1972284,48022,
1761599,55096,
2872101,82480,
1957971,61532,
3580671,108182,
1664597,43194,
2500676,60428,
1487899,32380,
2047426,53533,
2737984,72691,
1833051,48225,
4154566,107086,
10544687,284488,
5954334,71553,
17867694,171866,
10077104,92205,
2121436,38187,
3394039,39378,
3130206,63489,
995845,15459,
5586094,59322,
829644,13057,
2736663,71042,
879437,23289,
1284898,36989,
858393,14864,
744390,11129,
731593,10101,
444691,8739,
565468,8186,
539350,7348,
453268,5168,
353247,4830,
611469,8571,
477129,6688,
4486864,58741,
463070,6347,
396529,5404,
1670243,20874,
1383146,19078,
351836,4404,
747818,14496,
3391817,55713,
340404,4789,
445460,10838,
1004819,10857,
508007,6104,
329906,4087,
208335,2666,
233316,3490,
292848,4176,
330063,14849,
207914,3067,
239514,3086,
352721,4341,
418486,5775,
245788,3939,
610958,8453,
866761,11539,
487093,7061,
1590643,17734,
701881,9709,
1325090,14352,
778637,11487,
1030070,12997,
2315471,35606,
9005925,85439,
1952840,27729,
278042,4866,
247096,4411,
209875,2951,
373409,8493,
557378,6388,
271531,4731,
241193,3451,
222471,3385,
336580,5014,
1332605,24901,
267748,6678,
267519,4032,
340937,3699,
209426,4724,
258955,3753,
188036,2840,
195597,3465,
178857,2423,
342383,7386,
406669,5545,
202295,2838,
225466,4461,
4259273,60670,
2457079,29120,
188078,3860,
186930,3463,
282500,8210,
196880,6406,
281624,5321,
303882,4138,
416902,13715,
534809,13999,
194438,4793,
441718,14967,
214824,5252,
268610,4800,
212471,5915,
365997,13146,
213402,5250,
535070,16334,
249888,5974,
599729,15395,
188312,3182,
624,10,
19550,83,
10049,50,
566694,677,
75999,124,
10810,34,
198334,772,
3826,10,
15000,70,
52550,164,
31976,95,
66439,365,
3281,13,
94210,387,
5798,18,
8074,48,
250936,106,
825272,2545,
297895,799,
31080,104,
5893,18,
94510,268,
1052846,2206,
13393,107,
6203,31,
48703,150,
30860,123,
612291,1642,
553460,657,
689336,1570,
33917,150,
2690,8,
32371,116,
3019,13,
98437,341,
104999,260,
70445,34,
46133,124,
4265,14,
96327,298,
18056,71,
836783,1669,
1299664,2512,
3430946,15869,
193321,918,
574347,1206,
274534,487,
2323,10,
18678,120,
69783,110,
17659,111,
3843,16,
6142,27,
198680,672,
19637,89,
2200,8,
4792,43,
3388,21,
4753,37,
722225,2099,
29575,96,
4130,26,
2125,9,
3273,26,
44527,142,
1685,8,
1453,14,
779792,1585,
31103,166,
1034,3,
102616,429,
410378,982,
2350,4,
1158,13,
449,11,
3525,26,
2144,43,
1489,5,
2001,18,
301,2,
465,4,
2081,15,
98978,53,
401,3,
5386,30,
783,5,
1277,8,
3552,19,
658,5,
6109,18,
2863,20,
5864,11,
620,5,
33562,109,
7013,39,
731,5,
2165,30,
30173,138,
8313,39,
845,10,
2858,16,
816,4,
1593,11,
218926,2786,
1276,11,
531,1,
4440,15,
1293,1,
3694,19,
1746,16,
2020,13,
624,1,
754,9,
2975,9,
2325,36,
1567,7,
998,1,
26562,166,
22205,156,
2060,41,
928,5,
442,4,
6328,42,
998,5,
1403,8,
1667,10,
911,6,
2484,17,
889,6,
9816,54,
1050,8,
41936,167,
2081,21,
1960,26,
312618,894,
4177,10,
1776,9,
1296,14,
1552,10,
968,4,
2410,14,
9553,7,
453372,1194,
4979,59,
3504,18,
776,2,
1275,11,
1351623,8634,
754,5,
68901,94,
489,5,
8390,25,
6898,26,
2733,22,
29967,130,
63901,95,
117064,565,
4772,30,
1562,7,
713,3,
2334196,9898,
13732,16,
1094048,2832,
1852,17,
229284,518,
13974,59,
1467,11,
1352,6,
19155,142,
24418,242,
1457,5,
578,5,
4500,27,
827,4,
1948,6,
354052,1054,
3826,54,
1046,4,
3522,26,
315,2,
467,3,
1987,34,
2460,14,
719,2,
5259,50,
1712,11,
13871,60,
1534,7,
2969,36,
179613,384,
930,1,
2577,10,
388,3,
126139,408,
898,2,
11176,51,
204554,722,
3592,34,
826,6,
1032,9,
702,4,
19596,132,
1124,10,
5238,54,
1003724,2193,
993,13,
87121,148,
931,11,
14358,169,
343828,692,
4840,26,
799,3,
728,2,
121856,494,
36285,318,
636279,1146,
3359,10,
4271,14,
89791,218,
231535,699,
837,6,
4524,22,
2720,15,
941034,2110,
480,2,
1103,15,
855,7,
953,5,
4730,37,
38122,273,
794,1,
89921,183,
680,2,
684456,1998,
18489,47,
5445,25,
1765,6,
1389881,2521,
2793,17,
1085,10,
4590,37,
379,2,
556,17,
1339,9,
3644,27,
273,4,
152,1,
862185,2384,
23477,112,
553,5,
805,4,
4892,30,
746,4,
300,2,
763,9,
291,1,
444,4,
1263,11,
1244,6,
1154,5,
721,3,
195,4,
325,6,
346,6,
5535,26,
266,1,
353,6,
344,2,
35763,97,
1722,19,
213,1,
840,7,
65844,134,
14350,55,
3927,30,
382,1,
883432,1491,
21285,107,
6327,43,
405303,804,
1666,15,
452,4,
170097,1178,
2092,9,
2657,20,
454,5,
1353,8,
910,4,
27121,161,
1681,21,
355877,3723,
670,4,
174633,362,
1206,8,
2105,24,
168,3,
1060,3,
3210,22,
301868,1029,
1599,10,
4074,31,
98438,1146,
1016,9,
1361,11,
480,3,
2803,16,
256,3,
162,1,
342,3,
460,5,
249,3,
314,3,
135,1,
3711,27,
1800,5,
4555,21,
2429,14,
2538,21,
19146,146,
575,5,
391,3,
2277,21,
4089,35,
2885,32,
208793,577,
2196,14,
760,5,
1957,19,
3179,33,
1421,7,
1527,12,
4278,41,
588,7,
2171,11,
4957,45,
1580,12,
620,5,
1290,13,
669,6,
1663,14,
374484,680,
3562,29,
312062,2042,
761,11,
2892,18,
4631,31,
7073,32,
2045,19,
2194,15,
2396,15,
337,4,
313,3,
4834,18,
9516481,7956,
1271,16,
1904,10,
6271,20,
403,6,
6069,29,
2855,25,
1130,6,
689,5,
2503,9,
4467,47,
2227,27,
19162,146,
1365,10,
823304,2622,
39643,88,
7438,49,
2462,19,
993,10,
881,8,
704,10,
594,9,
5300,37,
5470,23,
817,5,
3787,17,
2034,12,
950,11,
67784,193,
5756,30,
2221,17,
1814,12,
1959,6,
18221,48,
1986,21,
2629,13,
2824,16,
1444,29,
976,14,
1238,10,
721,10,
127,1,
733,9,
489,2,
832,11,
6535,42,
4128,12,
356811,1332,
1593,7,
1525518,6208,
11440,55,
1123,9,
293,4,
2179,25,
13861,47,
1188,8,
2272,18,
1523,9,
3683,14,
2721,25,
2514,13,
1948,17,
1680,6,
541,7,
1919,14,
209,1,
1290,9,
17880,58,
311,2,
19693,89,
2290,21,
37315,110,
19031,57,
3955,25,
41212,158,
3729,55,
2759,6,
8363,48,
84438,118,
175563,980,
636,7,
10921,51,
1894,14,
1608,11,
136409,370,
10180,61,
3285,22,
671,8,
2324,30,
231,4,
2022,15,
1834,17,
2235,16,
3059,14,
1564,19,
1063,18,
369,2,
12861,148,
736,6,
12080,72,
3675,47,
999,7,
1874,15,
7339,38,
389,7,
8291,29,
3438,28,
117565,257,
3253,16,
32284,108,
10190,97,
566,3,
322987,911,
228,2,
9961,75,
1643,14,
1364,14,
1425,10,
299328,559,
3981,40,
2641,33,
826,15,
143513,234,
1461025,3458,
122141,174,
587,7,
8800,34,
2675,33,
574,2,
3675,48,
3395,44,
710,5,
1677,18,
2954,32,
5806,38,
218,1,
1155,15,
604,1,
3913,50,
3087,34,
886,13,
190,5,
1994,22,
230,6,
1616,10,
3616,27,
1503,39,
2499,132,
2066,92,
6784,257,
3275,154,
2760,87,
9108,244,
2696,71,
3629,98,
8168,208,
20358,475,
5077,202,
18099,713,
8945,272,
10830,193,
11765,202,
9078,241,
21403,495,
380802,10300,
11753,296,
14651,302,
132781,7706,
20395,608,
66574,2159,
14079,229,
17181,290,
17232,423,
34511,966,
22666,429,
9941,254,
18878,534,
64684,113,
96502,1510,
3459,76,
54069,1945,
269336,15897,
14176,421,
136412,192,
80680,2441,
7818,102,
11665,190,
14568,235,
10302,389,
6991,200,
11178,276,
8251,202,
16789,608,
11015,321,
6699,179,
11331,288,
70570,3834,
28131,395,
22029,573,
28812,426,
9422,164,
19466,893,
28027,924,
11029,289,
13661,465,
17093,236,
14288,244,
9536,362,
106361,764,
23973,826,
17770,636,
14928,335,
16790,387,
6494,192,
15924,262,
9853,190,
59358,1688,
13811,372,
15804,1029,
4342,162,
74762,4925,
3739,87,
9675,222,
28082,1605,
23358,469,
180372,5633,
14962,180,
16738,448,
108867,10837,
17007,418,
1517,42,
15765,1048,
27908,1479,
54883,2631,
13697,421,
198983,7049,
16285,171,
8515,140,
12245,272,
24254,896,
36051,1144,
8599,223,
15276,326,
376725,9350,
13050,439,
26099,327,
40985,1002,
136947,2015,
35359,585,
16494,305,
120292,256,
12872,174,
54819,1023,
23579,397,
50945,1360,
14465,339,
21689,356,
26569,546,
33184,558,
292536,289,
15098,197,
22670,401,
25356,441,
21583,255,
6413,104,
303270,4431,
8953,287,
293106,20312,
46571,1181,
51302,1993,
18732,377,
18781,349,
92592,767,
51271,1573,
12436,457,
232112,7485,
79642,1146,
12071,152,
412662,433,
21098,477,
562573,4805,
166694,292,
36280,633,
24149,611,
26517,293,
25399,472,
12384,199,
43532,518,
0,123,
51098,781,
16239,398,
71281,1277,
32176,796,
48150,1167,
141203,3243,
63861,1485,
29068,482,
39016,525,
26847,789,
21988,689,
54475,2333,
49492,1158,
33270,682,
21451,176,
9878,139,
796151,19848,
21422,341,
15548,255,
32061,262,
56049,988,
46818,430,
81017,1571,
37999,494,
93102,2529,
57760,1665,
85199,2452,
162394,1790,
44941,946,
19401,236,
61536,1414,
123055,2403,
168096,217,
28863,228,
51927,477,
43500,736,
81638,295,
95495,1139,
438850,618,
651166,234,
206617,450,
6932,140,
27581,379,
18810,364,
27424,381,
13708,222,
39073,951,
19217,287,
40734,1486,
67352,972,
57694,698,
43134,546,
16036,330,
32895,377,
122841,2026,
48151,892,
52689,1122,
36941,1056,
49774,227,
25601,582,
15181,346,
28336,610,
21568,286,
45207,394,
28996,352,
8968,0,
39656,410,
13779,331,
10211,195,
148393,245,
6271,134,
288555,290,
11722,330,
17764,232,
16428,281,
18074,371,
17642,480,
10856,315,
13587,217,
13064,318,
12991,194,
14267,345,
13063,391,
758731,826,
8985,176,
370521,9142,
17812,216,
77107,769,
1387981,49502,
8889,360,
11634,288,
9971,193,
33122,769,
122167,2417,
7653,116,
9432,186,
137502,3635,
19060,578,
53188,1032,
17383,447,
17197,337,
18920,394,
299161,385,
27150,331,
52947,1040,
144569,2034,
46725,836,
107834,1597,
23298,471,
24462,274,
24271,416,
37582,237,
1127771,1093,
6555,102,
4654,88,
74683,1502,
213805,2498,
220221,2969,
25236,566,
17331,350,
967811,881,
38247,999,
32736,211,
38652,654,
9334,202,
65566,1076,
74691,1074,
119953,857,
195977,2431,
27879,646,
71256,811,
52871,597,
34642,672,
50691,1005,
25301,393,
25521,247,
1035219,838,
28675,357,
40164,715,
16725,543,
24125,247,
105348,307,
57939,680,
14496,335,
74717,968,
46817,475,
272112,3940,
77094,498,
128343,545,
163636,1548,
86293,540,
18748,443,
98527,407,
42429,386,
298728,918,
53267,652,
132915,3999,
49702,432,
154020,1710,
94201,2026,
14117,269,
209366,4520,
32937,519,
59309,719,
74335,1445,
47179,639,
40051,993,
83802,1584,
310955,3504,
66234,514,
47695,989,
38290,824,
139147,338,
33397,771,
75314,1572,
48706,293,
109423,450,
32173,538,
53975,729,
187563,4429,
112968,1178,
144331,3345,
194847,2098,
42217,324,
73973,854,
26853,343,
111696,400,
1028433,1244,
156234,4775,
19259,139,
31716,690,
37647,721,
79766,1352,
52551,1196,
37201,681,
39569,1019,
85672,753,
14285,171,
11428,181,
25772,390,
23845,561,
28537,262,
56296,911,
99408,1431,
26841,272,
148687,349,
44009,685,
39557,452,
18574,366,
194098,5447,
49447,953,
45770,609,
391941,5264,
178239,2341,
52702,1130,
50988,1256,
50760,1181,
33945,914,
15653,344,
35366,1597,
31928,355,
43391,1037,
110295,2019,
44966,874,
394497,12061,
16043,423,
850527,8958,
57980,718,
10453,0,
39137,551,
246455,10371,
97449,1892,
49184,1175,
29368,386,
55610,998,
13101,207,
42826,909,
46856,931,
70430,1777,
44944,917,
46700,604,
257167,3244,
999739,27576,
400565,12311,
265774,10898,
125974,3690,
129409,2665,
160286,4158,
2220236,91502,
319030,7681,
187379,4166,
177459,2809,
318260,10249,
65632,1256,
83671,2890,
102135,1852,
27053,875,
20003,259,
66955,982,
19027,428,
33223,392,
47434,1863,
46853,1478,
336877,11832,
20937,346,
24362,557,
1070380,1065,
260611,4697,
754309,18867,
19299,264,
45241,751,
110663,2380,
70094,1173,
45664,614,
27403,246,
70745,1934,
44900,1170,
7094,114,
18518,118,
28392,439,
36546,716,
16179,320,
10360,219,
342965,6806,
19617,376,
45293,698,
49316,1144,
69290,1301,
28528,335,
45136,528,
71039,420,
14082,161,
60051,601,
28279,283,
25442,532,
60003,1007,
16115,211,
19196,123,
50069,1041,
473929,7890,
33676,402,
22690,612,
7130,127,
860210,24262,
19982,577,
33233,788,
72651,1128,
106351,3056,
34637,1526,
6541,130,
44025,790,
12293,352,
92591,2753,
342920,9706,
7019,143,
191741,3150,
28611,334,
39365,787,
48173,1532,
26440,626,
116938,2239,
30719,580,
125983,1776,
65813,978,
487741,14373,
87323,1176,
39980,321,
19326,295,
44350,555,
20901,294,
18068,159,
45719,886,
1238331,1044,
73235,1368,
19253,320,
71022,411,
19648,444,
35373,800,
195904,7830,
133808,3134,
18260,237,
10837,248,
67250,1037,
65081,1111,
32350,881,
18330,443,
75381,2259,
92604,2906,
16385,349,
27877,320,
45763,874,
232894,3171,
53751,651,
22418,357,
50407,2237,
61096,1762,
402068,11119,
266833,14040,
630621,15030,
494946,14327,
399103,14494,
704830,18021,
437029,8281,
773919,22302,
547262,12549,
249602,7974,
577654,13056,
1133626,31476,
121277,6272,
445167,10729,
613938,12191,
196505,7444,
551256,17277,
553404,15055,
415460,8155,
200364,9433,
642018,9444,
425097,10961,
616553,36561,
454508,10029,
365494,17594,
583934,19447,
917743,16433,
530244,12526,
968801,18754,
211319,7996,
937255,22600,
901344,31188,
899350,18616,
768908,16828,
828314,35974,
582086,29311,
1209799,30510,
224890,8442,
1521610,65323,
599712,30042,
364753,10699,
490349,12124,
438452,12473,
642038,15470,
638144,29165,
779686,31793,
370998,10755,
607880,39531,
808932,18623,
493646,23543,
596974,30107,
801601,18736,
866347,18113,
447820,19860,
623394,26257,
927585,22677,
759450,28321,
447750,10215,
942625,35814,
746827,13379,
840359,19251,
676151,13009,
387235,12200,
904573,37866,
1218096,41090,
1003875,41601,
297463,9249,
368235,20868,
1104770,27401,
522361,10807,
601008,14732,
648127,20076,
826512,32241,
892056,27690,
226384,7353,
562307,12077,
1407866,37851,
960977,21952,
772972,19683,
1321409,32136,
467260,9654,
1981104,46056,
558453,9161,
302778,6979,
474352,22093,
617322,11435,
593128,22479,
344349,7178,
702741,26208,
202402,6095,
932899,43260,
659044,12004,
1139481,22820,
267839,7063,
787155,17767,
489046,10607,
753730,14160,
221040,6019,
145650,3802,
444152,6084,
1321067,20627,
829256,13371,
1418324,58270,
244208,6114,
641443,15575,
685994,17159,
670161,10754,
882995,11857,
997114,15158,
1137421,18446,
762555,13677,
367672,12273,
1282549,32745,
945917,12249,
375246,8795,
996313,25175,
260223,7877,
968157,26206,
742677,13407,
1384354,72745,
348775,8791,
567328,11747,
1072965,17941,
695113,13360,
1052940,12218,
380189,13529,
2736806,79657,
852998,17334,
810076,14804,
840707,18013,
1047688,20184,
196482,8347,
1160740,24695,
865217,20714,
282341,7838,
723432,16575,
630414,14114,
889475,46679,
404964,15556,
625424,20671,
1003256,22379,
487960,19610,
714540,36552,
307696,12083,
872817,17403,
698375,16945,
811493,18791,
1241286,20290,
393110,13624,
1354003,35927,
1349899,22544,
1710725,21317,
1126374,37461,
751485,31612,
319812,13324,
589200,21171,
385346,16137,
1352484,26586,
1578092,40520,
105891,3880,
889671,15754,
132603,4602,
3313417,97705,
1560874,49226,
807434,15037,
1267379,18136,
313374,14036,
2243182,32257,
1040672,25814,
1018753,18095,
1240644,18206,
1131755,21252,
1652414,32849,
1436377,46176,
1404664,60368,
401209,9895,
2059458,35405,
771846,19242,
1855725,33797,
378788,12488,
1109115,21805,
989377,32458,
956354,19036,
933031,17956,
505573,24670,
1151744,36110,
1584703,22762,
2226016,91982,
2159143,65375,
449818,20080,
1127291,28913,
1658112,21265,
1102723,29059,
1884744,32415,
857199,17529,
1366073,42317,
1031436,24822,
877944,23800,
1122399,61903,
416396,18571,
670259,14750,
2065632,20622,
626219,16110,
1478519,24391,
289369,14024,
837798,23298,
717255,15307,
637351,17606,
667912,23336,
329235,12846,
754234,26593,
728934,13949,
1052652,32861,
455567,19136,
210352,6185,
681023,28345,
530569,18622,
637111,14765,
913320,14913,
1092291,35349,
1053594,18367,
1150107,21726,
730228,15248,
47457,3315,
2036179,18975,
574937,15595,
2260258,48663,
316567,14534,
906781,22661,
589657,19415,
1880579,17926,
573937,23404,
773287,16910,
789492,17781,
1671784,74106,
2300436,113724,
307600,15720,
971767,21573,
766205,13996,
221245,14162,
646992,20914,
775496,26695,
1336094,33836,
635980,12169,
513565,13661,
840205,27541,
720086,14853,
896174,14599,
565683,29116,
76206,3195,
1097606,14016,
931580,15334,
919923,19633,
1126424,52316,
746873,23872,
937486,17477,
939857,15695,
763400,15321,
1329880,22623,
911699,19406,
586488,31955,
1334607,15996,
958582,55817,
904389,14013,
723682,15638,
887026,17074,
980982,14038,
628004,8760,
659665,12613,
1497414,16555,
658366,21659,
1581781,42766,
464694,7341,
105409,4677,
1164834,13325,
952389,10576,
693873,9719,
367926,6226,
1038745,13250,
653437,8648,
600746,8552,
873536,9226,
308052,6292,
608386,8143,
406897,9933,
1096053,11580,
370956,8682,
271719,5273,
530642,7866,
3194382,143201,
1210945,34290,
476225,11194,
1204489,13015,
400341,12061,
1055170,20537,
248804,11440,
1563487,15103,
2823214,52955,
415538,8078,
560741,19085,
329253,5093,
3690690,47872,
586433,20221,
662737,21512,
103304,4708,
131802,14658,
531103,22715,
535932,12033,
405929,7341,
415213,6098,
459054,7544,
146439,5817,
315326,17012,
67319,3407,
487238,18037,
558895,23041,
443488,12004,
940086,21548,
121159,3669,
891469,15468,
448332,46374,
282961,4788,
58758,3796,
388369,8756,
1007021,42344,
803579,10477,
92764,6279,
453355,25617,
76219,4174,
113012,3348,
412553,28999,
288849,8862,
190972,9809,
926971,29691,
572340,41212,
113394,2922,
488751,8186,
984300,14882,
210066,15585,
409016,5753,
777787,22614,
29135,3568,
729907,17051,
70426,3466,
354547,5645,
2751182,229129,
90125,4632,
1232791,33205,
580057,20241,
134375,7905,
748557,19667,
509414,7775,
332654,7894,
121957,6929,
601112,26289,
2924837,108449,
327804,6066,
61719,4470,
216021,5478,
1159493,24071,
151302,7856,
804135,30278,
291802,16852,
465652,29543,
432133,14019,
261281,20045,
671351,32591,
118048,7577,
594919,9783,
1084449,12206,
596201,12853,
179493,7546,
77187,5593,
2624564,172981,
1419976,19258,
88081,3244,
375321,7566,
587277,13230,
161560,4387,
902269,18579,
586647,11818,
136100,4133,
918142,16783,
532906,23039,
325360,10789,
365562,7553,
1066975,16039,
116089,4937,
387746,12245,
559908,15100,
1218343,29782,
293686,11314,
434003,7146,
129484,6244,
389228,9513,
409580,7751,
63133,4635,
305667,6524,
521508,12914,
408367,10407,
359461,10600,
210603,6995,
114148,7372,
469433,8216,
289731,10710,
249265,7349,
432643,12483,
100422,8452,
522098,15529,
485002,8561,
165821,5730,
323873,12605,
888488,9711,
1392021,27965,
210491,15842,
639739,17912,
321232,12563,
150636,10892,
578722,19369,
381773,18881,
297733,11777,
84731,7051,
381095,15031,
881245,15233,
582412,22659,
372369,21668,
2708893,83929,
203869,6851,
236509,9421,
701022,19558,
314048,14168,
122197,9954,
538301,8273,
86829,4406,
1046045,36059,
723798,24481,
241961,9763,
566420,17002,
184972,11873,
84990,8016,
439975,18365,
1181376,15787,
181285,7435,
167087,6641,
268220,7877,
278304,7374,
577688,17609,
703677,13032,
447766,11631,
420327,11310,
259001,8072,
174961,6916,
424180,11023,
2055220,38078,
296042,11614,
241769,9460,
595306,21486,
492987,15130,
1137907,21080,
498938,15500,
273993,10653,
745817,19976,
905215,21042,
418633,15933,
332833,10426,
498932,12778,
1307258,29043,
105740,6064,
787045,12286,
442419,11351,
255986,13864,
357468,11777,
558037,12459,
425664,13001,
572600,17434,
974455,18921,
644720,24384,
344882,24746,
474669,14991,
886127,18759,
831965,18018,
717862,19869,
983299,18289,
349443,16027,
337888,21043,
1110592,24366,
1353723,29393,
647360,17416,
769818,33718,
709607,26305,
484340,19292,
405005,12155,
1187670,26070,
394892,17258,
726980,21139,
1061148,23441,
1105918,22093,
680994,21752,
2036541,33289,
1814,207,
14619,1258,
50106,4712,
41872,3463,
85823,6454,
107118,6949,
80924,5508,
146467,6343,
86248,5190,
47124,3868,
42403,2385,
23368,1098,
33899,1547,
23237,1901,
468122,8304,
40091,2653,
866768,14847,
33404,2603,
148284,7029,
154053,2913,
98802,2095,
144730,2469,
64612,1506,
58695,1684,
52966,4698,
67562,2180,
98087,2527,
18795,2018,
91321,2272,
706725,10789,
65262,1880,
96798,2131,
52225,4602,
228613,3716,
428221,5344,
2046480,19235,
325074,4421,
706267,7606,
428910,4820,
320567,4058,
108615,2780,
361755,6375,
10177,1047,
210288,3229,
5415683,41971,
459014,3991,
389259,4564,
316455,4102,
165786,3056,
368604,4030,
18420,1541,
313578,3922,
156465,2745,
15775,1890,
279926,5314,
230207,4157,
40546,3677,
431714,5591,
398407,5044,
57019,5801,
406076,5864,
262499,3765,
509103,6630,
1430236,20821,
533086,7298,
329321,4995,
68403,7661,
1801486,15039,
884720,9570,
3959782,33547,
75135,8990,
626137,7696,
989412,12393,
418805,6286,
278338,4059,
859895,9861,
11959417,77722,
97606373,765217,
545547,7196,
3666460,35765,
284903,5007,
1174650,11693,
48456703,243488,
2988067,26077,
315815,5219,
2057548,19822,
354721,4964,
333052,6111,
301659,5855,
577592,9142,
58391,5293,
49200,5859,
53051,7493,
294802,31011,
158416,19517,
25283,1870,
19304,894,
19495,1018,
13060,529,
6032,374,
19885,1927,
12618,1330,
223529,5036,
98271,4748,
11141,596,
9019,480,
11833,522,
15507,734,
6453,688,
25476,1138,
7338,566,
24673,473,
236706,5779,
162431,2738,
3181,440,
6355426,73962,
24666,1452,
54721,4121,
450240,8207,
10589,682,
18155,1215,
7732,968,
3794,319,
5812,506,
50687,920,
12527,894,
3279,274,
11726,912,
9563,1068,
13888,714,
7104,579,
17369,1474,
15352,1399,
63484,2047,
4323,432,
1358,143,
5112,463,
5342,417,
6352,595,
2563,260,
6233,506,
12396,1496,
16193,359,
4051,358,
44362,2459,
40148,2178,
11747,764,
194850,5987,
14634,1228,
26620,1189,
19071,1111,
4123,353,
56067,3599,
6985,599,
3571,398,
50385,1286,
4149,132,
23469,1107,
136155,5235,
61988,2238,
3033,257,
3183,344,
34663,4877,
11602,734,
6264,609,
5493,551,
245051,7028,
16844,1735,
6697,554,
2611,286,
6821,732,
3126,405,
10214,901,
7033,543,
7408,491,
11896,1007,
28215,594,
6821,576,
4581,430,
3535,418,
279570,8288,
3473,356,
9661,697,
2703,244,
26565,1299,
4193,327,
3643,337,
4365,370,
10981,943,
123433,2496,
15308655,157910,
28939,1933,
2907,307,
33189,1843,
2490,235,
4608,450,
146340,6424,
4387,405,
2820,263,
2736,257,
2857,325,
2953,286,
2103,243,
2252,190,
7334,504,
6988,562,
4247,393,
4204,361,
4549,452,
2889,297,
1962,204,
3067,371,
5202,569,
10220,260,
2401,427,
10004,1120,
169238,4109,
5724,511,
1785,266,
3083,286,
2712,296,
4670,473,
2232,267,
4869,428,
2542,266,
2711,308,
5407,589,
27195,831,
2488,301,
2070,251,
5212,597,
5379,571,
7411,467,
2510,280,
3601,432,
8524,589,
3955,492,
15144,1225,
9074,775,
70886,1898,
5855,601,
12230,1563,
29158,1960,
4834,523,
2990,318,
4529,492,
12848,1248,
1978,228,
4216,425,
2046,232,
2328,248,
6538,805,
5053,490,
1968,269,
3368,444,
2621,331,
2355,285,
3880,391,
23439,2298,
2107,265,
2929,326,
2315,281,
1840,207,
1807,253,
1379,197,
2334,300,
2369,272,
2132,129,
2206,292,
4188,518,
2330,276,
4282,428,
3576,343,
3001,375,
1912,250,
2085,236,
3950,391,
2190,351,
1572,246,
4550,342,
2722,305,
4620,386,
2464,231,
7701,375,
25487,1590,
2370,333,
14747,751,
4405,480,
4245,418,
3721,413,
1030,222,
2529,290,
1525,233,
4366,375,
13548,690,
2116,254,
2594,280,
2177,226,
11731,703,
1225,171,
3642,477,
2002,281,
11265,1052,
2581,332,
3077,374,
1787,226,
3103,342,
2359,248,
2212,317,
2051,321,
394805,6760,
1551,234,
10475,800,
4398,410,
3985,411,
7026,548,
6053,635,
4426,407,
3832,315,
3831,394,
3725,344,
7804,768,
2626,322,
3900,431,
24300,1755,
3859,416,
1708,243,
2400,323,
3450,344,
3514,327,
3412,390,
2584,310,
2476,273,
2547,297,
15674,1105,
20925,1146,
344244,15626,
76460,1726,
17385,1352,
7884,565,
2866,292,
8972,701,
2162,242,
7863,547,
7200,464,
4935,454,
16477,961,
5807,511,
99362,6377,
24838,1296,
9748,804,
5243,455,
1297,172,
18390,772,
10126,1221,
35502,1779,
2723,265,
13254,759,
2695,222,
3302,259,
1638,181,
11952,1029,
1752,206,
1377,150,
2457,230,
1153,140,
8279,420,
8148,605,
2525,248,
9433,622,
8846,1065,
2163,269,
1518,176,
11572,806,
3070,286,
857,109,
948,109,
6158,645,
2663,271,
2885,284,
1593,191,
1755,159,
45366,3268,
2304,223,
1090,105,
3171,350,
1509,171,
2110,270,
4388,435,
7274,872,
5874,663,
824,103,
2056,162,
4833,538,
1602,175,
1730419,77653,
6289,462,
2066,255,
1776,164,
1607,158,
1778,166,
2098,206,
2673,246,
2101,223,
4165,316,
1502,178,
2758,233,
1786266,40214,
60474,3857,
2985,292,
1626,184,
2242,205,
2495,233,
1522,166,
2557,201,
3566,362,
2959,313,
2836,287,
1051,189,
2004,202,
2135,294,
1163,111,
1604,252,
1955,278,
3267,278,
4614,394,
8940,600,
3467,558,
4450,369,
1050,129,
31522,2623,
2019,187,
8263,630,
9907,870,
4611,260,
893,138,
1234,143,
2249,210,
6021,459,
2506,255,
3563,363,
2031,182,
3313,346,
1980,227,
1661,207,
1197,136,
1989,255,
1708,244,
3214,371,
10262,764,
2341,276,
1173,173,
7804,585,
3233,384,
3999,382,
1762,199,
5712,474,
13593,1184,
3213,321,
4840,391,
5573,562,
7299,520,
23771,1339,
4528,435,
2503,242,
3734,353,
5150,476,
62206,3790,
10546,747,
4849,551,
2795,428,
7777,950,
12217,1007,
2789,266,
500,85,
2097,273,
2080,221,
1901,235,
4359,427,
664,110,
2563,264,
3835,415,
3731,346,
1168,186,
1111,133,
1380,167,
6298,466,
2149,286,
1521,173,
47785,1876,
22098,1135,
6365,287,
6543,607,
17512,955,
1527,182,
2522,235,
18688,1020,
91314,2869,
2453,266,
125035,4273,
171506,7623,
141979,6071,
218248,13745,
258245,8187,
296123,44797,
219788,6889,
638116,16259,
261773,11909,
389280,10426,
133784,6325,
416405,10580,
147272,6089,
221414,6102,
336148,8964,
535040,13737,
301690,7395,
232767,7610,
328476,8663,
240094,12197,
572223,14830,
273131,10195,
207408,7712,
532283,18345,
415463,12276,
747990,16201,
176986,6950,
243366,23618,
341986,10115,
940996,115157,
110655,4750,
182648,4776,
869338,40367,
250799,7121,
234960,6488,
222105,6003,
270424,9434,
453641,15652,
388320,8211,
302126,9901,
251737,5815,
178327,4165,
272682,8657,
1259278,14642,
183362,4709,
662763,25372,
348311,10387,
399494,10382,
211757,5757,
239648,8191,
457946,8150,
504378,10385,
224485,5382,
157672,4521,
179055,4719,
767204,11821,
444988,9364,
322524,7312,
156778,4562,
823442,13175,
174985,5050,
288059,7260,
591489,10043,
148765,4749,
137052,4629,
331836,5512,
163994,4755,
281099,6150,
267266,7892,
347987,6642,
127292,3601,
544951,8237,
236775,4602,
361979,9355,
325381,6035,
167188,3948,
163313,5950,
856067,16806,
220547,5301,
285187,5290,
155354,3943,
188597,4045,
174890,4521,
133366,3703,
180363,4590,
156550,5079,
1174866,20073,
272242,5643,
144949,4482,
116762,5575,
97751,3425,
82359,3347,
228069,5206,
200027,5689,
108476,4579,
318754,6883,
378350,26424,
570343,13112,
391492,9540,
251908,6231,
591850,12296,
200232,5815,
179726,6317,
298552,6693,
183735,5234,
321073,9091,
162241,16817,
262223,5902,
146068,3835,
546643,10159,
225690,6598,
177006,4527,
855866,19595,
210460,4872,
188053,4375,
675893,12638,
405270,7916,
444045,9484,
150339,4201,
832519,22286,
1197546,17412,
256407,8097,
216452,5374,
159367,3967,
592465,9333,
451756,13000,
423108,20026,
182514,4858,
215004,5151,
598100,10139,
351282,5887,
490454,11594,
516678,10818,
707103,16223,
265589,5746,
387644,6286,
953726,16782,
682309,13141,
501905,8629,
801746,16217,
486545,10385,
383154,7121,
1456589,18802,
998522,22701,
552111,10585,
372575,9037,
362425,9173,
618851,10992,
197654,4623,
1630283,17318,
638785,11629,
674298,12551,
370532,8791,
710088,13239,
201950,5227,
328476,6885,
958514,15368,
796288,15055,
314923,7044,
783993,19045,
406910,6569,
1517568,36239,
1035313,15910,
560699,11493,
276260,6887,
903905,12459,
262772,5993,
798842,13405,
417610,7436,
690726,10929,
435553,10053,
320514,12189,
184583,5001,
223484,5103,
121200,4377,
738662,10953,
284409,7590,
297255,7498,
146310,5248,
252068,5450,
496122,10000,
1161418,20919,
353868,8636,
308596,6412,
534529,8158,
153624,4562,
238099,8233,
282520,7546,
321858,7788,
651241,11211,
217190,4475,
975487,12395,
307856,5542,
485744,8655,
722101,10756,
1760521,21696,
222326,6266,
450971,8964,
107291,3312,
1945263,30560,
680223,12145,
394263,8648,
509854,11425,
1037182,19143,
915596,12402,
1739520,25866,
553096,9533,
633259,10763,
281436,5683,
239286,6024,
150460,4161,
241619,5703,
397966,7215,
583358,12672,
404010,8709,
1721968,24228,
2107262,31771,
392567,7783,
534607,10269,
807257,13167,
288487,6217,
253393,7125,
305946,6159,
1513311,32506,
302369,6288,
1124585,21948,
821286,11133,
1226660,19283,
472070,7650,
304410,7532,
921639,16817,
422161,7419,
1126834,17932,
639896,10487,
480906,9935,
1041707,14378,
782892,11993,
818845,15039,
333813,9085,
989470,17641,
461929,8559,
1654252,23776,
421316,7324,
645789,10433,
302528,6682,
1557462,17966,
1078791,16398,
610015,16259,
221979,5207,
645203,8856,
950026,15631,
731183,10210,
693498,9892,
994787,15284,
213394,3893,
842730,11100,
666335,10857,
3135935,27003,
414906,11372,
310185,6782,
381138,12598,
621838,10790,
793176,13747,
180206,6784,
1125809,17498,
169160,4161,
405821,20499,
375779,4799,
191933,4252,
1211733,16764,
229471,5609,
214921,4250,
622706,13071,
162103,3935,
177771,4402,
104599,3225,
221431,5114,
209808,6041,
601953,9528,
986156,23974,
1111027,17314,
430636,7643,
1012256,10708,
497430,6000,
269197,5705,
583970,9695,
320166,5006,
484849,10372,
554963,17669,
1244903,14891,
279649,5458,
180342,4446,
377288,8919,
998198,14259,
344987,9888,
458459,16088,
259762,4919,
1328983,35645,
1376683,23622,
276887,7013,
1649382,23899,
358324,8410,
740128,8988,
192569,5260,
513422,8993,
357080,5685,
227630,4811,
1417813,19563,
176689,3923,
166922,4348,
223164,4525,
646628,11892,
601542,14415,
369864,7589,
1242463,20497,
218441,4967,
114363,3337,
547427,11953,
320146,6991,
250836,5441,
946775,32199,
114613,3371,
242835,5188,
36816,1727,
250915,5272,
75066,3056,
177807,4596,
468137,26959,
495002,9602,
318524,8198,
1418140,23987,
266652,5635,
203258,5403,
104754,3615,
447646,10017,
120689,4042,
1561404,22593,
569392,11127,
439362,8830,
550381,13477,
129968,4114,
313601,8098,
155701,4825,
432501,8515,
636725,12455,
312893,8494,
2352750,79331,
875624,12749,
400243,10411,
290861,7661,
652921,10745,
1077480,23965,
742085,12128,
712911,16984,
1132268,22548,
454743,15125,
398183,30501,
590427,10158,
154593,4659,
303236,6516,
687843,14004,
390563,7261,
494748,8666,
285570,5757,
666767,10762,
257554,5413,
681938,9781,
1456878,19684,
4968589,321527,
288125,6697,
79066,3143,
310549,7432,
396820,7502,
277232,6987,
389444,6867,
300472,6273,
1095766,16663,
1033181,18168,
101528,3359,
602037,16048,
1172025,23240,
557837,12354,
142012,4926,
149895,4325,
174215,5708,
948772,18769,
194515,4950,
632909,12839,
468583,8117,
1331997,24840,
574117,8761,
607060,11970,
124554,4460,
998962,17754,
668893,13188,
458456,10964,
517298,9830,
151717,4387,
476033,9866,
939989,17237,
236425,5493,
1235234,24332,
664990,9815,
133564,3938,
651844,14139,
273878,7098,
1172732,20481,
609480,24649,
269383,6161,
202243,5655,
1428077,23515,
304898,5877,
246093,4438,
427805,10332,
1732737,28416,
379044,8494,
510294,14427,
2330061,27882,
1044210,20280,
206155,5812,
115929,4965,
173877,4779,
47453,1990,
2761885,49771,
314395,7332,
1178625,23429,
65799,2350,
430470,8816,
1142019,18836,
302944,7539,
166844,3130,
1055274,15088,
94833,3208,
918184,12523,
624399,12929,
1452339,26518,
554096,7126,
679919,13478,
216193,5393,
235565,5448,
721697,13990,
835271,14761,
563577,9484,
952490,17024,
1020314,20354,
333119,7594,
632697,11629,
93669,3031,
542526,10616,
575445,10514,
400705,7461,
123428,3458,
338654,8211,
270325,10870,
124040,3578,
232466,6515,
646004,16503,
1602229,30465,
127519,4100,
1499218,33631,
327466,7774,
108013,3821,
1753625,29443,
329444,7274,
266710,5817,
274333,6464,
569233,10808,
486952,9984,
163209,4230,
184861,4537,
583240,12277,
642730,14335,
147697,4513,
2767026,47603,
407690,6771,
222363,9362,
397179,6706,
267790,6254,
162432,5174,
2055417,32865,
243612,5164,
770277,15855,
480672,9455,
230382,6464,
351125,7413,
652620,12490,
1067988,16490,
671101,18003,
240518,8919,
832512,15949,
732267,13253,
279183,6638,
1467573,24361,
541558,10555,
296611,8085,
2969680,65579,
192934,3745,
1327090,49570,
582829,11434,
173,26,
142,2,
152,2,
164,2,
169,2,
198,6,
261,4,
130,1,
411,25,
384,16,
457,13,
409,13,
262,5,
386,15,
234,3,
208,7,
125452,801,
1022,28,
390,14,
1870,82,
79,2,
119,3,
75,4,
90,1,
64,2,
102,1,
110,2,
127,4,
373,6,
258,1,
48,1,
