channel_title,views,
MC Negão Original,165496,
ingresso.com,90535,
Brawl Stars,2058940,
NMIXX,164264,
ONE Media Brasil,86016,
Jazzghost,1804337,
Dj Danny Albuquerque,113362,
Jovem Nerd,43655,
ProbIems,101604,
Kalli,27457,
BANGTANTV,564009,
Lucas Clash ON,308706,
Funk dos Fluxos,12830,
Netflix Brasil,53827,
MaxMRM GAMEPLAY,63093,
Netto Brito - Topic,84266,
Midas,50917,
alanzoka,455643,
Adorart - Topic,6574,
SUPERHERO,9099,
Athos,91214,
Avelina - Topic,12598,
Linhagem Geek,14721,
BRKsEDU,47034,
Vitor Fernandes,16977,
My Singing Monsters,183210,
Funky Black Cat,41155,
Musile Records,4010,
SNK OFFICIAL,32572,
Roosevan ,325284,
Aura Serenity,401955,
IGN,347996,
Canal Clash War,207919,
Dalete Hungria,36646,
Play Guima,135169,
Dilson Castro - Topic,6780,
GTA HYPE,398823,
Sepultura - Topic,6923,
DMenor11,28792,
Mid9PHONK,134644,
#NAME?,43436,
Luz Gospel ,8586,
PIZÃO,160586,
CountryBeat ,297535,
JeffBlox,124597,
AMO FUNK,35595,
Dany Sousa,177336,
Luan Santana,22055,
Loki,73205,
Neon Beats,33891,
Sertanejo Show 2,26897,
Alee - Topic,58612,
Amy Scarletona,101342,
Kevin O Chris,85177,
ALEC GO! #games,21086,
CLASICOS CATOLICOS 🎵,6109,
Lucky Salamander,15169,
Luz Do Gospel,1065,
Zangado,27598,
 Top Católicas Canções ,14867,
Goularte,104691,
Phonk World,453875,
Zoomy,89963,
Nova Luz Gospel,11923,
Ritmo Caipira ,5941,
Alabanzas Cristianas 2026,87047,
Fer,135340,
Nair Naraa De Jesus - Topic,33827,
WELIX,122501,
MC IG - Topic,55633,
Tuguim,98425,
01 DO FUNK ,12429,
Nicole Maffi,10006,
ORIGINAL MALOKA,27909,
MarceloBlox,45271,
NADAMAL,30757,
VTzim BS,123593,
MC GH Original - Topic,23185,
Apuh,61042,
jostland.,109035,
Cadres,33342,
Musicas Catolicas,2065,
Gospel Sanctuary,5954,
Nathália Braga,75344,
Gelado,14530,
Traplaudo - Topic,29239,
NightExtreme,61827,
Lusama - Topic,41223,
Lokis,35166,
Top Gospel,13482,
LipaoGamer,86322,
Core,81514,
Berg Tv,56240,
Bitgamer,60405,
Flow Games,92992,
Pitaya,70801,
CELO ,42974,
GamerCosta,22470,
King - FILMES,72459,
Terrorizando,114094,
NFA CHANNEL,116412,
Kass & KR,82712,
RAFÃO,60758,
Campos,13344,
KingOfYouTube,72729,
VOZ SERTANEJA,6248,
Serra,99050,
Xey,87424,
DUDU Betero,96914,
Mylon,142704,
Pabllym GO!,10143,
AllissonGOD,48839,
Kass e KR - Filmes,36526,
Rafinha Betero,6191,
Shirrako,201381,
Cadres TV,54995,
DONAT3LO,33532,
BOSS FC,10373,
Gameplayrj,68624,
Skorpion Gamer,64636,
Lajota,6256,
León Picarón em Português,12188,
Eu Joguei - Cross,81781,
Melry Jennifer,10029,
AD0LFzZ,33164,
DudaBlox,23831,
P3DRU,58077,
Problems TV,45537,
Problems Raiz ,45849,
xSadzinN III,131191,
Overman,7304,
JL eSPORTS,7124,
KENNEDY CLASH,33754,
Kamikat,46656,
DanteWill,32007,
WyzeWolf BR,7818,
Sadan Gamer,48475,
mount gameplays,43968,
TheBurntPeanut,978147,
Bourick,38832,
RobinBlox,22575,
Artube Clash,62704,
Ana Toys games,33589,
Arena Trader XP,5494,
Bayo,58664,
xoGame,168610,
Igo Moreno,322367,
CORTES - Leon e Nilce [Oficial],72400,
United Sz,7514,
Kitaoo,7746,
KBCA FC,6038,
VelozBlox,37591,
Athos TV,25929,
Murilão Gamer,93915,
S2G,435595,
Drewd0g,37160,
Patriota,7238,
LucasXGamer,23851,
Spartakus,73919,
Clipes do Zoka,14901,
Vinhô,94275,
Texinho Blox,39068,
Moni | Database,41993,
Polex,32994,
Zertec,36266,
AVentura Aqui,17356,
Amy Scarlet,206810,
Vick Barbosa,14269,
MasterReset,4437,
Souzones,41187,
MedrosoBlox,14058,
Mundo Torajo Jovem,270540,
Darknildo,19424,
fallenINSIDER,27315,
PupiGames,16754,
JOAO_PSX,58637,
TEODORO,239336,
L3VI,2953,
Rena Vexx ☕️,18159,
D.R 18 Gamer,8238,
Tio Gus,42031,
Gaules,68976,
Mary Play,106204,
Rigopes,18600,
RafhaValent,179577,
Amareloplay,14546,
Yaszoca Games,15381,
legiti,39295,
Kass e KR - TV,33318,
Uzumaki,27343,
TREVOR,3516,
Adrenaline,52183,
Kakarotto FF,16856,
Vick Barbosa Games,15229,
Yaszoca,19586,
DANIEL9977,74753,
ExoGhost,33140,
Yaszoca TV,3498,
Redi e Rosa,38863,
PAULINHU,35121,
Biel GEN TV,4440852,
Lohanna Beatriz,7520198,
Cappy Toon IA,1091744,
Naruto Toon IA,3050661,
RagyEdits 🇮🇳,19921896,
jyoti kumari official,74152373,
MoriMura,1881997,
SVO_FILME,1927688,
Viniblogger,1620706,
gnywf,2536736,
Mano Olha Isso,3647592,
Rupi Recaps,863581,
Super Aventura,4210584,
Tio Baldo,2114456,
oJerryBR,1445135,
CR7 GOAT,3366564,
Trecho Favorito,2457082,
PINÓQUIO ,4772353,
Seu Turno,1044506,
Bruno Alex,1158495,
Diogo Matheus,1063359,
Rosa Viral,1091403,
Hoi Nguyen,1208639,
Zafu  Editz,7780633,
Tesouro do Cinema,1037242,
Tales Bento,2032140,
Jorge Lourenço YT,2037391,
Walace Freerunner,1892279,
Timer Quiz,518553,
Pimgo,908825,
Bella Hanuc,818399,
Brittaney Angry,1940783,
GFX ALPHA,4622166,
FranSousafilmes,1809294,
ZETA FILMES,2414718,
Dantas,1268406,
A ruiva da roça / Fabio Castro,1447541,
Lordportugal Mozer,1684179,
ggfghhv,1494276,
Vinicius da Ilha,1097732,
Tá Ranqueado!,1172049,
Alves,1045354,
O Victor Magalhães,2404617,
Clipes de Filmes,1569798,
DANIEL FLIXX ,1400420,
Parquinho Shorts,730855,
Majerus Waymire,785531,
Paulinha ,2000705,
Victao Edits,3467683,
Studio Nerd,624488,
alex,494514,
Jonesjoshuagpifn7,641842,
zueira_casais,1211458,
Lillian,995819,
turma da  Lorrane ,804402,
Pedrinho Fury ,746472,
Sensei Não Sei,4922822,
Heliton Shorts,835480,
Rupert TV,512273,
Jihan ~ Jasmine,72336204,
Recap+,562859,
Rindo até Amanhã ,1846279,
gustta shoow,632788,
Artificial Toons,1121535,
Daniel Cine,876496,
Edit90,3175602,
Queen gravity ,45200574,
Arthuzinho e Família ,2893342,
Micka e Vanessa Em Ação ,724004,
Dada_Tor,4572344,
GARX,1793806,
Zeca Tatu,854429,
Igor Menniti,680591,
Epic Toon,1139031,
Vu Quang,2153343,
Léoh Martins,781499,
Lou Recap,508653,
FilmRecapSinema,492233,
Rafa & Thaís,444897,
Fábulas da Semente,1109706,
Drama de Barrio,649238,
Histocacto,4809524,
Jessica Duarte 55,474256,
Por trás da Dublagem,1661299,
Chavessencia,673857,
Capivara Brinca,1028487,
Guria dos Cortes,647287,
Raael. IG,670033,
Rafa Filmes,1148151,
Iri Ferreira,1676864,
WULA,867321,
sandy Kim ,847994,
Zhong,22676682,
CanalPeep,4424327,
Heloisy Bello ,14368797,
Yotagy,6597585,
Aquela Cena,309390,
Marihanna,398189,
Humorado 2024,679402,
Starr Toon,395398,
meus fatos,572183,
Icaro e Myrella ,391356,
Kelvin & Marina l Casal do Humor,1224428,
NinjaTube,4925701,
CLEPTON,393774,
Well Flix,1364510,
Israel Ferrazz,636626,
Davir Vieira ,980248,
Feh,317515,
Tripa Oficial,487730,
Júlia em Cena,1777790,
XynoX,5207424,
Ralls,388030,
Bart Recap,479259,
01novatofc,1263592,
Coleman Lindsy,1040844,
Léo Léo,2605955,
Jou Motivation,12955076,
palhaço ferrugem oficial,991370,
Bluey Português Brasil - Canal Oficial,911666,
Teusflix,1274944,
DemonHunters-Rumi,19762099,
Renato vlogs,972422,
Coelho Sorrateiro,815234,
Krusty Recaps,335918,
MDZ BR,1043689,
FalouCurioso,525524,
Vini Theophilo,2013621,
Minato aleatório,353642,
Marcelo Marreco,327559,
CabronCortes,776442,
o manze,561721,
Shotazito,527848,
Globoplay Novelas,1491078,
NatDenShow,683048,
ZONA DOS MEMES,412357,
Cortezadas BR,810674,
Taynan,1771688,
Gui Risadinha,2634248,
Piu Lives,660217,
ZOERA_TOTAL,267710,
Royale News,547121,
Biel Yoshi,5579916,
Luana Marcelina,793461,
Nerdcf ,500764,
Adeh FC,603356,
Viviane Oliveira,2021186,
Opa sou eu mesmo ,1876532,
Leo Fiel,1308253,
Ranedits,6080755,
Yanmada,1259872,
Canal da Melissa Albers,1020992,
Bequinh4,1315871,
Daniel Gontijo,288419,
nagage-san,954377,
Goshin San,720562,
Raphael Victor,368950,
Guizin Santos,308407,
Mahadi ALP,7568286,
Adlan Atos,1516401,
REI TV OFICIAL,589320,
Mihawk Animes,369058,
Histórias Apaixonantes,203139,
Mundo Torajo,658441,
Trechos Filmes,1199990,
CINE CASCA GROSSA,720248,
Carlos Marques,1042333,
OtakuRoom,1086361,
Gi & Madu,311047,
NerdEdit,1127052,
𝐄𝐌𝐏𝐕𝐅𝐗,651006,
DICAS GENIAIS 2.0,1282693,
Tecendo Histórias ,1199400,
Renanzinn,1849864,
Blaine Tracey,1013225,
Diego Resenhas,363149,
Theo Dantas - Aqui a fuleragem é diária ,1939070,
Eli & Elô,455671,
Ministro:Paulo Roberto da Silva PROTESTO ,447003,
Doreatha Dieppa,311455,
ogfn,506672,
Além das Lágrima,247214,
Diego Animations,199986,
Curiosidades.net24,399486,
Kakau,1481351,
Ronay Ronni,429491,
Raphael Ghanem Cortes,364471,
Vitor Orth,235974,
Muoi Gau,3040891,
ATO AFRICA TV,556844,
Nerds Nation ,375801,
Vento do Bem,281997,
Cenaminuto,412322,
Sociedade Animal,839148,
Lyz White RP,1028934,
cortes_viral23,750601,
นพรัตน์ สิงหเดช,559894,
Porta dos Fundos,846248,
Lista Desenhos,903379,
Vitória Flix,3633302,
MC MENO K,4120252,
Mc DR,574350,
MC Jacaré - Topic,2357070,
M4rkim,500690,
MC Lele JP,668615,
Nata de SP,394435,
Sonar Produtora ,7373237,
DJ Japa NK,1920923,
Hugo Henrique,1328256,
KEW,3208637,
Toque Dez - Topic,320004,
Zé Felipe,1387496,
CountryBeat ,2234727,
Toque Dez Oficial,245458,
MK MUSIC,160358,
Sonar Produtora ,262283,
Toque Dez Oficial,244058,
Gusttavo Lima Oficial,2230061,
Luan Santana,333976,
FUNK NO TOPO,489574,
GR6 EXPLODE,187367,
MC Tuto - Topic,1166072,
Boladin211,163738,
Dj Danny Albuquerque,317349,
Luan Santana,255062,
Forever Hits,805156,
Pavuna ,210398,
Giuliana Mafra,5591566,
legado maromba,1610901,
ED do Mato,2069657,
Royale News,2793612,
O curioso fofinho,4176082,
AnonimeX,2054959,
Icaro e Myrella ,1676338,
Captain hau,4769327,
sandy Kim ,4254199,
Delicias do Cerrado,1561730,
Zord Facts,1781850,
Daniel Oliver,1994765,
BlueKitty,1707606,
Portal dos rosa,1225756,
 Bradley M Oswald,895551,
ANIMALANDIA,2942844,
RodPrimata,1034319,
Gabrielmiranda_ofc,4495343,
Mundo Ilustra,486860,
Odair de Uruará no Pará ,1584132,
PawVerse,25705936,
CCTVCapture,35333029,
Gê Shorts,1258981,
"Gatoxinha, o gato coxinha",1003765,
Capivara,1403886,
Naná e Dandan,2684309,
Camila Trianda,875113,
Theuz Facts,3353123,
Fofura Pet TV,708514,
Will,813380,
Faelzera,2260831,
Emilly Vick Central,960783,
Ana Adati,1377220,
JÁ ERA MUNDO,496961,
Peçonhento,2562551,
Kitem AI Dogs Oficial,14352144,
"Eu, Ele e Mamãe",731777,
Creature Chronicle,56313513,
gustta shoow,1200719,
Igor Cafofo,1572740,
Teusflix,1396192,
Natan por Aí,693978,
Amorinha ChowChow,449275,
Peraltas Comedy ,4132429,
MotoChoque,339927,
Zoosfera ,1817175,
Lodo Mean,1470767,
Haris Hahahihi,39397805,
Meta Galante,1693487,
Jara BR!,504761,
H1P3R1ON,2291963,
MemeMoverMac,1645162,
Tio Baldo,1037956,
Lara Vidal,2845876,
Irlan Ramalho,861734,
Luciano Barbosa (React),305516,
Rebeca Ordinária ,542561,
Qrez Shorts,1843200,
Vii Zedek,2057545,
Guilherme emilio,887036,
FlinterI9,281310,
Nosdeil,894189,
Mister Bigode,899853,
Victao Edits,1496580,
Muleke Legal,3039868,
Patrick Bandeira ,786555,
Lohanna Beatriz,845213,
Footyballer,5058261,
Universo Labz,2991561,
Gahh Shoow,621920,
Victor Noel,962345,
Piu Lives,721828,
Rizer-Edits,16448078,
Capivara Brinca,352249,
Experiencia IA,454722,
Luh_santy,1148450,
O Viajante No Mundo,873856,
Doutor Shorts,644108,
Yara e Lauren ,438493,
Marcos Felm,904623,
Devrim Sobay,52417450,
Emilly Vick,5221802,
Cortes de Milhões ,1580230,
nokuthula nkuna,30617299,
P to peesha,517318,
Natureza Brutal BR,603941,
Matthewzada,1385770,
Bernardo Andréia,313262,
Aranha,556642,
mihtanino,1418089,
KinePOP ,1319336,
Quit editz,9540581,
QUITO,918783,
EMILLYVICKOF STORY,418189,
Oiikaka__,1013542,
baofu111,1241523,
Tio Sun,431509,
Shorta do Rafa,481536,
isisijsi,447247,
lidiane Leimann,1392883,
Bequinh4,790122,
Assis FS,835796,
Animalzera,811664,
Gabriel allves,787880,
Eu você e nós,282914,
Coelho Verso,2361547,
BICHOSNATV2,1197572,
Uni,412551,
AnimalsSaver ,14979292,
Nathália Paz YT,803762,
Kira🐶Family,7181715,
107zhupindao,1291918,
Alimentando a Mente,969053,
os viventes ,330420,
Baby&Cats,10431847,
PETS PRA RIR,439513,
Anny da quebrada,434886,
Frases para status..s2,400572,
Ladinzando,518201,
Sev7n Games OFICIAL,594581,
Biólogo Henrique o Biólogo das Cobras,663952,
PODVIM NEWS [NOTÍCIAS & PODCAST],1609930,
Antony-RBC😁😆,1750919,
Soft Souls,29430332,
arcanjo Daniel ,934447,
Renato vlogs,288359,
Vida Animal Shorts,530507,
As Marias oficial,493376,
Viviane Guedes Lima,526639,
Bibib Family,11106709,
oJerryBR,822190,
annyzinha_x,1510537,
heróis da vida,2094687,
Descobrindo Juntos,716923,
VoidWhisper,552754,
别听猫说,15305745,
Lunna Webber Souza,1124535,
Ciência Minimalista ,837431,
Minha Golden Chanel,481239,
Gelatina,940166,
Shortiago,222163,
Humor Gold,522110,
ZÉ CEZAR ALVES,692578,
Diversão Sophia e Família ,1605171,
Cowold,813489,
bhbus2,963536,
Matheus Machado,1097093,
WillFurios,327217,
FAMILIA FOFOQUITO BRASIL,372678,
Kade and Mira,6331818,
Polemictiktok28,12663835,
Cabra Curioso,331582,
mateo paredes,41848379,
BR-Curiosidades,947597,
Zeuxx,278675,
Jaline Mayumi,467081,
Space Nation TV,4121519,
Savage Bites,25016752,
Gabi Gabizoca,1002331,
MaxFatos,1080174,
Jaci Do litrão ,219781,
Naggi+,376356,
Compileko,226806,
Gigi Rayegilla,11356904,
"Investiga, Pinhel! ",849831,
SasameShorts,182004,
casalbielluuh ,1046121,
Blog do Didi Milton,7125928,
Millena e Manu Maia,262770,
Mundo Di,182755,
Bill Clinton Gospel,568895,
Xiaowang-2,281315,
PetWitnessYT,49732417,
Júlia Eduarda ,217053,
zjqahyhsd541,487925,
DigoFatos,912695,
MULLERVISIONARIO ,306945,
Regis desmantelado ,341169,
Nanda Zoo,410727,
walas alves,2875369,
Trong Tong,395150,
Nathalia Valentee Fãs ,779244,
ABCD1234,9288592,
Coldesteditz,5192337,
fghh,954450,
Minimizing Continuing,1452654,
Ponto Dos Cortes,808253,
KivoYT,4930785,
Charlotte R Pierce,3511002,
Foca No Canal,441452,
Alice Rebouças,365465,
Animals stories,2951818,
Sabia Que,418061,
Mello TVz,2557901,
O Maior Curioso Sou Eu,340321,
Thiago da Achah,989688,
CazéTV,14080628,
ge tv,5457155,
SANFOOTZ7,944919,
MasterSports,4298257,
惬意人生,61172420,
"Investiga, Pinhel! ",1671953,
TNT Sports Brasil,2032713,
Vitin Futebol,891542,
GDFootX,1038416,
Fut Nove ,796378,
Zeuxx,2641486,
2 na Linha 1 no Gol,1938778,
KingsPlay FC,1455158,
*FeedHypado | Cortes de Podcast,1627948,
Fut Tres ,2160876,
CADUH Trem,2296338,
FUTVIDATV,2150262,
Dudufootz,2569553,
Kitem AI Dogs Oficial,5453700,
Capellini Futebol,669749,
ALADDIN ,1828755,
Vianalista,1409673,
Narrador da bola,774667,
Wscortesdelives,832593,
SENNE GK,340912,
Shoukz,1217498,
Nerfando Futebol,2373713,
Lucas_edits🐐,616863,
thedits,2179307,
Junex,679589,
RandomDude,38788030,
Sr.Skeleton,2191281,
Cogue12,1039991,
Fut da depressão ⚽️,1655504,
FutFalado,2281267,
AnimalVesus,4659238,
Mais Novo Youtuber ,1805410,
"Fala, Lukinhas!",238204,
Zuka,1066607,
Jaum Brow,286633,
MlkJhoow,1305652,
RMN FC,564323,
Flayr ,1481146,
Gustavo Machado,613600,
DonSports,476763,
Jogo Aberto,1642378,
E O 07,652643,
Celine Dept,9825836,
lajxj,950067,
Ronaldo Portugal ,500264,
Klistube,554492,
VELLOSO,893253,
Leandro Vienna,2129867,
GeoFootball,7225778,
Zezin dos Ranks,1473869,
BOLEIRO TV - A TV DOS BOLEIROS,485819,
Rafinha Football,752381,
FUTINTERIOR,336851,
o manze,2270349,
Valdeci O Sonhador,1294179,
Rádio Craque Neto,1072782,
 FORTE VINGADOR ,331875,
Kaizen Gameplay,1282206,
MEU MENGÃO,571294,
Contos Do Fut,856335,
FBF esportes,653019,
Craque do Fut,291736,
Ryan Samuel 2,1249058,
Cayo Da Resenha,994754,
Lendas da Bola,2234131,
Skillframe ,304554,
Baita Jogo,706145,
Bera,496722,
Lucas Monteiro,1129174,
Lucas Bastos,254222,
Lelus Football,289547,
olobofut09,321228,
jao do fut,905147,
ESPN Brasil,887209,
GFootball BR,735191,
แฟนตะกร้อ,44228979,
LUCAS TYLTY,1128675,
AISpiderVenom,3785560,
True Buckets,4941013,
Football Arena,9540515,
El Precio de Confiar,1316862,
dose of talent,493267,
vtfutebol,923434,
TOBI CAT FUNNY ,3481003,
Placar final,157314,
Clubista Curioso,367592,
Camisas10,230267,
야리난,6013987,
Victor 24 horas,302878,
TacoTantrum15,6453278,
Jão Bastos,661703,
Entre nos,742700,
SportyNet,1585474,
MS Fut,620520,
Amit Marsani,2314757,
Tropa do Tylty | Cortes Virais 🏆,1263914,
HatrickX,8112075,
Na Mídia N.M.,154086,
Reversão,200038,
Geração Futebol Gianinos,841964,
Esporte Na Cultura,975902,
Paw Panda,2011809,
EMRvolleyball,7379660,
Levanta Agora,140214,
FUTEBOL EXPRESS,178775,
Michael bnk,460707,
Clinjo AE,5320611,
Cauã Rangel ,275453,
Borracha Gk,960652,
dashifutz,196862,
Santz_editx,245806,
Sem Zika,2100287,
Outset Sports,248866,
Murilo Vendramini Lazarini | JiuJitsu,635309,
Jovem Pan Esportes,453977,
KakaCompsJR,876160,
Juan Hoop,16024694,
Welbert Shorts,97469,
Futeosidades,929087,
Futebol.Shorts,222007,
KENEDYISACK,488116,
nada se cria tudo se copia,1598969,
MoAliFC,2512773,
Guia da PL - Silvonei,578290,
RankRaccoon,9382089,
Unknown mystery,3913670,
RandomDude,6081624,
Wesley Diz,875265,
Melhor Football HD,166100,
Andre Shorts Br,512139,
Os Donos da Bola,516127,
CUNHALUCASS,283550,
raulfut10,145379,
Love Keys,3272957,
FootRush,2438899,
BALDASSO TV,546515,
Pelada De Ouro,335134,
Plistoffer,261235,
Verner,179002,
Krexter,6244166,
You_Ranking,17606413,
Futecem,859769,
PeterFut ,161230,
Ciel46x Shorts,155816,
Niki Kuznetsov,19033533,
Canal GOAT,715300,
ZYROLL_X,2471306,
Edu Show,1539341,
Escanteados Fc,500701,
KuRa Arena,23044632,
Vinsi Sports,213000,
R7 ESPORTES,871729,
Dr. Skeleton,480592,
Vernerzinho,116815,
AlemdoGol,496884,
FlashPass,2049309,
Futebol de Chinelo,224540,
AVANTE MEU TRICOLOR - SÃO PAULO FUTEBOL CLUBE,216579,
FLA Produções,183405,
Mr Pobre Oficial,179449,
GOL DE LETRA,284772,
Além das 4 linhas ,145514,
MScomps,3121922,
Um Barbudo tricolor,120253,
Madz RJ,413606,
Na Rede Oficial,975879,
Gainbuckets,17255781,
ALEX,9040932,
Diegod,474757,
Prime Video Sport Brasil,266866,
Victorando fut,449333,
Slayerz,348701,
Resenha FC,225877,
Craque10,108212,
Rafael Machado - MMA,98791,
johnnyguimaraes_,110167,
Dr. Blame,215582,
Erro504,121652,
Fla Total,5638244,
CisneEditsOfc,517090,
Flamengo SRN,192663,
Lucas - Mini Vini,216099,
Akftbl_014,2871963,
Futebol Puro no YT,112272,
Samuca TV,379869,
Banheiristas,1626876,
Futcerto,127607,
Ecos da Arquibancada,451663,
Victor Noel,287939,
MTS,813927,
Le_Fut17,283817,
Futsantos,658967,
Bola Cabe Gol,85652,
Kaiozin Futebol ⚽️,282604,
"Fala, Busolli.",421526,
oscanelaspreta,4317497,
Dose Curiosa,1587662,
ChaelXT,4449797,
Dj Bob Esponja,1803762,
Buzinando,2386181,
Apoio Policial Oficial,1192501,
Coisas Curiosas ,638915,
Denilson Jeri,1802358,
Babalu_ofc,923466,
Guilhermedodf,688810,
Mecanica na Veia,3342121,
Murilo Fiat147,908162,
odiego shorts,473981,
Portal Imaranhão,3460685,
EBUTE LIVES,798764,
Edumartins Car,894214,
Eduardo Duarte,688153,
Família Kohler ,8612916,
Luiz Stubbe,3798760,
Jorge Lourenço YT,932893,
JOTACÊ,624142,
Dhiogo Teixeira ,3615097,
shortsada,4146039,
soududu,488518,
Rota 300,1851496,
Cotidiano Sobre Rodas,3815774,
Tio Baldo,840602,
AlanTV,476966,
Engatando Cortes,406711,
Parquinho Shorts,228558,
Leozinho77,847173,
Canal Motoplay,869847,
Beto da Cg 150,528071,
Canal MS,702606,
Studio Cortes,708997,
MG Multas,758739,
Veneto Studio,2086839,
nutricionismo.br_oficial ,642972,
Diego Faustino #68,367063,
Pitbull do grauu,880862,
Enaldinho,2615208,
guizzera,187179,
RESENHAS DO TCAR,368561,
Lorenzo do grau 🚲🥷,621420,
Jovem Pan Entretenimento,758627,
mgm - a família aventura,1369472,
Você viu ?,167164,
Vagostelo,470734,
Naul,318476,
Trilliz Mafai,2087689,
Cleberson Mark - Bike,269926,
HenryXis,838181,
Mano cria oficial ,428523,
Gui Risadinha,2251917,
Sajid mechanic workshop ,3905931,
Viajando com Moises,1538101,
MOTO FILMADORA PAVÃO ES,682207,
Fricção 360°,238320,
Eu sou Barone #Shorts,438609,
Leão_Shorts,1742290,
TROLLY_EDITSXZ,14863924,
Cabecildo,350100,
MotoDiário,464869,
SkullTroi,3221349,
Clinjo AE,11635307,
Matheus Moreti,62609,
Cortes Sem Filtro,136767,
021Oruam,1790485,
Cardona Wb,5700358,
FERNANDES | DRIVER SP,4132008,
Nani Dumas,307726,
Zero,348077,
polícia 24 horas,2902139,
ℝ𝕏𝔼𝔻𝕀𝕋𝕊𝕏𝔻 🇮🇳,2420133,
SaporiTV,331785,
@Diegodichavagrau,232830,
SUHO,2937724,
Shark Shorts 🦈,1717828,
Migonzera,276234,
Stores de famosos ,345304,
Dorothy Lech,3693836,
Beatriz Affonso,214039,
Corre ou Morre,225272,
Cortesautomotivo,330390,
DuduDz,1170953,
Cabra Curioso,152183,
FaZcinante ,266239,
CONEXÃO 007,2144093,
MisturinhaSombria,1072963,
Academia da Funilaria,747214,
Gabriell19,583049,
Wesdio,2269431,
black ninja,777645,
Miguel Silvino,311760,
Ayfoo_Its_Otis,5289593,
Monza.do.joao.,4113144,
jefferson Welds oficial,255520,
Zuka,328600,
Trakcar Consultas,395336,
Prodip bro 63,15923491,
Keven Christian,4395422,
Fabricio Uber | MOTORISTA DE APLICATIVO,107846,
Canal do Cabeçoteiro,155029,
Lagartixa Oficial ,135667,
Garagem NR,1621236,
Casal Chupa Cabra,119942,
 ALLBLACK_G10 ,439093,
Pedro Lumphix,552257,
DZK Resenhas automotivas ,473690,
Renan Fiorini,234660,
Aurelio222,979705,
Delta solutions,11571063,
Vitinnsp,2878229,
Curiosidades Incríveis,174290,
TCAR ,620069,
Curiosidades Aleatórias,1860676,
Hudson Xavier 🚲,416749,
CLAY SHREDDER,10979203,
ACF,1015303,
Hyper Abhi,2366360,
Home Car lanternagem e pintura automotiva,634263,
Que absurdo isso!,2545224,
Cortesattracione,1726534,
CoffeezinN Dfn,1561072,
Carros com Tiago,371740,
LegendasMaromba,196561,
Sobre Rodas  PB,2245462,
SpeedZonne,3395217,
motorgridbrasil,377111,
CN Motos,3485189,
aburamezin,999618,
O cara do chapéu ,168977,
COP NORONHA,1209983,
vitoriadatc7_,96060,
Renato Garcia,778017,
Ailton Oficial,101624,
Memes TV,3181992,
as bike montadinhas mais top do planeta ,268414,
Car Lover's Corner,10541677,
Stories dos famosos ,130170,
Kako011Ofc ,2245519,
Velozes & Curiosos,96631,
Utopia,756678,
VINI DO GRAU,143377,
Motorista Solitário,359762,
Valentim o anjo do asfalto ,154483,
Renato Cariani,758191,
Adriano Operador ,231929,
Luiz Henrique.y,364095,
ninjamaquinas_oficial ,95741,
Fã clube do polaco,428162,
Rajada Funk,514029,
Galera do Trecho,343963,
Gui Nobre,273339,
Overdrive,56764,
Miami Repo Show,9859702,
Aspira&Turbo,343157,
Diário dos rebaixados,87615,
Diiegrau,826092,
OXADE ,5642966,
membaza,493713,
Lumis,1025671,
Joavi ,225985,
Hashimoto Drift,160642,
GG IS BACK,299527,
Mundo da Curiosidade ,81273,
Alex ,149647,
Nitro Cuts,270994,
Batistaxp,2868017,
Carlos,249291,
Força Total ,1454902,
Manual do Mundo,146919,
Auto Speed,127876,
Carro Chefe,200913,
mecanica alternativa,279829,
Софья Темникова,1866734,
Debaixo da Moita Podcast,206469,
Explora Mundo,116168,
Carlos Marques,1422286,
Página de Baikes ,1204688,
LUIZ DO SOM,124640,
Ana Rita,4036812,
AchismosTV,358908,
Ricardo Fernandes,6974058,
Percepcar,233464,
Super Comedia,172816,
Gabriel Vanzan,154047,
curiosopornatureza,128585,
ZEON OFG,4293669,
Priyanshu singh Royal,26444944,
recapitulação dos cervos,77825,
Thiago Leal (Sr. Guinho),136669,
Irmãos Medeiros,4522835,
NEGO DO COENTRO ,51060,
Renan Albach | Estética de Motos,93038,
Clipada Diária ,558584,
ZoeiraCar,78789,
Hacketica,240711,
FoFocandoFlix,220041,
Athos,516523,
Cadres,215845,
Pabllym GO!,89820,
PitBullFera,60092,
Yaszoca,156895,
Geleia,189629,
GamerCosta,86191,
Yuri Dinamite,43290,
OMED,89558,
Texinho Blox,148683,
xMarcelo,150745,
porkinbrSEGUNDO,146301,
United Sz,43181,
Lokolow,119261,
Flakes Power,197616,
Artube Clash,123430,
Gabriel e Shirley - Games,99336,
BisteconeLive,134048,
Taltola,150885,
Melry Jennifer,23142,
Souzones,75673,
Lukszin,92023,
Fabio Darck,68893,
Mary Games,88696,
KIKO WF,1807521,
Tex HS,182793,
Chantilly,49599,
jatozord,93340,
Polar 11,21826,
ÉoTeux,115582,
legiti,57808,
Dudaberud,80579,
Buggy,42135,
Igo Moreno,382770,
CalangoLive,61086,
GonGon,65146,
Kass e KR - TV,46917,
Gxstavo7,112814,
Cortes do Jozão [OFICIAL],53094,
Getaway Driver,52455,
Lajota,60812,
Liga GWL,82224,
Raven,50848,
Rizado,4158596,
AL3XEY,62947,
Pausa Nerd,58667,
The Radioativo LoL,33298,
Nicole Maffi,194828,
Thecoolpanda007_yt,145809,
Nait,349465,
Rena Vexx ☕️,70536,
Marcelodrv,82754,
FixzTwo,109543,
Só Por Causa,92614,
Vda_pedro,32470,
DudaBlox,57325,
Biel santos ,115124,
BOSS FC,19702,
Bibi Tenebroza 2,59081,
Athos TV,85640,
Nanndo,277217,
Cap Joga,94929,
Drewd0g,69823,
Clash of Clans,2795210,
Mateus Erd,407714,
MelzinhaMel Games,147546,
Games EduUu,363813,
Yaszoca TV,92689,
Murilão Gamer,167889,
BUCHEXA DA 160,402639,
Stories dos famosos ,68893,
Flavio Brotas,142170,
Yara e Lauren ,259861,
Adeline Camargo,92764,
Matando Matheus a Grito,263447,
NiinaSecrets,165278,
Fran Japa,49492,
Lorelay Fox,62755,
Marco dos Anjos,21444,
Lar da Ana 👩‍👦,22494,
Blog das irmãs,39923,
Dicas Nova York,40747,
casinha da gabi,18912,
Bia Galvão - mãe da Mia e Olívia,508845,
Juliane Jocoski,13501,
Fabia Lopes,74580,
Eláyne Oliveira,20277,
Bruna Paula,22680,
Rafaela Kaori,25814,
Poli Landim,26542,
Fernanda Cordiolli,38057,
mihtanino,1017559,
Morgana Secco,33647,
Giuliana Mafra,8440279,
Jorge Lourenço YT,2960035,
Kelvin & Marina l Casal do Humor,4082248,
Luizinho Benício,2210510,
PODVIM NEWS [NOTÍCIAS & PODCAST],2211848,
Anny da quebrada,2730783,
Macacada,5437224,
Falaidearo,3176475,
Nabin Liza,2599728,
Thally e Leo,1010459,
Irmãos Lemos,2301395,
Lulu Perrier,1785118,
Nathália Paz YT,4261346,
Kakau,1923327,
ShortsPodcuts,1253033,
Universo Labz,628797,
Davi Aguiar ,1243667,
lkda9ofc,938418,
Gui Martins,849494,
Miguel Salles MS,2427666,
Márcio Pavarina ,736966,
Vitor Orth,1240593,
Cortes Caio Abou Hana [OFICIAL],1969391,
Tesouro do Cinema,627411,
Levibrayn7,1449877,
Velho Juvenal,753356,
O curioso fofinho,2138460,
zhedbias,941582,
NextlevelDJ | O moço do Te Amo,1642171,
Sudden,430532,
Topper Guild,11594942,
Stokes Twins,22021482,
Rodrigo Peixoto,1380266,
Adrielson ,1569512,
PSETE,971587,
205-6-1jkl,1812379,
CoffeeCyclone33,756276,
LIMA LIMONADA 📸,2922237,
Naggi,1358971,
Lukinhas Bora Rir,3932139,
yuduyfgvui,1185668,
Lulu Lulu,2411693,
ximenez nowak,412993,
Meader Todd,1077029,
e po,360020,
BUCHEXA DA 160,1070740,
Ward Cooksey,596241,
Woodrow Bennett,637007,
Rick Santina,1217505,
FeijoadaShorts,1133498,
Je Firmino ,1144385,
Leozinn 077,1541859,
CASALNATHYBRUNO,269175,
Casalthaisemarcelo,832152,
julio e mainha reserva ,720170,
Capivara de Boa,477466,
O filho do chefe da máfia,548927,
Espeto,478988,
NatelaClip!,1184260,
Keira Riff,5086567,
🌵 Eu e meu vaqueiro 🌵,1198601,
SÓJAOMEMO,774216,
Anelim,1703479,
Ryan Samuel 2,393829,
Andrey Garbe - IMPERNÁVEL ,1093686,
Xinglau,411616,
Paulinha ,839051,
FUTVIDATV,348435,
vovo tiktok,398706,
JQU QSSB,1666693,
Luffy nordestino ,751694,
Amado Jonh,620847,
jjjj,774276,
Super Aventura,538735,
PCILINHA🦜,634729,
GeekPodCuts,677338,
Lucas Pavanato,330807,
Yavibo Nian,3882952,
Xonatam,321611,
Lox Wave,1414774,
Carlos Vitor,3132159,
LegendasMaromba,2634823,
Timoteo Amazonense ,436834,
Sandega,1254879,
HISTORIA REAL,509173,
Laura Rangel,784134,
Le Lan,696092,
Jão Vitu,515123,
Mildy Melo ,471061,
TV MAELSON,2409271,
Xaninha  Zé & Billu ,327898,
Giuliana Mafra,2702512,
CR7 GOAT,3528658,
MANODAN,2694271,
Prof. Fer Garcia I Química,1604500,
Begazopolis,990904,
Heróis in Verso,1121279,
"Investiga, Pinhel! ",1909127,
Aninha zk,1900373,
BrittneySorena,2193335,
cain lives,3199370,
ZEN FLUX,8333112,
Icaro e Myrella ,2487745,
Arhaan Ki Masti,103187408,
Julia Antenada,1173189,
Jornada Doméstica,2845617,
The Notorious C.A.P.,1938536,
MR CROW,10003670,
Bequinh4,1500188,
Universo Labz,2421280,
Kura Shorts,1106834,
Kaizen Andrade,2195676,
Gian,2757181,
Thiago da Achah,1769621,
Flávio Lopes,2488064,
Jhonny Ranks,5082833,
𝐙𝟏𝟎,11363259,
Eduarda Girl,4075166,
Thalya Lopes,1272218,
Parquinho Shorts,1280562,
Music Cuts BR,2606175,
Shortszeras ,1496825,
Cassito,842679,
Vitor Orth,1144363,
TremiX_Tim,58517759,
Gabrielmiranda_ofc,1960480,
Daniielbn Reacts,1991731,
Muhammad Suleman,28891097,
Liên Lê,2476719,
O curioso fofinho,1633585,
Contos da Maromba,1049462,
Kadukos,1852221,
Rafainha,1604056,
Oogway Ranks,23849335,
Rixan ,18751024,
TripleY222 & Tarran D,10237023,
zjqahyhsd541,727471,
LUCCAS TOON KIDS,6099859,
msdqa,789210,
Arte de um casal,1165268,
Juliana Baltar,2616908,
Rafa & Thaís,2547576,
Emilly Vick,8903705,
Annyx_gamer,1083098,
annyzinha_x,797083,
Rafael Silva,635601,
Leana Rennhard,1612160,
Rick Santina,4057447,
Jojo Yang,1352709,
Mr.Wilton,459946,
Nissan Ni,845119,
Rectoz aditz,5047390,
Biel Yoshi,2243493,
JS EDITZ ,2283189,
hgdyy,1111991,
Geka7 🇧🇷,4149244,
Que absurdo isso!,1647666,
Favorit0,708283,
Meaning,1591305,
Thally e Leo,2218976,
Amandinha,1469496,
Cristao Cacheado,998569,
Rafa & Luiz,664599,
FamiliaPool,1108040,
caroll mckeithan,1638960,
shihao,1024815,
Utopia,1113140,
A Grande Comedia,2012957,
Rei Shorts,490100,
chefkoudy,24097787,
Sai Shorts,1037699,
Danish Smart,27033842,
Sev7n Games OFICIAL,604611,
sandy Kim ,1050816,
Chácara família Rocha Batista ,1290088,
Vovó Maria e o Neto,758743,
Ryan Samuel 2,545283,
Mundos Diversos,1246288,
Fezyn,632263,
LolaLol Extra,39613012,
Teteu Blox,748818,
canal generico de cortes,4535609,
NinjahhRanks,23600997,
Svexo,8309974,
Shorta do Rafa,455251,
ghulus,1099164,
DrBurguerQuiz,2329032,
Portal dos rosa,1564514,
CuRe 구래,12016415,
Tawanda Edis,895494,
Teusflix,1570957,
Vini Theophilo,1810162,
Nicole Maffi,665863,
Fzin edits ,1943142,
Lulu Perrier,1273860,
Bia Amaral,478336,
Lara Rose,4945984,
nthi4,1860457,
Cortes do Nobru,1891924,
Cadel and Mia,16818309,
cyrfui,875544,
Kenjolas,2187573,
Terra Brasil,1429845,
Terra do Mandu,4125092,
Jogo Aberto,1035167,
Itatiaia,249459,
Meu Mundo Digital,543946,
g1,404200,
Marcos Serrano,138164,
Band Jornalismo,335990,
ALERTA NOTÍCIA ,116396,
Mente milionário ,236437,
BBC News Brasil,719909,
Gustavo Gayer Deputado Federal,418512,
Cidade Alerta,501032,
Revista Oeste,319828,
UOL,355354,
Cortes do Inteligência [OFICIAL],264521,
CBN Vale,898466,
Resumo Rapido da Direita ,489388,
TV Aratu,226926,
Brasil Urgente,292375,
Domingo Espetacular,250798,
TV Fórum,154110,
GZH,203475,
Rodrigo Pimentel,622188,
FLAZOEIRO,251785,
Dr. Sandro Gonçalves,188393,
Jovem Pan Esportes,194197,
Movimento Transparência Itanhaém,115097,
Laércio André TV,334764,
FAMA E SEGREDOS ,513793,
Kraken-BR,98021,
Plantão Brasil (Thiago dos Reis),87731,
Jovem Pan News,106232,
TV Senado,322235,
Te atualizei,474812,
André Marsiglia,228836,
AuriVerde Brasil,135012,
BAROLO VÍDEOS,102643,
CNN Brasil,85791,
SBT News,1016939,
Metrópoles,126415,
TV NEWS NO AR,116693,
Instituto Conhecimento Liberta,79918,
Giovani Cherini,111434,
Portal do José,139229,
Arquivo Oculto da Fama ,76970,
Balanço Geral,92673,
NEWSTRADERPOLITICA,504800,
Josué Aragão,471106,
Jornal da Record,94010,
LEOTV,152857,
Deltan Dallagnol,213680,
Xadrez Global,360955,
Fala Elemento,360703,
Hoje no Mundo Militar,106069,
Gazeta do Povo,85384,
Rádio BandNews FM,42620,
ANCAPSU,154550,
Fabiana Cardoso,93662,
Morning Show,56364,
KiM PAiM,93958,
Andréa Gonçalves,97449,
Temotivei now,82735,
RECORD CABO VERDE,56450,
RecordPlus,207518,
Cortes Trezoitão,31712,
Atenção Vascaínos!,142111,
Fala Brasil,58133,
Record Brasília,102737,
Câmara dos Deputados,71676,
Marcos Paulo 🇧🇷 PolíticaNews,102470,
Desmascarando,162789,
TV Band Minas,37107,
ESPN Brasil,208398,
Paulo Royal,504587,
Dr. Marcelo Suave- Advogado,82461,
UOL Esporte,56220,
Record Interior SP,296762,
SBT Jornalismo,56266,
Engenheiro Leo,161410,
TNT Sports Brasil,84790,
Jovem Pan  - 3 em 1,163206,
Dr. Couto de Novaes,32277,
Demétrius ,105927,
Mundo Polarizado | Olimpio Araujo Junior,81632,
Fábio Sormani,66212,
SPFC NEWS,48619,
Rede Massa - Londrina,98318,
"CLEITON BASSO Notícias, Reflexões e Evangelismo",87479,
Kim Kataguiri,196975,
Clayson,115307,
PH Araujo nos EUA,41960,
Alexandre Garcia,192127,
Leandro Demori,37274,
Jp NOTÍCIAS,35536,
Revista Exato,61388,
Mídia NINJA,70677,
Rede TVT,46930,
ECB TV ,26546,
Ric RECORD Paraná,91669,
Goal Fut,145837,
DCM TV,361009,
Meteoro Brasil,31786,
MEU MENGÃO REACT,49645,
Mundial Telenoticias,57447,
Marcos FLA React,60550,
Marcos Campos,67970,
TiaGOL,50131,
Investidor Sardinha l Raul Sena,158586,
Simplesmente Fatos,185286,
Zona Zero Brasil,65588,
Record Guaiba,69189,
MBLiveTV - Lives do MBL,63601,
TV Paranaíba,44862,
globonews,76512,
Programa 4 por 4,133849,
TV Brasil,23768,
Mengão O MELHOR,45250,
Cortes 247,103337,
Brasil em Linha Reta,33036,
Portal Veloz,22269,
Canal do Paulo Mathias,84969,
JW News,40580,
Ivan Kleber Fonseca,59660,
VEJA+,80657,
O TEMPO,87194,
voandobaixophb,55578,
Pânico Jovem Pan,58013,
TV Guararapes Oficial,190094,
Cortes da CazéTV,97952,
Paula Marisa,60140,
Os Pingos nos Is,55411,
Galãs Feios,57665,
Pilhado,150905,
Boletim de Guerra,56704,
Peter Aqui,96883,
Fala Glauber Podcast,53459,
Educadora eLimeira,65549,
Política & Cia,68632,
Investigação Criminal,47444,
Café do Setorista,38186,
Fio Diário,233558,
Tonimek,208842,
LeoDias TV  ,81411,
CARECA DE SABER TV,41792,
SBT Brasília Jornalismo,21856,
Canal do Nicola,65631,
Síntese Política,214519,
BTB SPORTS OFICIAL,50774,
Vista Pátria,79618,
Canal do Gigante Vasco,43437,
Paparazzo Rubro-Negro,32757,
Carta na Rede,56854,
TV Resenha,19583,
A Dupla ,20668,
Giuliana Mafra,2822242,
Malone Said,5648139,
textoslendarios,2575761,
FlowBuild,71086959,
Pietra_vitorinny,3504705,
Família Thally e Leo,2463499,
Flexx Shorts ,1917949,
Léo Borges Shorts,1890094,
Ailton Oficial,3970791,
Zeca Tatu,2993014,
lidiane Leimann,9663955,
Marco Morastoni ,2333355,
3 Fatos Agora,2459822,
Ronazim,2983767,
m7zinnn,2268341,
Naggi,1545339,
Naosoutedy,4048250,
Painzeiro,2033251,
Emilly Vick,3197400,
Puckzito,7239102,
Canal Ligado,2690021,
Carlo Shorts🇧🇷,2134773,
REPÓRTER EVERALDO LEITE,3850442,
Vinicius da Ilha,3132778,
Luiz Felipe,1679032,
Doutor Shorts,1661292,
Joelma Veríssimo,975274,
Poppy Bernal,1970931,
Qual você escolheria,1770760,
Je Firmino ,904307,
Markin Shorts,2450155,
Victao Edits,4454643,
James WO,1272228,
Diversão com Eloá gringa,1137061,
Charlotte,1683920,
Theuz Facts,2351693,
Leonovamente,1295196,
Sev7n Games OFICIAL,1691414,
Diversão Sophia e Família ,1191528,
BarberBison18,2476576,
Biel GEN TV,2224462,
Família Masudinha,1176424,
FUTR45,2931535,
Ekindarcortes,1935423,
Cerejinha🍒,1133960,
Thiago da Achah,1259661,
Maria Eliza e Manu ,1351622,
Casal Chupa Cabra,1087888,
Frei Gilson / Som do Monte - OFICIAL,3289702,
MotoChoque,810302,
Victoria Lima ,4627737,
Pastor Junior Silva,1998146,
Amandinha,1879673,
Nathan Pereira ,1011890,
MoriMura,738048,
Coldpupl56,1251827,
lanananana,4269075,
John Erik,1869544,
Katssa Melkya,1989186,
sandrão,7356758,
Mel,1426996,
Anny da quebrada,2909367,
Luiz Stubbe,1076950,
PinguimBR,1059457,
Léo Medeiros,911684,
Weise2,1617857,
Canal da Belinha,1423166,
Bruc Duarte,2000726,
Mano cria oficial ,1803396,
FeijoadaShorts,1464737,
Coelho Sorrateiro,956009,
Arthur Souza,3095064,
Davi Dantt,2523458,
Jonjon o super pai oficial ,621148,
dsse shsdh,1166724,
Fera,3045947,
Máfia dos Shorts,1450958,
Pivette Original,1140048,
Sabia Não?,860725,
Garota maravilhosa,747555,
Kelvin William,2015697,
CLUBINHO DOS ROSA ,828668,
Tiago Croesy II,955525,
Wagner Verly,1405074,
Souza Shorts,1923552,
Diadema_R46,1822862,
Trocadiilha,599774,
Moritz,2682115,
Diversão Infantil,707264,
107zhupindao,1676074,
Mathezinn,1430378,
abavocadu,4029822,
Ingram.,947552,
Theulyn Reis,770341,
RITMO DAS FAVELA,1788371,
Random Facts,1579115,
"Fala, Lukinhas!",754291,
RISA PROGRAMADA,1498844,
Sou Mrp,1568158,
João & Isa ,1613824,
VALENTINA SOBRINHO E FAMÍLIA,1214036,
Yara e Lauren ,1063017,
Andrey Garbe - IMPERNÁVEL ,4070756,
Void Cauan,816125,
Zion01,1727967,
annyzinha_x,1056132,
Cock Shorts,746854,
DuPendrive,397181,
Crochê das Irmãs,1104459,
Nicolly Candeu🇧🇷,2377428,
L7 SHORTS,1166399,
Jonathan,2602967,
Nicole Maffi,9381457,
Andre Shorts Br,671407,
Eu você e nós,632523,
Hpescarias,955442,
H1P3R1ON,1378932,
LUCCAS NETO,2392331,
Torque Zero,677264,
Zolard,1067201,
Marianne Morishito,1608178,
Legadu Cortes,763684,
Miriã Pevidor,1267949,
Mustache Shorts,1341143,
Bequinh4,714921,
Nasiir95,1273466,
CF,1390975,
m05,3546082,
Natan por Aí,5765412,
Valentim o anjo do asfalto ,1777856,
Rise Hope,802219,
Assis teo,2721491,
KIURY,1412634,
Eskelletox,1090534,
Tia Mari,2408657,
shortsada,570978,
Ladinzando,589914,
Overtraining Club,1034967,
Xiaowang-2,1177280,
Danielamooorales,7107331,
Renato vlogs,1397689,
O Bucomaxiso | Dr. Renan Santiago,2279386,
yaaa29,511516,
Paulo Flasmo,741731,
Mb do corte OF,1657231,
Fofis ,4079219,
Gata Purple,446633,
Rafael Sotto,2250916,
chefkoudy,35225876,
Pai da Mia,5010139,
Diogo Tiba,6697742,
Turma da Ximu,827201,
Biguzera,574574,
OSPIQUE,1536349,
Google_It,710421,
Scarlat Caluête,2430003,
Trillizas Grinwis,8663003,
Marco Túlio Davi,747653,
NarraSmith,1139159,
Giuliana Mafra,4723549,
Throw mini,18806088,
Douglas Ramalho,3266305,
Shot4Head,10440950,
Naggi,623360,
Royale News,531103,
Neon+ Tech,1337805,
NIKK NERD,3867625,
Top! Tech,407024,
MaxFatos,819108,
Vida do LuCrazy,165781,
Sev7n Games OFICIAL,391087,
Ryan Samuel 2,848143,
Rajnish Chauhan,36019429,
mihtanino,313726,
3 Coisas Loucas,333197,
Adrenaline,570725,
FULLIY EDITZ,2061869,
ENG-RODRI,1009940,
Rafael Sotto,937235,
Shortszeras ,930302,
Ryan Samuel,1252049,
Gesiel Taveira,281577,
RC ASSISTEC ,81496,
Oficina Do celular,672729,
Cortes do ET,274837,
Dot Textos,566726,
Mike Fantástico,144567,
Dose Curiosa,454448,
FEURIPE,94883,
lidiane Leimann,1680079,
Viralizou Tech,195385,
AndraTech,299211,
Julio Cocielo,714725,
Gabriel Adamuchi - IA Fácil,140366,
Star Motors Rio,130602,
Velmira Quon,1466983,
Achados & Perdidos,71429,
hazzai,220182,
Canaltech,126420,
tyvon,4582354,
Dangoou,103309,
O Tade,119900,
Totalmente Mel,155239,
Luidy,63691,
Crystal Armor,165256,
Cortes do PoisonStp [OFICIAL],24192,
ภัสกร ศิลปมัธยม,287591,
Samsung,6299602,
Quick fun,13190755,
Marcos Maia,24141,
Felipe Ricardo,75602,
Pedro Ribeiro,520982,
Samsung Brasil,63464,
EscolhaSegura,56183,
Gui Cassiri,295246,
PLENZOZ,7922182,
AL3XEY,102718,
1155 do ET,48129,
Explicado em Detalhes,324393,
ArmanHRT,1132590,
Isabelle & Tiago,95428,
Keira Riff,127193,
Reset,98915,
Akemi Hata,1888037,
Bangbang 456,1898243,
Manual do Improviso,29216,
TecMundo,45818,
Tech Hard,121339,
annyzinha_gamer,23998,
LetraJota,35801,
KnownAsDeva,8570690,
GFbox,40348,
Futuro Econômico,169251,
Rodrigo Moreira,50168,
Sou Mrp,63100,
MW Informática,52925,
Luziwei,5017843,
Loop Infinito,36919,
Ben.Util.,79785,
MATHEWS SÁ ,30521,
Doutora X,192414,
Marques Brownlee,2799632,
True Hacking,243883,
Brothers Repair,127792,
jbl test  water music ,5253999,
Escola Instructiva ,22172,
mryeester,18094653,
water test speaker jbl,11037816,
Guto Cintra,77858,
mdcddfcf,2707344,
MRZ MOHIT ,2691798,
JG Tech,21864,
Um Idiota Legal,693417,
Vovozinha - Maria do Céu,28249,
TecnoArt,38938,
Guilherme Duarte,17982,
O Casal de SP,50494,
O Mundo da Ágata ,273156,
A vida é uma maravilha,5242205,
Engenharia Detalhada,94713,
Makarov,43052,
FranciscoDicas,410765,
🛍️𝔸ℂℍ𝔸𝔻𝕀ℕℍ𝕆𝕊🛍️,1913885,
MacMagazine,24059,
Diolinux,86354,
Afreim Vlogs,32668,
CORTES - Leon e Nilce [Oficial],218240,
O POVO,288006,
MIND THE HEADPHONE,36083,
Graxinha,79908,
Cortes do Manual do Mundo,40674,
Milkurtz,101309,
Mohammad Fahim ,16902010,
Fluid MA Alfi,3195101,
Mini spoke sound,7614219,
mano deyvin,88024,
COD WZ,6556921,
Speed McQueen,7748442,
FatherPhi,4081048,
Lock Gamer Hardware,39191,
Mrwhosetheboss,2096072,
Mundo Conectado,169407,
Starlink e Tecnologia,63368,
Italo Canella,103943,
Anderson Albuquerque,385374,
Foca No Canal,2418617,
Salih Hoban,1803024,
Kaif bhai,12905894,
Yavibo Nian,2231043,
Next Level Hands,9611233,
PluggedIn3D,3996916,
Maazology,16454153,
Zack D. Films,11397238,
v2cell,330948,
Noam Aizenberg,5363557,
TECH NOX,6814053,
TECH_COMPARISON,1870607,
TechnikLabor,4539628,
The Funny World,20597117,
Electric Revolution,4105717,
Byte PT,130145,
SHAKIEDZ,6988584,
Custom Adventurist,3863463,
Fireship,663244,
Salem Techsperts,1929537,
Alex Boyko,1392368,
Linus Tech Tips,902966,
Quick tar,27820246,
Everywhere Nowhere,2309143,
Hardware Nf,1808695,
TechLinked,342803,
Digital Doctor ,6051405,
Gadget Icon,11998029,
Brain Inventor,2842320,
MC Negão Original,223248,
MC Negão Original,5278457,
MC Negão Original,1039183,
MC Negão Original,436398,
MC Negão Original,188310,
MC Negão Original,208432,
MC Negão Original,97170,
MC Negão Original,138575,
MC Negão Original,88620,
MC Negão Original,124362,
MC Negão Original,60680,
MC Negão Original,57935,
MC Negão Original,45440,
MC Negão Original,49438,
MC Negão Original,89418,
MC Negão Original,76865,
MC Negão Original,181092,
MC Negão Original,104949,
MC Negão Original,39138,
MC Negão Original,757882,
MC Negão Original,4372996,
MC Negão Original,3860448,
MC Negão Original,2006754,
MC Negão Original,18488932,
MC Negão Original,4880256,
MC Negão Original,19730,
MC Negão Original,10729,
MC Negão Original,23317,
MC Negão Original,11046,
MC Negão Original,8487,
MC Negão Original,20420,
MC Negão Original,18262,
MC Negão Original,4983421,
MC Negão Original,1219700,
MC Negão Original,1511157,
MC Negão Original,479897,
MC Negão Original,1400277,
MC Negão Original,19067,
MC Negão Original,10075,
MC Negão Original,2568851,
MC Negão Original,26078,
MC Negão Original,10701371,
MC Negão Original,19185,
MC Negão Original,5977093,
MC Negão Original,18477,
MC Negão Original,17271,
MC Negão Original,9305985,
MC Negão Original,22931,
MC Negão Original,1723871,
MC Negão Original,35095387,
MC Negão Original,3570561,
MC Negão Original,5732953,
MC Negão Original,396058,
MC Negão Original,4291611,
MC Negão Original,1208391,
MC Negão Original,3171381,
MC Negão Original,2205061,
MC Negão Original,27887376,
MC Negão Original,9370050,
MC Negão Original,1159851,
MC Negão Original,29042735,
MC Negão Original,550524,
MC Negão Original,29899242,
MC Negão Original,92310002,
MC Negão Original,45598011,
MC Negão Original,32586827,
MC Negão Original,3459283,
MC Negão Original,1264994,
MC Negão Original,7181027,
MC Negão Original,2181651,
MC Negão Original,5733796,
MC Negão Original,532180,
MC Negão Original,613465,
MC Negão Original,1150437,
MC Negão Original,550311,
MC Negão Original,2203054,
MC Negão Original,154556,
MC Negão Original,125748,
MC Negão Original,558928,
MC Negão Original,383425,
MC Negão Original,165862,
MC Negão Original,3244413,
MC Negão Original,6196631,
MC Negão Original,657774,
MC Negão Original,988074,
MC Negão Original,191134,
MC Negão Original,354844,
MC Negão Original,101412,
ingresso.com,537,
ingresso.com,1686,
ingresso.com,1556,
ingresso.com,17018,
ingresso.com,159932,
ingresso.com,2089,
ingresso.com,18024,
ingresso.com,7720,
ingresso.com,8224,
ingresso.com,4279,
ingresso.com,6614,
ingresso.com,2638,
ingresso.com,16785,
ingresso.com,42735,
ingresso.com,12458,
ingresso.com,20677,
ingresso.com,5643,
ingresso.com,1009312,
ingresso.com,13760,
ingresso.com,78657,
ingresso.com,132005,
ingresso.com,22827,
ingresso.com,9347,
ingresso.com,6230,
ingresso.com,28073,
ingresso.com,5669,
ingresso.com,8862,
ingresso.com,4591,
ingresso.com,28343,
ingresso.com,10531,
ingresso.com,2228,
ingresso.com,5182,
ingresso.com,7288,
ingresso.com,14482,
ingresso.com,6856,
ingresso.com,11394,
ingresso.com,20876,
ingresso.com,159054,
ingresso.com,23752,
ingresso.com,42073,
ingresso.com,7657,
ingresso.com,25342,
ingresso.com,108523,
ingresso.com,303066,
ingresso.com,40690,
ingresso.com,25660,
ingresso.com,7208,
ingresso.com,8871,
ingresso.com,8392,
ingresso.com,22970,
ingresso.com,28845,
ingresso.com,125677,
ingresso.com,24417,
ingresso.com,1455,
ingresso.com,1458,
ingresso.com,1966,
ingresso.com,9212,
ingresso.com,35847,
ingresso.com,6536,
ingresso.com,2003,
ingresso.com,11028,
ingresso.com,17127,
ingresso.com,416348,
ingresso.com,134079,
ingresso.com,4538,
ingresso.com,7998,
ingresso.com,2610,
ingresso.com,4144,
ingresso.com,145153,
ingresso.com,1950,
ingresso.com,1825,
ingresso.com,15593,
ingresso.com,64692,
ingresso.com,8519,
ingresso.com,2921,
ingresso.com,2267,
ingresso.com,3179,
ingresso.com,50486,
ingresso.com,15763,
ingresso.com,2639,
ingresso.com,5937,
ingresso.com,4159,
ingresso.com,17265,
ingresso.com,472616,
ingresso.com,5167,
ingresso.com,400850,
ingresso.com,380803,
ingresso.com,695714,
ingresso.com,103320,
ingresso.com,115224,
ingresso.com,139645,
ingresso.com,12293,
ingresso.com,1002341,
ingresso.com,116078,
ingresso.com,238690,
ingresso.com,12587,
ingresso.com,6024,
ingresso.com,7564,
ingresso.com,55653,
ingresso.com,194363,
ingresso.com,65899,
ingresso.com,13977,
ingresso.com,3817,
ingresso.com,83858,
ingresso.com,52812,
ingresso.com,11441,
ingresso.com,88973,
ingresso.com,13482,
ingresso.com,168696,
ingresso.com,5436,
ingresso.com,28167,
ingresso.com,90900,
ingresso.com,31290,
ingresso.com,8232,
ingresso.com,8688,
ingresso.com,83371,
ingresso.com,16899,
ingresso.com,19510,
ingresso.com,8016,
ingresso.com,163763,
ingresso.com,4069,
ingresso.com,73469,
ingresso.com,418226,
ingresso.com,7555996,
ingresso.com,40366,
ingresso.com,54475,
ingresso.com,64846,
ingresso.com,575935,
ingresso.com,52603,
ingresso.com,20641,
ingresso.com,548224,
ingresso.com,80107,
ingresso.com,56038,
ingresso.com,644965,
ingresso.com,27511,
ingresso.com,63207,
ingresso.com,151921,
ingresso.com,5480,
ingresso.com,48458,
ingresso.com,26247,
ingresso.com,2188,
ingresso.com,71320,
ingresso.com,76755,
ingresso.com,6570,
ingresso.com,4544,
ingresso.com,8769,
ingresso.com,48511,
ingresso.com,44618,
ingresso.com,180839,
ingresso.com,349019,
ingresso.com,89804,
ingresso.com,358691,
ingresso.com,7133,
ingresso.com,370509,
ingresso.com,208849,
ingresso.com,12591,
ingresso.com,128906,
ingresso.com,1161,
ingresso.com,292707,
ingresso.com,10670,
ingresso.com,122512,
ingresso.com,246242,
ingresso.com,13567,
ingresso.com,28447,
ingresso.com,188341,
ingresso.com,127907,
ingresso.com,233693,
ingresso.com,12947,
ingresso.com,108176,
ingresso.com,136134,
ingresso.com,64547,
ingresso.com,27789,
ingresso.com,4636,
ingresso.com,6972,
ingresso.com,5222,
ingresso.com,30080,
ingresso.com,252068,
ingresso.com,90059,
ingresso.com,16228,
ingresso.com,16073,
ingresso.com,14317,
ingresso.com,23960,
ingresso.com,6413,
ingresso.com,124525,
ingresso.com,188979,
ingresso.com,32232,
ingresso.com,150364,
ingresso.com,11486,
ingresso.com,54961,
ingresso.com,244250,
ingresso.com,295664,
ingresso.com,463251,
ingresso.com,66286,
ingresso.com,13095,
ingresso.com,10476,
ingresso.com,21522,
ingresso.com,109920,
ingresso.com,5974,
ingresso.com,13338,
ingresso.com,89348,
ingresso.com,200079,
ingresso.com,172725,
ingresso.com,123574,
ingresso.com,1992071,
ingresso.com,548995,
ingresso.com,15183,
ingresso.com,9304,
ingresso.com,5089,
ingresso.com,13523,
ingresso.com,32594,
ingresso.com,4041,
ingresso.com,6063,
ingresso.com,107406,
ingresso.com,269376,
ingresso.com,457640,
ingresso.com,850774,
ingresso.com,58569,
ingresso.com,5237,
ingresso.com,4801,
ingresso.com,213698,
ingresso.com,3912,
ingresso.com,31131,
ingresso.com,7347,
ingresso.com,10047,
ingresso.com,61255,
ingresso.com,128220,
ingresso.com,31157,
ingresso.com,78941,
ingresso.com,12768,
ingresso.com,3431,
ingresso.com,84914,
ingresso.com,8991,
ingresso.com,10899,
ingresso.com,15466,
ingresso.com,303218,
ingresso.com,32580,
ingresso.com,29414,
ingresso.com,92158,
ingresso.com,1613,
ingresso.com,6068,
ingresso.com,21319,
ingresso.com,22035,
ingresso.com,497638,
ingresso.com,98294,
ingresso.com,32190,
ingresso.com,67828,
ingresso.com,112020,
ingresso.com,30179,
ingresso.com,20660,
ingresso.com,247265,
ingresso.com,109406,
ingresso.com,186673,
ingresso.com,9131,
ingresso.com,25389,
ingresso.com,34243,
ingresso.com,133360,
ingresso.com,10732,
ingresso.com,161290,
ingresso.com,151820,
ingresso.com,6302,
ingresso.com,8620,
ingresso.com,14420,
ingresso.com,22670,
ingresso.com,77744,
ingresso.com,81499,
ingresso.com,102757,
ingresso.com,132268,
ingresso.com,772090,
ingresso.com,41258,
ingresso.com,31489,
ingresso.com,27250,
ingresso.com,30316,
ingresso.com,65125,
ingresso.com,24873,
ingresso.com,167887,
ingresso.com,193071,
ingresso.com,2146,
ingresso.com,325697,
ingresso.com,19039,
ingresso.com,143531,
ingresso.com,45297,
ingresso.com,14331,
ingresso.com,218521,
ingresso.com,81860,
ingresso.com,91699,
ingresso.com,18249,
ingresso.com,524352,
ingresso.com,22120,
ingresso.com,278295,
ingresso.com,70338,
ingresso.com,19207,
ingresso.com,31611,
ingresso.com,235220,
ingresso.com,97456,
ingresso.com,238064,
ingresso.com,96839,
ingresso.com,137800,
ingresso.com,104946,
ingresso.com,43563,
ingresso.com,44675,
ingresso.com,9724,
ingresso.com,826055,
ingresso.com,157142,
ingresso.com,1246205,
ingresso.com,40089,
ingresso.com,39576,
ingresso.com,11073,
ingresso.com,1148622,
ingresso.com,23618,
ingresso.com,11430,
ingresso.com,137533,
ingresso.com,313214,
ingresso.com,26285,
ingresso.com,50510,
ingresso.com,4077,
ingresso.com,119743,
ingresso.com,199991,
ingresso.com,356064,
ingresso.com,22454,
ingresso.com,49996,
ingresso.com,41767,
ingresso.com,53937,
ingresso.com,97550,
ingresso.com,17145,
ingresso.com,66786,
ingresso.com,227441,
ingresso.com,17669,
ingresso.com,210647,
ingresso.com,260684,
ingresso.com,162883,
ingresso.com,14128,
ingresso.com,14103,
ingresso.com,73853,
ingresso.com,12833,
ingresso.com,107888,
ingresso.com,261489,
ingresso.com,17113,
ingresso.com,7070,
ingresso.com,6092,
ingresso.com,230912,
ingresso.com,165201,
ingresso.com,214917,
ingresso.com,392594,
ingresso.com,93380,
ingresso.com,12691,
ingresso.com,8603,
ingresso.com,92066,
ingresso.com,101646,
ingresso.com,33740,
ingresso.com,7846,
ingresso.com,125190,
ingresso.com,3997,
ingresso.com,9649,
ingresso.com,88616,
ingresso.com,8509,
ingresso.com,27779,
ingresso.com,199392,
ingresso.com,16345,
ingresso.com,248279,
ingresso.com,8210,
ingresso.com,10180,
ingresso.com,95273,
ingresso.com,317144,
ingresso.com,19339,
ingresso.com,22271,
ingresso.com,3415,
ingresso.com,245118,
ingresso.com,3639,
ingresso.com,5815,
ingresso.com,172794,
ingresso.com,95830,
ingresso.com,11029,
ingresso.com,127935,
ingresso.com,16873,
ingresso.com,24034,
ingresso.com,199474,
ingresso.com,6867,
ingresso.com,473031,
ingresso.com,9131,
ingresso.com,23011,
ingresso.com,41852,
ingresso.com,490270,
ingresso.com,3964,
ingresso.com,32749,
ingresso.com,36340,
ingresso.com,1457220,
ingresso.com,380727,
ingresso.com,344245,
ingresso.com,96974,
ingresso.com,108636,
ingresso.com,877773,
ingresso.com,1448350,
ingresso.com,114824,
ingresso.com,280424,
ingresso.com,1624694,
ingresso.com,167672,
ingresso.com,5696,
ingresso.com,92020,
ingresso.com,9756,
ingresso.com,7998,
ingresso.com,4273,
ingresso.com,11749,
ingresso.com,108593,
ingresso.com,618569,
ingresso.com,12484,
ingresso.com,281309,
ingresso.com,460128,
ingresso.com,189733,
ingresso.com,316132,
ingresso.com,135077,
ingresso.com,8772,
ingresso.com,31670,
ingresso.com,27037,
ingresso.com,220173,
ingresso.com,234212,
ingresso.com,143284,
ingresso.com,362906,
ingresso.com,330580,
ingresso.com,175659,
ingresso.com,45108,
ingresso.com,7341,
ingresso.com,32079,
ingresso.com,80815,
ingresso.com,157112,
ingresso.com,4470,
ingresso.com,25592,
ingresso.com,282148,
ingresso.com,4892,
ingresso.com,12786,
ingresso.com,351033,
ingresso.com,46218,
ingresso.com,42223,
ingresso.com,21870,
ingresso.com,103646,
ingresso.com,18471,
ingresso.com,21296,
ingresso.com,61349,
ingresso.com,164104,
ingresso.com,232348,
ingresso.com,11749,
ingresso.com,74163,
ingresso.com,62073,
ingresso.com,300773,
ingresso.com,2468,
ingresso.com,10284,
ingresso.com,16600,
ingresso.com,14189,
ingresso.com,15370,
ingresso.com,136748,
ingresso.com,343584,
ingresso.com,171556,
ingresso.com,96024,
ingresso.com,283320,
ingresso.com,234134,
ingresso.com,17134,
ingresso.com,15361,
ingresso.com,158958,
ingresso.com,24741,
ingresso.com,24080,
ingresso.com,11747,
ingresso.com,28551,
ingresso.com,672658,
ingresso.com,50742,
ingresso.com,39776,
ingresso.com,39243,
ingresso.com,245598,
ingresso.com,67122,
ingresso.com,4233,
ingresso.com,563128,
ingresso.com,413334,
ingresso.com,30721,
ingresso.com,20257,
ingresso.com,22612,
ingresso.com,35366,
ingresso.com,14328,
ingresso.com,973777,
ingresso.com,10044,
ingresso.com,11648,
ingresso.com,12755,
ingresso.com,40203,
ingresso.com,155346,
ingresso.com,11785,
ingresso.com,9342,
ingresso.com,133509,
ingresso.com,200808,
ingresso.com,5030,
ingresso.com,64809,
ingresso.com,78554,
ingresso.com,20763,
ingresso.com,147612,
ingresso.com,23282,
ingresso.com,560360,
ingresso.com,18189,
ingresso.com,21404,
ingresso.com,10575,
ingresso.com,2722,
ingresso.com,11034,
ingresso.com,237840,
ingresso.com,41347,
Brawl Stars,13696857,
Brawl Stars,10550623,
Brawl Stars,8378463,
Brawl Stars,893150,
Brawl Stars,1413099,
Brawl Stars,1314635,
Brawl Stars,1126670,
Brawl Stars,13096235,
Brawl Stars,882798,
Brawl Stars,1195183,
Brawl Stars,1186924,
Brawl Stars,1042918,
Brawl Stars,1120263,
Brawl Stars,1090698,
Brawl Stars,318377,
Brawl Stars,1157041,
Brawl Stars,1130508,
Brawl Stars,1239956,
Brawl Stars,8813746,
Brawl Stars,7121902,
Brawl Stars,5630007,
Brawl Stars,7178450,
Brawl Stars,6434103,
Brawl Stars,15977408,
Brawl Stars,7670292,
Brawl Stars,3794354,
Brawl Stars,4784223,
Brawl Stars,3394183,
Brawl Stars,1920037,
Brawl Stars,4357310,
Brawl Stars,7517752,
Brawl Stars,1748013,
Brawl Stars,1611036,
Brawl Stars,2295824,
Brawl Stars,17757756,
Brawl Stars,2052176,
Brawl Stars,1887999,
Brawl Stars,1878816,
Brawl Stars,2864970,
Brawl Stars,2249936,
Brawl Stars,3075609,
Brawl Stars,2348657,
Brawl Stars,2250307,
Brawl Stars,2468815,
Brawl Stars,6813423,
Brawl Stars,2105384,
Brawl Stars,6695445,
Brawl Stars,7066376,
Brawl Stars,5831169,
Brawl Stars,11980290,
Brawl Stars,1766009,
Brawl Stars,1834213,
Brawl Stars,1063239,
Brawl Stars,1137144,
Brawl Stars,1161581,
Brawl Stars,1449952,
Brawl Stars,5752177,
Brawl Stars,4489426,
Brawl Stars,2574010,
Brawl Stars,3180699,
Brawl Stars,11933815,
Brawl Stars,1599458,
Brawl Stars,1366789,
Brawl Stars,1955010,
Brawl Stars,3392946,
Brawl Stars,2039760,
Brawl Stars,9721578,
Brawl Stars,8859302,
Brawl Stars,3977996,
Brawl Stars,2891462,
Brawl Stars,10003150,
Brawl Stars,2224558,
Brawl Stars,2566468,
Brawl Stars,2104066,
Brawl Stars,2516321,
Brawl Stars,2362648,
Brawl Stars,2751185,
Brawl Stars,2400424,
Brawl Stars,2927770,
Brawl Stars,1919931,
Brawl Stars,3569998,
Brawl Stars,3624678,
Brawl Stars,3054773,
Brawl Stars,2931899,
Brawl Stars,18471663,
Brawl Stars,4790742,
Brawl Stars,12096926,
Brawl Stars,2412661,
Brawl Stars,2365680,
Brawl Stars,2604298,
Brawl Stars,1929173,
Brawl Stars,4587515,
Brawl Stars,7193456,
Brawl Stars,3269816,
Brawl Stars,5189516,
Brawl Stars,4457966,
Brawl Stars,7006810,
Brawl Stars,7280539,
Brawl Stars,11539085,
Brawl Stars,3141997,
Brawl Stars,2694696,
Brawl Stars,3636764,
Brawl Stars,3120652,
Brawl Stars,3145603,
Brawl Stars,8144054,
Brawl Stars,12008270,
Brawl Stars,5152855,
Brawl Stars,7437146,
Brawl Stars,18636366,
Brawl Stars,2848913,
Brawl Stars,4623799,
Brawl Stars,25759427,
Brawl Stars,2726828,
Brawl Stars,5840828,
Brawl Stars,2338144,
Brawl Stars,4317248,
Brawl Stars,3311894,
Brawl Stars,4982044,
Brawl Stars,2322246,
Brawl Stars,5315755,
Brawl Stars,8292967,
Brawl Stars,15311221,
Brawl Stars,15900666,
Brawl Stars,12676177,
Brawl Stars,4833253,
Brawl Stars,9137830,
Brawl Stars,18745187,
Brawl Stars,6608990,
Brawl Stars,12638321,
Brawl Stars,2436199,
Brawl Stars,4606372,
Brawl Stars,17534522,
Brawl Stars,3267241,
Brawl Stars,17287463,
Brawl Stars,5925893,
Brawl Stars,7012953,
Brawl Stars,14777282,
Brawl Stars,43287687,
Brawl Stars,14174914,
Brawl Stars,19283615,
Brawl Stars,7384833,
Brawl Stars,9525976,
Brawl Stars,6259264,
Brawl Stars,19194425,
Brawl Stars,17865769,
Brawl Stars,22509807,
Brawl Stars,9015572,
Brawl Stars,4031933,
Brawl Stars,3738292,
Brawl Stars,10783794,
Brawl Stars,5005466,
Brawl Stars,8672578,
Brawl Stars,15472422,
Brawl Stars,2773595,
Brawl Stars,11616607,
Brawl Stars,9371210,
Brawl Stars,18490337,
Brawl Stars,15951652,
Brawl Stars,5290821,
Brawl Stars,10116988,
Brawl Stars,12479176,
Brawl Stars,2137731,
Brawl Stars,13904192,
Brawl Stars,4944385,
Brawl Stars,25686569,
Brawl Stars,42979493,
Brawl Stars,15691897,
Brawl Stars,27705507,
Brawl Stars,5119353,
Brawl Stars,19735931,
Brawl Stars,10630495,
Brawl Stars,5337505,
Brawl Stars,11749592,
Brawl Stars,23858431,
Brawl Stars,47319468,
Brawl Stars,23804793,
Brawl Stars,5678959,
Brawl Stars,26132870,
Brawl Stars,7719893,
Brawl Stars,6246091,
Brawl Stars,4554533,
Brawl Stars,16112183,
Brawl Stars,32582961,
Brawl Stars,13127909,
Brawl Stars,32678374,
Brawl Stars,11176554,
Brawl Stars,1468677,
Brawl Stars,6083810,
Brawl Stars,6788585,
Brawl Stars,11887955,
Brawl Stars,15086038,
Brawl Stars,23209070,
Brawl Stars,9334751,
Brawl Stars,3991478,
Brawl Stars,13772589,
Brawl Stars,24104567,
Brawl Stars,2595858,
Brawl Stars,2892099,
Brawl Stars,5322193,
Brawl Stars,10927120,
Brawl Stars,3522952,
Brawl Stars,3687016,
Brawl Stars,4451534,
Brawl Stars,15461254,
Brawl Stars,4807818,
Brawl Stars,2256043,
Brawl Stars,21554153,
Brawl Stars,3272008,
Brawl Stars,7859371,
Brawl Stars,2404696,
Brawl Stars,3188726,
Brawl Stars,1547121,
Brawl Stars,1870884,
Brawl Stars,2438853,
Brawl Stars,2522673,
Brawl Stars,10493867,
Brawl Stars,10675267,
Brawl Stars,16459137,
Brawl Stars,2133059,
Brawl Stars,5194335,
Brawl Stars,642056,
Brawl Stars,591620,
Brawl Stars,1710065,
Brawl Stars,1753819,
Brawl Stars,4353688,
Brawl Stars,6120186,
Brawl Stars,10491154,
Brawl Stars,17001491,
Brawl Stars,2429050,
Brawl Stars,756437,
Brawl Stars,2451438,
Brawl Stars,8493042,
Brawl Stars,13129216,
Brawl Stars,4123176,
Brawl Stars,877201,
Brawl Stars,542362,
Brawl Stars,1664428,
Brawl Stars,14001747,
Brawl Stars,3051269,
Brawl Stars,10286557,
Brawl Stars,773563,
Brawl Stars,15206274,
Brawl Stars,1592762,
Brawl Stars,6149757,
Brawl Stars,11945306,
Brawl Stars,11615719,
Brawl Stars,3990900,
Brawl Stars,7479307,
Brawl Stars,1713174,
Brawl Stars,2191093,
Brawl Stars,8124870,
Brawl Stars,1814292,
Brawl Stars,6996286,
Brawl Stars,18244463,
Brawl Stars,19559307,
Brawl Stars,18775957,
Brawl Stars,2141120,
Brawl Stars,6454897,
Brawl Stars,5823540,
Brawl Stars,11108793,
Brawl Stars,4336806,
Brawl Stars,1826419,
Brawl Stars,1473234,
Brawl Stars,2070030,
Brawl Stars,1739717,
Brawl Stars,4809121,
Brawl Stars,96356780,
Brawl Stars,1107418,
Brawl Stars,5888995,
Brawl Stars,10318409,
Brawl Stars,2928108,
Brawl Stars,9809651,
Brawl Stars,2483513,
Brawl Stars,5365802,
Brawl Stars,12818223,
Brawl Stars,1758174,
Brawl Stars,5152472,
Brawl Stars,7781248,
Brawl Stars,13327968,
Brawl Stars,5647493,
Brawl Stars,14519336,
Brawl Stars,14058998,
Brawl Stars,28777952,
Brawl Stars,8819440,
Brawl Stars,5144220,
Brawl Stars,3959921,
Brawl Stars,12362087,
Brawl Stars,6275445,
Brawl Stars,10016806,
Brawl Stars,9239816,
Brawl Stars,15380865,
Brawl Stars,21064078,
Brawl Stars,15616579,
Brawl Stars,8082235,
Brawl Stars,14755722,
Brawl Stars,16779591,
Brawl Stars,19214858,
Brawl Stars,13661781,
Brawl Stars,17830706,
Brawl Stars,24116423,
Brawl Stars,24054463,
Brawl Stars,5849621,
Brawl Stars,15801226,
Brawl Stars,11806202,
Brawl Stars,27426559,
Brawl Stars,5205367,
Brawl Stars,5183091,
Brawl Stars,34329108,
Brawl Stars,32338314,
Brawl Stars,34593633,
Brawl Stars,9188190,
Brawl Stars,27890444,
Brawl Stars,15741297,
Brawl Stars,29610899,
Brawl Stars,16193273,
Brawl Stars,4909578,
Brawl Stars,3435634,
Brawl Stars,18821046,
Brawl Stars,23353023,
Brawl Stars,20716919,
Brawl Stars,3489818,
Brawl Stars,2158584,
Brawl Stars,1526743,
Brawl Stars,6678607,
Brawl Stars,2233209,
Brawl Stars,2410707,
Brawl Stars,208620747,
Brawl Stars,19392773,
Brawl Stars,258758260,
Brawl Stars,5367230,
Brawl Stars,1931670,
Brawl Stars,1990401,
Brawl Stars,29338870,
Brawl Stars,28224874,
Brawl Stars,12523751,
Brawl Stars,1289218,
Brawl Stars,1354744,
Brawl Stars,10138249,
Brawl Stars,31011353,
Brawl Stars,1873255,
Brawl Stars,1522725,
Brawl Stars,2549108,
Brawl Stars,2000039,
Brawl Stars,77372958,
Brawl Stars,26256697,
Brawl Stars,3742474,
Brawl Stars,4184771,
Brawl Stars,18880453,
Brawl Stars,15213040,
Brawl Stars,10975067,
Brawl Stars,6355907,
Brawl Stars,783815,
Brawl Stars,428322,
Brawl Stars,873409,
Brawl Stars,5514302,
Brawl Stars,5975006,
Brawl Stars,2439075,
Brawl Stars,1028281,
Brawl Stars,15251624,
Brawl Stars,25142959,
Brawl Stars,3199869,
Brawl Stars,18073295,
Brawl Stars,16817899,
Brawl Stars,9558228,
Brawl Stars,9501023,
Brawl Stars,18116678,
Brawl Stars,1600986,
Brawl Stars,6118185,
Brawl Stars,17877654,
Brawl Stars,5279473,
Brawl Stars,2120817,
Brawl Stars,1573979,
Brawl Stars,12511010,
Brawl Stars,9072689,
Brawl Stars,787336,
Brawl Stars,3107602,
Brawl Stars,4561841,
Brawl Stars,1246358,
Brawl Stars,12617954,
Brawl Stars,714477,
Brawl Stars,2394001,
Brawl Stars,3344489,
Brawl Stars,3700696,
Brawl Stars,6447791,
Brawl Stars,9181974,
Brawl Stars,2044436,
Brawl Stars,2502609,
Brawl Stars,3525267,
Brawl Stars,20439023,
Brawl Stars,9968969,
Brawl Stars,318703992,
Brawl Stars,7058526,
Brawl Stars,10725936,
Brawl Stars,2819405,
Brawl Stars,3942270,
Brawl Stars,1642986,
Brawl Stars,5628687,
Brawl Stars,3643028,
Brawl Stars,7041953,
NMIXX,44648,
NMIXX,159790,
NMIXX,85553,
NMIXX,393810,
NMIXX,1092324,
NMIXX,102008,
NMIXX,214088,
NMIXX,613302,
NMIXX,535129,
NMIXX,170087,
NMIXX,497155,
NMIXX,973259,
NMIXX,767461,
NMIXX,784736,
NMIXX,961595,
NMIXX,524204,
NMIXX,194071,
NMIXX,748607,
NMIXX,39257,
NMIXX,667315,
NMIXX,126523,
NMIXX,699792,
NMIXX,141063,
NMIXX,430752,
NMIXX,372409,
NMIXX,234489,
NMIXX,511632,
NMIXX,623493,
NMIXX,206044,
NMIXX,403114,
NMIXX,602817,
NMIXX,55099,
NMIXX,627450,
NMIXX,1904564,
NMIXX,42343,
NMIXX,682397,
NMIXX,164005,
NMIXX,575356,
NMIXX,51335,
NMIXX,402375,
NMIXX,97293,
NMIXX,293073,
NMIXX,102444,
NMIXX,442825,
NMIXX,473149,
NMIXX,373666,
NMIXX,48447,
NMIXX,865643,
NMIXX,2652800,
NMIXX,105193,
NMIXX,223649,
NMIXX,478828,
NMIXX,51625,
NMIXX,760939,
NMIXX,336768,
NMIXX,156134,
NMIXX,499906,
NMIXX,704484,
NMIXX,49043,
NMIXX,521258,
NMIXX,3407949,
NMIXX,1125984,
NMIXX,107170,
NMIXX,241797,
NMIXX,79850,
NMIXX,392909,
NMIXX,618797,
NMIXX,720284,
NMIXX,728416,
NMIXX,1477167,
NMIXX,7747356,
NMIXX,887642,
NMIXX,454051,
NMIXX,496134,
NMIXX,138150,
NMIXX,1094971,
NMIXX,3661974,
NMIXX,420139,
NMIXX,412418,
NMIXX,566683,
NMIXX,515736,
NMIXX,573654,
NMIXX,144275,
NMIXX,3974629,
NMIXX,73266,
NMIXX,147323,
NMIXX,3323367,
NMIXX,460262,
NMIXX,70017,
NMIXX,443589,
NMIXX,31173,
NMIXX,130613,
NMIXX,266498,
NMIXX,252351,
NMIXX,269671,
NMIXX,396463,
NMIXX,470980,
NMIXX,87538,
NMIXX,566582,
NMIXX,5704446,
NMIXX,1049548,
NMIXX,466247,
NMIXX,1872355,
NMIXX,278032,
NMIXX,58196,
NMIXX,748327,
NMIXX,677478,
NMIXX,749635,
NMIXX,399614,
NMIXX,241878,
NMIXX,459970,
NMIXX,413543,
NMIXX,56461,
NMIXX,870823,
NMIXX,295394,
NMIXX,526718,
NMIXX,1945161,
NMIXX,456853,
NMIXX,542046,
NMIXX,388201,
NMIXX,2464493,
NMIXX,813651,
NMIXX,1399898,
NMIXX,673530,
NMIXX,176618,
NMIXX,427471,
NMIXX,530865,
NMIXX,1015284,
NMIXX,61372,
NMIXX,2073026,
NMIXX,2052446,
NMIXX,879679,
NMIXX,732711,
NMIXX,1965148,
NMIXX,779441,
NMIXX,1130538,
NMIXX,1351460,
NMIXX,2989379,
NMIXX,468429,
NMIXX,2710180,
NMIXX,885686,
NMIXX,1238139,
NMIXX,4672481,
NMIXX,1075758,
NMIXX,948644,
NMIXX,1547762,
NMIXX,5769432,
NMIXX,120422,
NMIXX,2622977,
NMIXX,1693032,
NMIXX,433051,
NMIXX,759640,
NMIXX,399893,
NMIXX,837872,
NMIXX,371397,
NMIXX,675561,
NMIXX,1233855,
NMIXX,512948,
NMIXX,850982,
NMIXX,89709,
NMIXX,433563,
NMIXX,2521457,
NMIXX,1743928,
NMIXX,373914,
NMIXX,414611,
NMIXX,882640,
NMIXX,6846103,
NMIXX,65933,
NMIXX,1224022,
NMIXX,826313,
NMIXX,534473,
NMIXX,1112299,
NMIXX,737438,
NMIXX,4528059,
NMIXX,803275,
NMIXX,2568867,
NMIXX,1981926,
NMIXX,40681,
NMIXX,124233,
NMIXX,6299824,
NMIXX,440706,
NMIXX,517188,
NMIXX,5378264,
NMIXX,202209,
NMIXX,495002,
NMIXX,2835918,
NMIXX,50848,
NMIXX,78682,
NMIXX,428223,
NMIXX,1134141,
NMIXX,1664574,
NMIXX,2039072,
NMIXX,595376,
NMIXX,350167,
NMIXX,520359,
NMIXX,319050,
NMIXX,553282,
NMIXX,746082,
NMIXX,202598,
NMIXX,426028,
NMIXX,468175,
NMIXX,385190,
NMIXX,807847,
NMIXX,179591,
NMIXX,316705,
NMIXX,111788,
NMIXX,70927,
NMIXX,633849,
NMIXX,3699496,
NMIXX,300762,
NMIXX,4931768,
NMIXX,127040,
NMIXX,2959627,
NMIXX,942294,
NMIXX,850230,
NMIXX,43352,
NMIXX,30640,
NMIXX,383672,
NMIXX,402875,
NMIXX,737565,
NMIXX,437532,
NMIXX,1190146,
NMIXX,253574,
NMIXX,318982,
NMIXX,471253,
NMIXX,814287,
NMIXX,202379,
NMIXX,488559,
NMIXX,455922,
NMIXX,82930,
NMIXX,739440,
NMIXX,1142052,
NMIXX,621386,
NMIXX,2574384,
NMIXX,336311,
NMIXX,80522,
NMIXX,113065,
NMIXX,143759,
NMIXX,73541,
NMIXX,332327,
NMIXX,68622,
NMIXX,61750,
NMIXX,141580,
NMIXX,105757,
NMIXX,17588,
NMIXX,282687,
NMIXX,195908,
NMIXX,63863,
NMIXX,70348,
NMIXX,119464,
NMIXX,1236544,
NMIXX,79037,
NMIXX,108292,
NMIXX,40783,
NMIXX,216552,
NMIXX,273753,
NMIXX,367935,
NMIXX,187585,
NMIXX,49709,
NMIXX,460695,
NMIXX,443015,
NMIXX,668342,
NMIXX,545432,
NMIXX,193147,
NMIXX,99823,
NMIXX,44446,
NMIXX,152982,
NMIXX,477996,
NMIXX,62515,
NMIXX,1148169,
NMIXX,446345,
NMIXX,284222,
NMIXX,778931,
NMIXX,67184,
NMIXX,421908,
NMIXX,3560296,
NMIXX,167085,
NMIXX,88852,
NMIXX,397916,
NMIXX,10946924,
NMIXX,362811,
NMIXX,40728,
NMIXX,146939,
NMIXX,1451313,
NMIXX,78088,
NMIXX,158012,
NMIXX,2640758,
NMIXX,633390,
NMIXX,367021,
NMIXX,448111,
NMIXX,36522,
NMIXX,3580398,
NMIXX,115729,
NMIXX,81545,
NMIXX,813226,
NMIXX,885617,
NMIXX,46977,
NMIXX,1220894,
NMIXX,75647,
NMIXX,535987,
NMIXX,153864,
NMIXX,3765758,
NMIXX,137694,
NMIXX,304470,
NMIXX,1548044,
NMIXX,1274308,
NMIXX,45738,
NMIXX,165716,
NMIXX,84446,
NMIXX,501764,
NMIXX,1742958,
NMIXX,750651,
NMIXX,253533,
NMIXX,187609,
NMIXX,361943,
NMIXX,301190,
NMIXX,136367,
NMIXX,202683,
NMIXX,282185,
NMIXX,145271,
NMIXX,663140,
NMIXX,180227,
NMIXX,182209,
NMIXX,6047488,
NMIXXVEVO,1877617,
NMIXXVEVO,921462,
NMIXX,3959916,
NMIXX,146352,
NMIXX,312016,
NMIXX,383827,
NMIXX,222963,
NMIXX,276449,
NMIXX,579628,
NMIXX,547313,
NMIXX,217458,
NMIXX,39437,
NMIXX,582124,
NMIXX,167779,
NMIXX,3649206,
NMIXX,232058,
NMIXX,313174,
NMIXX,221243,
NMIXX,292692,
NMIXX,247321,
NMIXX,123103,
NMIXX,528442,
NMIXX,41162,
NMIXX,687976,
NMIXX,53135,
NMIXX,578048,
NMIXX,298442,
NMIXX,137565,
NMIXX,391550,
NMIXX,50863,
NMIXX,49848,
NMIXX,57490,
NMIXX,321130,
NMIXX,153969,
NMIXX,426286,
NMIXX,45337,
NMIXX,3177427,
NMIXX,51374,
NMIXX,53645,
NMIXX,5437798,
NMIXX,726221,
NMIXX,133836,
NMIXX,185207,
NMIXX,327407,
NMIXX,264184,
NMIXX,139420,
NMIXX,440144,
NMIXX,200837,
NMIXX,392775,
NMIXX,350009,
NMIXX,313150,
NMIXX,281122,
NMIXX,166936,
NMIXX,305213,
NMIXX,186537,
NMIXX,51152,
NMIXX,4222873,
NMIXX,76222,
NMIXX,141495,
NMIXX,50101,
NMIXX,442849,
NMIXX,1468446,
NMIXX,33025,
NMIXX,194211,
NMIXX,190112,
NMIXX,51896,
NMIXX,388117,
NMIXX,448147,
NMIXX,169255,
NMIXX,247871,
NMIXX,203668,
NMIXX,183404,
NMIXX,662696,
NMIXX,217365,
NMIXX,139636,
NMIXX,219638,
NMIXX,308242,
NMIXX,215337,
NMIXX,265954,
NMIXX,249537,
NMIXX,898848,
NMIXX,136804,
NMIXX,407115,
NMIXX,440062,
NMIXX,338610,
NMIXX,235211,
NMIXX,583615,
NMIXX,236408,
NMIXX,302320,
NMIXX,238512,
NMIXX,1376920,
NMIXX,405008,
NMIXX,334031,
NMIXX,128745,
NMIXX,242927,
NMIXX,436221,
NMIXX,646305,
NMIXX,337962,
NMIXX,222725,
NMIXX,375352,
NMIXX,393602,
NMIXX,224998,
NMIXX,281091,
NMIXX,309071,
NMIXX,625782,
NMIXX,268725,
NMIXX,523780,
NMIXX,251190,
NMIXX,347313,
NMIXX,184537,
NMIXX,729549,
NMIXX,277462,
NMIXX,856123,
NMIXX,136128,
NMIXX,1168639,
NMIXX,372431,
NMIXX,951710,
NMIXX,214238,
NMIXX,449286,
NMIXX,100154,
NMIXX,287481,
NMIXX,6980090,
NMIXX,689662,
NMIXX,627973,
NMIXX,143825,
NMIXX,1103208,
NMIXX,1587980,
NMIXX,418560,
NMIXX,573237,
NMIXX,387071,
NMIXX,796128,
NMIXX,175595,
NMIXX,283669,
NMIXX,99512,
NMIXX,47701,
NMIXX,58841,
NMIXX,53237,
NMIXX,72864,
NMIXX,72429,
NMIXX,348729,
NMIXX,272207,
NMIXX,352343,
NMIXX,680200,
NMIXX,1080425,
NMIXX,609687,
NMIXX,310185,
NMIXX,1531921,
NMIXX,702221,
NMIXX,109745,
NMIXX,130380,
NMIXX,3345518,
NMIXX,2445610,
NMIXX,81138,
NMIXX,221926,
NMIXX,1641500,
NMIXX,629389,
NMIXX,434452,
NMIXX,235258,
NMIXX,307500,
NMIXX,170138,
NMIXX,148355,
NMIXX,112756,
NMIXX,58447,
NMIXX,270081,
NMIXX,149290,
NMIXX,46621,
NMIXX,183468,
NMIXX,1553117,
NMIXX,523698,
NMIXX,296401,
NMIXX,415053,
NMIXX,450517,
NMIXX,47437,
NMIXX,379878,
NMIXX,4382364,
ONE Media Brasil,269,
ONE Media Brasil,84,
ONE Media Brasil,534,
ONE Media Brasil,3034,
ONE Media Brasil,4868,
ONE Media Brasil,7121,
ONE Media Brasil,20648,
ONE Media Brasil,1859,
ONE Media Brasil,25709,
ONE Media Brasil,220599,
ONE Media Brasil,82946,
ONE Media Brasil,91568,
ONE Media Brasil,11521,
ONE Media Brasil,34674,
ONE Media Brasil,9233,
ONE Media Brasil,11871,
ONE Media Brasil,237503,
ONE Media Brasil,6945,
ONE Media Brasil,109763,
ONE Media Brasil,35947,
ONE Media Brasil,6075,
ONE Media Brasil,16691,
ONE Media Brasil,100284,
ONE Media Brasil,3963,
ONE Media Brasil,7008,
ONE Media Brasil,70607,
ONE Media Brasil,31257,
ONE Media Brasil,5263,
ONE Media Brasil,34303,
ONE Media Brasil,130341,
ONE Media Brasil,2911,
ONE Media Brasil,60558,
ONE Media Brasil,85834,
ONE Media Brasil,5689,
ONE Media Brasil,10612,
ONE Media Brasil,4777,
ONE Media Brasil,3026,
ONE Media Brasil,2298,
ONE Media Brasil,2840,
ONE Media Brasil,1603,
ONE Media Brasil,2081,
ONE Media Brasil,11361,
ONE Media Brasil,29037,
ONE Media Brasil,89891,
ONE Media Brasil,7659,
ONE Media Brasil,5259,
ONE Media Brasil,3169,
ONE Media Brasil,98401,
ONE Media Brasil,14457,
ONE Media Brasil,30561,
ONE Media Brasil,31908,
ONE Media Brasil,6984,
ONE Media Brasil,4964,
ONE Media Brasil,8957,
ONE Media Brasil,3112,
ONE Media Brasil,5603,
ONE Media Brasil,6905,
ONE Media Brasil,73157,
ONE Media Brasil,33531,
ONE Media Brasil,109192,
ONE Media Brasil,3412,
ONE Media Brasil,25399,
ONE Media Brasil,12727,
ONE Media Brasil,7629,
ONE Media Brasil,84227,
ONE Media Brasil,8230,
ONE Media Brasil,5855,
ONE Media Brasil,395749,
ONE Media Brasil,20365,
ONE Media Brasil,29908,
ONE Media Brasil,17399,
ONE Media Brasil,242955,
ONE Media Brasil,5511,
ONE Media Brasil,7234,
ONE Media Brasil,18440,
ONE Media Brasil,45411,
ONE Media Brasil,3744,
ONE Media Brasil,2463,
ONE Media Brasil,3029,
ONE Media Brasil,65949,
ONE Media Brasil,8077,
ONE Media Brasil,45653,
ONE Media Brasil,7462,
ONE Media Brasil,2730,
ONE Media Brasil,52772,
ONE Media Brasil,11551,
ONE Media Brasil,286423,
ONE Media Brasil,28789,
ONE Media Brasil,42804,
ONE Media Brasil,41144,
ONE Media Brasil,28173,
ONE Media Brasil,34702,
ONE Media Brasil,26948,
ONE Media Brasil,278354,
ONE Media Brasil,10545,
ONE Media Brasil,9579,
ONE Media Brasil,1923,
ONE Media Brasil,28425,
ONE Media Brasil,58001,
ONE Media Brasil,2826,
ONE Media Brasil,108720,
ONE Media Brasil,57792,
ONE Media Brasil,2146,
ONE Media Brasil,16729,
ONE Media Brasil,44838,
ONE Media Brasil,78956,
ONE Media Brasil,8882,
ONE Media Brasil,27635,
ONE Media Brasil,120720,
ONE Media Brasil,25803,
ONE Media Brasil,79455,
ONE Media Brasil,72792,
ONE Media Brasil,30169,
ONE Media Brasil,73232,
ONE Media Brasil,1676,
ONE Media Brasil,14609,
ONE Media Brasil,5131,
ONE Media Brasil,2350,
ONE Media Brasil,22570,
ONE Media Brasil,53678,
ONE Media Brasil,4626,
ONE Media Brasil,6132,
ONE Media Brasil,225058,
ONE Media Brasil,45905,
ONE Media Brasil,20689,
ONE Media Brasil,130125,
ONE Media Brasil,11382,
ONE Media Brasil,10396,
ONE Media Brasil,497923,
ONE Media Brasil,120612,
ONE Media Brasil,86576,
ONE Media Brasil,3244,
ONE Media Brasil,4119,
ONE Media Brasil,96737,
ONE Media Brasil,65995,
ONE Media Brasil,38057,
ONE Media Brasil,22324,
ONE Media Brasil,12160,
ONE Media Brasil,17640,
ONE Media Brasil,187705,
ONE Media Brasil,63351,
ONE Media Brasil,1424,
ONE Media Brasil,20640,
ONE Media Brasil,15327,
ONE Media Brasil,244236,
ONE Media Brasil,70835,
ONE Media Brasil,540950,
ONE Media Brasil,8186,
ONE Media Brasil,6377,
ONE Media Brasil,134851,
ONE Media Brasil,21071,
ONE Media Brasil,7080,
ONE Media Brasil,9264,
ONE Media Brasil,278186,
ONE Media Brasil,7011,
ONE Media Brasil,139127,
ONE Media Brasil,44493,
ONE Media Brasil,25131,
ONE Media Brasil,2462,
ONE Media Brasil,2592,
ONE Media Brasil,71261,
ONE Media Brasil,5995,
ONE Media Brasil,595456,
ONE Media Brasil,43997,
ONE Media Brasil,31210,
ONE Media Brasil,11602,
ONE Media Brasil,162736,
ONE Media Brasil,23830,
ONE Media Brasil,12468,
ONE Media Brasil,50587,
ONE Media Brasil,24361,
ONE Media Brasil,353912,
ONE Media Brasil,10568,
ONE Media Brasil,579489,
ONE Media Brasil,6916,
ONE Media Brasil,42898,
ONE Media Brasil,25227,
ONE Media Brasil,2089,
ONE Media Brasil,5236,
ONE Media Brasil,22244,
ONE Media Brasil,89552,
ONE Media Brasil,46018,
ONE Media Brasil,3454,
ONE Media Brasil,32606,
ONE Media Brasil,14943,
ONE Media Brasil,10599,
ONE Media Brasil,10209,
ONE Media Brasil,16932,
ONE Media Brasil,9266,
ONE Media Brasil,12376,
ONE Media Brasil,9853,
ONE Media Brasil,12833,
ONE Media Brasil,7803,
ONE Media Brasil,102171,
ONE Media Brasil,63500,
ONE Media Brasil,2177,
ONE Media Brasil,4345,
ONE Media Brasil,4911,
ONE Media Brasil,3626,
ONE Media Brasil,32060,
ONE Media Brasil,28746,
ONE Media Brasil,83251,
ONE Media Brasil,17154,
ONE Media Brasil,29747,
ONE Media Brasil,14528,
ONE Media Brasil,1765,
ONE Media Brasil,4518,
ONE Media Brasil,2660,
ONE Media Brasil,59318,
ONE Media Brasil,175573,
ONE Media Brasil,292765,
ONE Media Brasil,15164,
ONE Media Brasil,57559,
ONE Media Brasil,7969,
ONE Media Brasil,7786,
ONE Media Brasil,44880,
ONE Media Brasil,8954,
ONE Media Brasil,145826,
ONE Media Brasil,7675,
ONE Media Brasil,23120,
ONE Media Brasil,9256,
ONE Media Brasil,455100,
ONE Media Brasil,141507,
ONE Media Brasil,73930,
ONE Media Brasil,100209,
ONE Media Brasil,5028,
ONE Media Brasil,109168,
ONE Media Brasil,93401,
ONE Media Brasil,6113,
ONE Media Brasil,241876,
ONE Media Brasil,23206,
ONE Media Brasil,554166,
ONE Media Brasil,162789,
ONE Media Brasil,148398,
ONE Media Brasil,101950,
ONE Media Brasil,60465,
ONE Media Brasil,62582,
ONE Media Brasil,26224,
ONE Media Brasil,18828,
ONE Media Brasil,34705,
ONE Media Brasil,49654,
ONE Media Brasil,21257,
ONE Media Brasil,91772,
ONE Media Brasil,289219,
ONE Media Brasil,104332,
ONE Media Brasil,37379,
ONE Media Brasil,236236,
ONE Media Brasil,72526,
ONE Media Brasil,14323,
ONE Media Brasil,38566,
ONE Media Brasil,6155,
ONE Media Brasil,44959,
ONE Media Brasil,5922,
ONE Media Brasil,189476,
ONE Media Brasil,38461,
ONE Media Brasil,87090,
ONE Media Brasil,2070,
ONE Media Brasil,6829,
ONE Media Brasil,2525,
ONE Media Brasil,4144,
ONE Media Brasil,10334,
ONE Media Brasil,27948,
ONE Media Brasil,5747,
ONE Media Brasil,5802,
ONE Media Brasil,9838,
ONE Media Brasil,52779,
ONE Media Brasil,4759,
ONE Media Brasil,84732,
ONE Media Brasil,35000,
ONE Media Brasil,75602,
ONE Media Brasil,77014,
ONE Media Brasil,6154,
ONE Media Brasil,26412,
ONE Media Brasil,10213,
ONE Media Brasil,3948,
ONE Media Brasil,45931,
ONE Media Brasil,10642,
ONE Media Brasil,8718,
ONE Media Brasil,48243,
ONE Media Brasil,4123,
ONE Media Brasil,58383,
ONE Media Brasil,56188,
ONE Media Brasil,7198,
ONE Media Brasil,12551,
ONE Media Brasil,132096,
ONE Media Brasil,8444,
ONE Media Brasil,48790,
ONE Media Brasil,10353,
ONE Media Brasil,46295,
ONE Media Brasil,104274,
ONE Media Brasil,10540,
ONE Media Brasil,3213,
ONE Media Brasil,7762,
ONE Media Brasil,95559,
ONE Media Brasil,12516,
ONE Media Brasil,25550,
ONE Media Brasil,62637,
ONE Media Brasil,17075,
ONE Media Brasil,6931,
ONE Media Brasil,8906,
ONE Media Brasil,36871,
ONE Media Brasil,59404,
ONE Media Brasil,19682,
ONE Media Brasil,12230,
ONE Media Brasil,112616,
ONE Media Brasil,132429,
ONE Media Brasil,82439,
ONE Media Brasil,8383,
ONE Media Brasil,14182,
ONE Media Brasil,31536,
ONE Media Brasil,92485,
ONE Media Brasil,4167,
ONE Media Brasil,99864,
ONE Media Brasil,38910,
ONE Media Brasil,7983,
ONE Media Brasil,418933,
ONE Media Brasil,15181,
ONE Media Brasil,9156,
ONE Media Brasil,136763,
ONE Media Brasil,5043,
ONE Media Brasil,145008,
ONE Media Brasil,7580,
ONE Media Brasil,9176,
ONE Media Brasil,75746,
ONE Media Brasil,5935,
ONE Media Brasil,11566,
ONE Media Brasil,14479,
ONE Media Brasil,6973,
ONE Media Brasil,34469,
ONE Media Brasil,4772,
ONE Media Brasil,12130,
ONE Media Brasil,6407,
ONE Media Brasil,6237,
ONE Media Brasil,73152,
ONE Media Brasil,16566,
ONE Media Brasil,8485,
ONE Media Brasil,17522,
ONE Media Brasil,4977,
ONE Media Brasil,79108,
ONE Media Brasil,8468,
ONE Media Brasil,105875,
ONE Media Brasil,6584,
ONE Media Brasil,16033,
ONE Media Brasil,2974,
ONE Media Brasil,25353,
ONE Media Brasil,24525,
ONE Media Brasil,304340,
ONE Media Brasil,25719,
ONE Media Brasil,11465,
ONE Media Brasil,7049,
ONE Media Brasil,15119,
ONE Media Brasil,5791,
ONE Media Brasil,28284,
ONE Media Brasil,36289,
ONE Media Brasil,1055066,
ONE Media Brasil,71208,
ONE Media Brasil,175942,
ONE Media Brasil,3664,
ONE Media Brasil,14236,
ONE Media Brasil,160226,
ONE Media Brasil,24757,
ONE Media Brasil,9882,
ONE Media Brasil,23800,
ONE Media Brasil,10706,
ONE Media Brasil,204586,
ONE Media Brasil,3548,
ONE Media Brasil,64960,
ONE Media Brasil,11788,
ONE Media Brasil,90982,
ONE Media Brasil,18674,
ONE Media Brasil,185793,
ONE Media Brasil,161743,
ONE Media Brasil,13426,
ONE Media Brasil,71073,
ONE Media Brasil,204061,
ONE Media Brasil,167653,
ONE Media Brasil,51651,
ONE Media Brasil,4304,
ONE Media Brasil,45624,
ONE Media Brasil,15518,
ONE Media Brasil,79577,
ONE Media Brasil,4955,
ONE Media Brasil,3435,
ONE Media Brasil,9692,
ONE Media Brasil,33638,
ONE Media Brasil,25170,
ONE Media Brasil,2480,
ONE Media Brasil,18322,
ONE Media Brasil,50230,
ONE Media Brasil,3150,
ONE Media Brasil,26327,
ONE Media Brasil,12559,
ONE Media Brasil,19462,
ONE Media Brasil,28939,
ONE Media Brasil,57451,
ONE Media Brasil,299631,
ONE Media Brasil,4450,
ONE Media Brasil,32062,
ONE Media Brasil,16002,
ONE Media Brasil,17457,
ONE Media Brasil,18775,
ONE Media Brasil,835233,
ONE Media Brasil,21383,
ONE Media Brasil,35901,
ONE Media Brasil,44951,
ONE Media Brasil,66535,
ONE Media Brasil,17788,
ONE Media Brasil,256466,
ONE Media Brasil,15808,
ONE Media Brasil,19504,
ONE Media Brasil,5285,
ONE Media Brasil,903935,
ONE Media Brasil,22270,
ONE Media Brasil,126337,
ONE Media Brasil,34505,
ONE Media Brasil,18069,
ONE Media Brasil,7318,
ONE Media Brasil,14698,
ONE Media Brasil,46767,
ONE Media Brasil,4083,
ONE Media Brasil,2578,
ONE Media Brasil,3517,
ONE Media Brasil,8850,
ONE Media Brasil,24830,
ONE Media Brasil,10880,
ONE Media Brasil,5787,
ONE Media Brasil,2903,
ONE Media Brasil,78153,
ONE Media Brasil,2973,
ONE Media Brasil,10340,
ONE Media Brasil,150009,
ONE Media Brasil,24281,
ONE Media Brasil,114260,
ONE Media Brasil,784285,
ONE Media Brasil,4320,
ONE Media Brasil,3367,
ONE Media Brasil,6421,
ONE Media Brasil,37525,
ONE Media Brasil,10078,
ONE Media Brasil,19927,
ONE Media Brasil,168842,
ONE Media Brasil,55032,
ONE Media Brasil,47254,
ONE Media Brasil,10001,
ONE Media Brasil,37044,
ONE Media Brasil,5754,
ONE Media Brasil,76687,
ONE Media Brasil,499306,
ONE Media Brasil,202115,
ONE Media Brasil,438709,
ONE Media Brasil,92643,
ONE Media Brasil,76197,
ONE Media Brasil,20485,
ONE Media Brasil,1487,
ONE Media Brasil,17070,
ONE Media Brasil,69462,
ONE Media Brasil,34598,
ONE Media Brasil,33627,
ONE Media Brasil,43765,
ONE Media Brasil,135380,
ONE Media Brasil,8659,
ONE Media Brasil,2898,
ONE Media Brasil,20752,
ONE Media Brasil,34167,
ONE Media Brasil,57509,
ONE Media Brasil,7390,
ONE Media Brasil,31766,
ONE Media Brasil,5046,
ONE Media Brasil,38040,
ONE Media Brasil,48081,
ONE Media Brasil,62069,
ONE Media Brasil,3168,
ONE Media Brasil,48532,
ONE Media Brasil,9923,
ONE Media Brasil,6790,
ONE Media Brasil,135535,
ONE Media Brasil,33733,
ONE Media Brasil,11971,
ONE Media Brasil,68583,
ONE Media Brasil,97463,
ONE Media Brasil,2262,
ONE Media Brasil,36405,
ONE Media Brasil,3433,
ONE Media Brasil,470840,
ONE Media Brasil,8154,
ONE Media Brasil,96351,
ONE Media Brasil,7206,
ONE Media Brasil,19372,
ONE Media Brasil,8665,
ONE Media Brasil,42335,
ONE Media Brasil,50360,
ONE Media Brasil,8932,
ONE Media Brasil,25951,
ONE Media Brasil,139248,
ONE Media Brasil,270423,
ONE Media Brasil,19119,
ONE Media Brasil,173932,
ONE Media Brasil,10513,
ONE Media Brasil,524974,
Jazzghost,141114,
Jazzghost,1672651,
Jazzghost,1585517,
Jazzghost,1097737,
Jazzghost,1602683,
Jazzghost,2698824,
Jazzghost,2319499,
Jazzghost,2234268,
Jazzghost,2554712,
Jazzghost,2267582,
Jazzghost,2044785,
Jazzghost,2179044,
Jazzghost,2363254,
Jazzghost,2225040,
Jazzghost,2042111,
Jazzghost,1420917,
Jazzghost,2065329,
Jazzghost,2070824,
Jazzghost,2723089,
Jazzghost,3201796,
Jazzghost,1955596,
Jazzghost,1442326,
Jazzghost,1261981,
Jazzghost,2022537,
Jazzghost,2655929,
Jazzghost,2636867,
Jazzghost,3940175,
Jazzghost,2142315,
Jazzghost,1703894,
Jazzghost,2876870,
Jazzghost,3622163,
Jazzghost,2755865,
Jazzghost,2295937,
Jazzghost,2917217,
Jazzghost,2639275,
Jazzghost,1845311,
Jazzghost,2446314,
Jazzghost,4776028,
Jazzghost,4561512,
Jazzghost,3870401,
Jazzghost,1939144,
Jazzghost,2709833,
Jazzghost,1404095,
Jazzghost,2485226,
Jazzghost,2086592,
Jazzghost,3408629,
Jazzghost,2138174,
Jazzghost,2462981,
Jazzghost,1712446,
Jazzghost,2605199,
Jazzghost,3000627,
Jazzghost,3433125,
Jazzghost,3286767,
Jazzghost,2305253,
Jazzghost,1684608,
Jazzghost,1662747,
Jazzghost,3381633,
Jazzghost,5465112,
Jazzghost,2201798,
Jazzghost,1532802,
Jazzghost,2184645,
Jazzghost,2197256,
Jazzghost,2592757,
Jazzghost,4480092,
Jazzghost,2598629,
Jazzghost,1983545,
Jazzghost,2334787,
Jazzghost,1556405,
Jazzghost,3333699,
Jazzghost,1835161,
Jazzghost,2359498,
Jazzghost,2570406,
Jazzghost,3973994,
Jazzghost,2569776,
Jazzghost,3603446,
Jazzghost,3339433,
Jazzghost,2109051,
Jazzghost,2083832,
Jazzghost,1853128,
Jazzghost,2971375,
Jazzghost,3047505,
Jazzghost,2590108,
Jazzghost,2487320,
Jazzghost,6502466,
Jazzghost,3714123,
Jazzghost,3483179,
Jazzghost,3595000,
Jazzghost,2467978,
Jazzghost,3268951,
Jazzghost,2904295,
Jazzghost,2077197,
Jazzghost,6566223,
Jazzghost,3995463,
Jazzghost,1646634,
Jazzghost,3148812,
Jazzghost,2030910,
Jazzghost,2822367,
Jazzghost,3237163,
Jazzghost,3630536,
Jazzghost,2097157,
Jazzghost,4445757,
Jazzghost,2867096,
Jazzghost,4045019,
Jazzghost,3947269,
Jazzghost,3024175,
Jazzghost,2304894,
Jazzghost,4428809,
Jazzghost,5003903,
Jazzghost,2743538,
Jazzghost,3178669,
Jazzghost,3798022,
Jazzghost,3054636,
Jazzghost,4342002,
Jazzghost,6214662,
Jazzghost,4260873,
Jazzghost,4678353,
Jazzghost,4821396,
Jazzghost,2101760,
Jazzghost,2984155,
Jazzghost,3376423,
Jazzghost,2628284,
Jazzghost,5736427,
Jazzghost,2470133,
Jazzghost,3966561,
Jazzghost,3277862,
Jazzghost,3374632,
Jazzghost,2217988,
Jazzghost,3419529,
Jazzghost,1740327,
Jazzghost,2154511,
Jazzghost,4138929,
Jazzghost,2156691,
Jazzghost,2346123,
Jazzghost,4301830,
Jazzghost,1805894,
Jazzghost,3083078,
Jazzghost,2501018,
Jazzghost,4065894,
Jazzghost,5647744,
Jazzghost,2041262,
Jazzghost,3064042,
Jazzghost,2181286,
Jazzghost,5691201,
Jazzghost,2975265,
Jazzghost,4209682,
Jazzghost,2071308,
Jazzghost,1804491,
Jazzghost,3744802,
Jazzghost,4185094,
Jazzghost,3121326,
Jazzghost,5682391,
Jazzghost,3503717,
Jazzghost,1765392,
Jazzghost,3970805,
Jazzghost,5559659,
Jazzghost,7293592,
Jazzghost,1680545,
Jazzghost,4392481,
Jazzghost,3939497,
Jazzghost,2898518,
Jazzghost,2155797,
Jazzghost,6393333,
Jazzghost,1814251,
Jazzghost,4074830,
Jazzghost,4021790,
Jazzghost,2350696,
Jazzghost,2399969,
Jazzghost,5259663,
Jazzghost,2503193,
Jazzghost,1987077,
Jazzghost,3161791,
Jazzghost,1615956,
Jazzghost,2176979,
Jazzghost,2678762,
Jazzghost,2476980,
Jazzghost,2877567,
Jazzghost,2443387,
Jazzghost,2115123,
Jazzghost,1668355,
Jazzghost,3238960,
Jazzghost,2616111,
Jazzghost,2274367,
Jazzghost,2004944,
Jazzghost,3915241,
Jazzghost,2096182,
Jazzghost,2318012,
Jazzghost,2795961,
Jazzghost,5155822,
Jazzghost,3556116,
Jazzghost,4526406,
Jazzghost,2419400,
Jazzghost,3407773,
Jazzghost,4892588,
Jazzghost,7724299,
Jazzghost,2614156,
Jazzghost,1634095,
Jazzghost,6146554,
Jazzghost,3185391,
Jazzghost,4913256,
Jazzghost,3530283,
Jazzghost,1815426,
Jazzghost,3853336,
Jazzghost,2086764,
Jazzghost,3895310,
Jazzghost,3039184,
Jazzghost,3294171,
Jazzghost,2115958,
Jazzghost,4452275,
Jazzghost,2394729,
Jazzghost,2295458,
Jazzghost,2279836,
Jazzghost,3503418,
Jazzghost,2358166,
Jazzghost,2878769,
Jazzghost,2579113,
Jazzghost,4167873,
Jazzghost,2533226,
Jazzghost,4012333,
Jazzghost,3107444,
Jazzghost,2770537,
Jazzghost,3069265,
Jazzghost,2564622,
Jazzghost,2849689,
Jazzghost,3534981,
Jazzghost,6035149,
Jazzghost,2893656,
Jazzghost,5409825,
Jazzghost,2088102,
Jazzghost,2372445,
Jazzghost,3112365,
Jazzghost,5594460,
Jazzghost,2966274,
Jazzghost,3343359,
Jazzghost,1958477,
Jazzghost,3802156,
Jazzghost,4409680,
Jazzghost,2264608,
Jazzghost,4000035,
Jazzghost,3426561,
Jazzghost,3832922,
Jazzghost,3190041,
Jazzghost,4702622,
Jazzghost,2156279,
Jazzghost,3670161,
Jazzghost,1992948,
Jazzghost,3205165,
Jazzghost,7460383,
Jazzghost,5333450,
Jazzghost,2887079,
Jazzghost,2929192,
Jazzghost,2115879,
Jazzghost,4131212,
Jazzghost,2538583,
Jazzghost,3379463,
Jazzghost,5439920,
Jazzghost,5289107,
Jazzghost,2630192,
Jazzghost,3093221,
Jazzghost,3943413,
Jazzghost,3566431,
Jazzghost,3075151,
Jazzghost,2295006,
Jazzghost,2450418,
Jazzghost,3179137,
Jazzghost,3466628,
Jazzghost,6391858,
Jazzghost,3429495,
Jazzghost,2308531,
Jazzghost,4107183,
Jazzghost,6009349,
Jazzghost,4772343,
Jazzghost,3369504,
Jazzghost,3100685,
Jazzghost,2274322,
Jazzghost,4334510,
Jazzghost,3473872,
Jazzghost,3359092,
Jazzghost,4638009,
Jazzghost,4201252,
Jazzghost,2217020,
Jazzghost,2545976,
Jazzghost,5014138,
Jazzghost,6602620,
Jazzghost,4673998,
Jazzghost,3165470,
Jazzghost,3394285,
Jazzghost,3997362,
Jazzghost,5601912,
Jazzghost,6300219,
Jazzghost,5000556,
Jazzghost,4042620,
Jazzghost,2784857,
Jazzghost,4380459,
Jazzghost,4703734,
Jazzghost,4755255,
Jazzghost,7285094,
Jazzghost,3520696,
Jazzghost,3934807,
Jazzghost,3842904,
Jazzghost,12231757,
Jazzghost,4945798,
Jazzghost,5240424,
Jazzghost,2679174,
Jazzghost,5960244,
Jazzghost,3583571,
Jazzghost,4496395,
Jazzghost,14165502,
Jazzghost,2656931,
Jazzghost,2030038,
Jazzghost,1836719,
Jazzghost,2676013,
Jazzghost,3022976,
Jazzghost,3057111,
Jazzghost,2361993,
Jazzghost,2177956,
Jazzghost,3206205,
Jazzghost,7357615,
Jazzghost,4669610,
Jazzghost,3581096,
Jazzghost,2490596,
Jazzghost,2188014,
Jazzghost,7479655,
Jazzghost,9112870,
Jazzghost,7494482,
Jazzghost,3201962,
Jazzghost,2328535,
Jazzghost,3984201,
Jazzghost,3103495,
Jazzghost,4099333,
Jazzghost,4796076,
Jazzghost,2161296,
Jazzghost,4297236,
Jazzghost,2840663,
Jazzghost,2450031,
Jazzghost,2914754,
Jazzghost,5497844,
Jazzghost,2608734,
Jazzghost,3302302,
Jazzghost,4580093,
Jazzghost,12681300,
Jazzghost,6446999,
Jazzghost,3494704,
Jazzghost,3337825,
Jazzghost,3368409,
Jazzghost,2794086,
Jazzghost,2789887,
Jazzghost,6362951,
Jazzghost,1978073,
Jazzghost,2641747,
Jazzghost,2973644,
Jazzghost,2589338,
Jazzghost,3126474,
Jazzghost,7876875,
Jazzghost,2619867,
Jazzghost,2324010,
Jazzghost,2369319,
Jazzghost,2809695,
Jazzghost,2856638,
Jazzghost,3498169,
Jazzghost,5617553,
Jazzghost,3364408,
Jazzghost,1641243,
Jazzghost,4029386,
Jazzghost,4377417,
Jazzghost,5169321,
Jazzghost,3427824,
Jazzghost,3695307,
Jazzghost,2372905,
Jazzghost,2002716,
Jazzghost,5138954,
Jazzghost,2216943,
Jazzghost,5090926,
Jazzghost,6986516,
Jazzghost,2457092,
Jazzghost,1998756,
Jazzghost,3353846,
Jazzghost,2656811,
Jazzghost,4995517,
Jazzghost,6136118,
Jazzghost,3202631,
Jazzghost,3030201,
Jazzghost,3628320,
Jazzghost,6852665,
Jazzghost,3672880,
Jazzghost,4937635,
Jazzghost,3565061,
Jazzghost,3640458,
Jazzghost,2397918,
Jazzghost,3649249,
Jazzghost,1841753,
Jazzghost,2441639,
Jazzghost,2689230,
Jazzghost,5872582,
Jazzghost,3351936,
Jazzghost,5756270,
Jazzghost,5567393,
Jazzghost,2530514,
Jazzghost,2815255,
Jazzghost,5496819,
Jazzghost,2479720,
Jazzghost,5977297,
Jazzghost,2892555,
Jazzghost,2353286,
Jazzghost,2452190,
Jazzghost,3873914,
Jazzghost,3897389,
Jazzghost,3617736,
Jazzghost,3487539,
Jazzghost,2748985,
Jazzghost,2206377,
Jazzghost,8997825,
Jazzghost,5164336,
Jazzghost,5405507,
Jazzghost,2635444,
Jazzghost,2110519,
Jazzghost,3053435,
Jazzghost,5699725,
Jazzghost,2489962,
Jazzghost,3727382,
Jazzghost,3775442,
Jazzghost,4223959,
Jazzghost,3323710,
Jazzghost,1208071,
Jazzghost,3461599,
Jazzghost,4385619,
Jazzghost,6823594,
Jazzghost,7946976,
Jazzghost,3390073,
Jazzghost,3713276,
Jazzghost,2594584,
Jazzghost,4322492,
Jazzghost,5884734,
Jazzghost,6054449,
Jazzghost,2465039,
Jazzghost,3913425,
Jazzghost,3017199,
Jazzghost,3092726,
Jazzghost,1935653,
Jazzghost,5098539,
Jazzghost,4884637,
Jazzghost,2603512,
Jazzghost,3074533,
Jazzghost,2178007,
Jazzghost,2698701,
Jazzghost,8230230,
Jazzghost,3507122,
Jazzghost,3187170,
Jazzghost,2802676,
Jazzghost,2888475,
Jazzghost,3687934,
Jazzghost,5277736,
Jazzghost,1993882,
Jazzghost,2989177,
Jazzghost,2758155,
Jazzghost,5072506,
Jazzghost,3519560,
Jazzghost,9596136,
Jazzghost,5539798,
Jazzghost,2766767,
Jazzghost,2801829,
Jazzghost,6150145,
Jazzghost,4618967,
Jazzghost,3600048,
Jazzghost,6183861,
Jazzghost,3971222,
Jazzghost,7815856,
Jazzghost,3488813,
Jazzghost,5846235,
Jazzghost,6850037,
Jazzghost,5202625,
Jazzghost,8935565,
Jazzghost,5394179,
Jazzghost,3439252,
Jazzghost,3416175,
Jazzghost,4570529,
Jazzghost,2528330,
Jazzghost,3097666,
Jazzghost,1910319,
Jazzghost,3669388,
Jazzghost,2205002,
Jazzghost,3496300,
Jazzghost,5671461,
Jazzghost,6724795,
Jazzghost,2582558,
Jazzghost,3691008,
Jazzghost,4559554,
Jazzghost,2840625,
Jazzghost,6063947,
Jazzghost,2728396,
Jazzghost,9148191,
Jazzghost,3139051,
Jazzghost,4597585,
Jazzghost,5514725,
Jazzghost,7446157,
Jazzghost,1692687,
Jazzghost,6673656,
Jazzghost,9506575,
Jazzghost,9116276,
Jazzghost,8030104,
Dj Danny Albuquerque,4264,
Dj Danny Albuquerque,177721,
Dj Danny Albuquerque,147633,
Dj Danny Albuquerque,232945,
Dj Danny Albuquerque,127969,
Dj Danny Albuquerque,84370,
Dj Danny Albuquerque,56403,
Dj Danny Albuquerque,31458,
Dj Danny Albuquerque,98033,
Dj Danny Albuquerque,220127,
Dj Danny Albuquerque,289404,
Dj Danny Albuquerque,86855,
Dj Danny Albuquerque,235451,
Dj Danny Albuquerque,131848,
Dj Danny Albuquerque,70925,
Dj Danny Albuquerque,41373,
Dj Danny Albuquerque,662958,
Dj Danny Albuquerque,525979,
Dj Danny Albuquerque,90379,
Dj Danny Albuquerque,152576,
Dj Danny Albuquerque,510552,
Dj Danny Albuquerque,132448,
Dj Danny Albuquerque,264291,
Dj Danny Albuquerque,109247,
Dj Danny Albuquerque,298419,
Dj Danny Albuquerque,411365,
Dj Danny Albuquerque,332529,
Dj Danny Albuquerque,177184,
Dj Danny Albuquerque,608517,
Dj Danny Albuquerque,481872,
Dj Danny Albuquerque,127452,
Dj Danny Albuquerque,362225,
Dj Danny Albuquerque,54081,
Dj Danny Albuquerque,101883,
Dj Danny Albuquerque,338119,
Dj Danny Albuquerque,750090,
Dj Danny Albuquerque,400920,
Dj Danny Albuquerque,407859,
Dj Danny Albuquerque,380373,
Dj Danny Albuquerque,207184,
Dj Danny Albuquerque,169934,
Dj Danny Albuquerque,332762,
Dj Danny Albuquerque,288808,
Dj Danny Albuquerque,110317,
Dj Danny Albuquerque,326796,
Dj Danny Albuquerque,7699,
Dj Danny Albuquerque,265035,
Dj Danny Albuquerque,410048,
Dj Danny Albuquerque,437629,
Dj Danny Albuquerque,176659,
Dj Danny Albuquerque,356769,
Dj Danny Albuquerque,349488,
Dj Danny Albuquerque,287944,
Dj Danny Albuquerque,534318,
Dj Danny Albuquerque,253015,
Dj Danny Albuquerque,396720,
Dj Danny Albuquerque,313198,
Dj Danny Albuquerque,600977,
Dj Danny Albuquerque,332041,
Dj Danny Albuquerque,435192,
Dj Danny Albuquerque,162810,
Dj Danny Albuquerque,462531,
Dj Danny Albuquerque,196964,
Dj Danny Albuquerque,212849,
Dj Danny Albuquerque,289643,
Dj Danny Albuquerque,374014,
Dj Danny Albuquerque,416712,
Dj Danny Albuquerque,361076,
Dj Danny Albuquerque,495552,
Dj Danny Albuquerque,452278,
Dj Danny Albuquerque,177189,
Dj Danny Albuquerque,215069,
Dj Danny Albuquerque,189735,
Dj Danny Albuquerque,245072,
Dj Danny Albuquerque,355255,
Dj Danny Albuquerque,477516,
Dj Danny Albuquerque,987028,
Dj Danny Albuquerque,379590,
Dj Danny Albuquerque,403689,
Dj Danny Albuquerque,392022,
Dj Danny Albuquerque,195764,
Dj Danny Albuquerque,770376,
Dj Danny Albuquerque,301620,
Dj Danny Albuquerque,259273,
Dj Danny Albuquerque,256592,
Dj Danny Albuquerque,335121,
Dj Danny Albuquerque,77008,
Dj Danny Albuquerque,343917,
Dj Danny Albuquerque,239295,
Dj Danny Albuquerque,218476,
Dj Danny Albuquerque,377261,
Dj Danny Albuquerque,412745,
Dj Danny Albuquerque,549415,
Dj Danny Albuquerque,392681,
Dj Danny Albuquerque,299241,
Dj Danny Albuquerque,146797,
Dj Danny Albuquerque,199640,
Dj Danny Albuquerque,213132,
Dj Danny Albuquerque,147690,
Dj Danny Albuquerque,185727,
Dj Danny Albuquerque,471137,
Dj Danny Albuquerque,227936,
Dj Danny Albuquerque,267757,
Dj Danny Albuquerque,233867,
Dj Danny Albuquerque,213247,
Dj Danny Albuquerque,282692,
Dj Danny Albuquerque,321803,
Dj Danny Albuquerque,291553,
Dj Danny Albuquerque,321698,
Dj Danny Albuquerque,163179,
Dj Danny Albuquerque,309813,
Dj Danny Albuquerque,284562,
Dj Danny Albuquerque,74584,
Dj Danny Albuquerque,172783,
Dj Danny Albuquerque,281878,
Dj Danny Albuquerque,395475,
Dj Danny Albuquerque,248876,
Dj Danny Albuquerque,377221,
Dj Danny Albuquerque,270273,
Dj Danny Albuquerque,256044,
Dj Danny Albuquerque,223537,
Dj Danny Albuquerque,173270,
Dj Danny Albuquerque,5986,
Dj Danny Albuquerque,371272,
Dj Danny Albuquerque,346300,
Dj Danny Albuquerque,13540,
Dj Danny Albuquerque,784955,
Dj Danny Albuquerque,192761,
Dj Danny Albuquerque,230616,
Dj Danny Albuquerque,336827,
Dj Danny Albuquerque,240482,
Dj Danny Albuquerque,392092,
Dj Danny Albuquerque,366654,
Dj Danny Albuquerque,223944,
Dj Danny Albuquerque,224555,
Dj Danny Albuquerque,91883,
Dj Danny Albuquerque,313719,
Dj Danny Albuquerque,270317,
Dj Danny Albuquerque,45159,
Dj Danny Albuquerque,594027,
Dj Danny Albuquerque,247972,
Dj Danny Albuquerque,11231,
Dj Danny Albuquerque,28335,
Dj Danny Albuquerque,731353,
Dj Danny Albuquerque,657999,
Dj Danny Albuquerque,393737,
Dj Danny Albuquerque,340723,
Dj Danny Albuquerque,598005,
Dj Danny Albuquerque,13000,
Dj Danny Albuquerque,487608,
Dj Danny Albuquerque,361700,
Dj Danny Albuquerque,16188,
Dj Danny Albuquerque,321425,
Dj Danny Albuquerque,222076,
Dj Danny Albuquerque,23227,
Dj Danny Albuquerque,198235,
Dj Danny Albuquerque,135671,
Dj Danny Albuquerque,55162,
Dj Danny Albuquerque,21120,
Dj Danny Albuquerque,344509,
Dj Danny Albuquerque,636289,
Dj Danny Albuquerque,376753,
Dj Danny Albuquerque,255097,
Dj Danny Albuquerque,322243,
Dj Danny Albuquerque,29012,
Dj Danny Albuquerque,269922,
Dj Danny Albuquerque,351529,
Dj Danny Albuquerque,231775,
Dj Danny Albuquerque,345245,
Dj Danny Albuquerque,238190,
Dj Danny Albuquerque,435892,
Dj Danny Albuquerque,169640,
Dj Danny Albuquerque,93150,
Dj Danny Albuquerque,301412,
Dj Danny Albuquerque,442936,
Dj Danny Albuquerque,475141,
Dj Danny Albuquerque,82478,
Dj Danny Albuquerque,90180,
Dj Danny Albuquerque,357562,
Dj Danny Albuquerque,551678,
Dj Danny Albuquerque,148946,
Dj Danny Albuquerque,140966,
Dj Danny Albuquerque,17778,
Dj Danny Albuquerque,255465,
Dj Danny Albuquerque,493421,
Dj Danny Albuquerque,361321,
Dj Danny Albuquerque,335228,
Dj Danny Albuquerque,203099,
Dj Danny Albuquerque,272313,
Dj Danny Albuquerque,10518,
Dj Danny Albuquerque,17471,
Dj Danny Albuquerque,357441,
Dj Danny Albuquerque,44604,
Dj Danny Albuquerque,346517,
Dj Danny Albuquerque,13251,
Dj Danny Albuquerque,477168,
Dj Danny Albuquerque,331267,
Dj Danny Albuquerque,291723,
Dj Danny Albuquerque,270539,
Dj Danny Albuquerque,272545,
Dj Danny Albuquerque,424640,
Dj Danny Albuquerque,513929,
Dj Danny Albuquerque,316003,
Dj Danny Albuquerque,22730,
Dj Danny Albuquerque,916474,
Dj Danny Albuquerque,349181,
Dj Danny Albuquerque,290210,
Dj Danny Albuquerque,259587,
Dj Danny Albuquerque,45648,
Dj Danny Albuquerque,19383,
Dj Danny Albuquerque,557294,
Dj Danny Albuquerque,343889,
Dj Danny Albuquerque,875544,
Dj Danny Albuquerque,289427,
Dj Danny Albuquerque,142213,
Dj Danny Albuquerque,294552,
Dj Danny Albuquerque,561740,
Dj Danny Albuquerque,634960,
Dj Danny Albuquerque,284680,
Dj Danny Albuquerque,45306,
Dj Danny Albuquerque,599175,
Dj Danny Albuquerque,3321951,
Dj Danny Albuquerque,185824,
Dj Danny Albuquerque,203320,
Dj Danny Albuquerque,26013,
Dj Danny Albuquerque,961919,
Dj Danny Albuquerque,408720,
Dj Danny Albuquerque,452517,
Dj Danny Albuquerque,333940,
Dj Danny Albuquerque,294520,
Dj Danny Albuquerque,346740,
Dj Danny Albuquerque,254251,
Dj Danny Albuquerque,1098639,
Dj Danny Albuquerque,391464,
Dj Danny Albuquerque,330599,
Dj Danny Albuquerque,416325,
Dj Danny Albuquerque,327747,
Dj Danny Albuquerque,340555,
Dj Danny Albuquerque,19294,
Dj Danny Albuquerque,377143,
Dj Danny Albuquerque,199723,
Dj Danny Albuquerque,355756,
Dj Danny Albuquerque,419309,
Dj Danny Albuquerque,454149,
Dj Danny Albuquerque,40858,
Dj Danny Albuquerque,259370,
Dj Danny Albuquerque,326752,
Dj Danny Albuquerque,398331,
Dj Danny Albuquerque,6544,
Dj Danny Albuquerque,47467,
Dj Danny Albuquerque,578303,
Dj Danny Albuquerque,704819,
Dj Danny Albuquerque,529342,
Dj Danny Albuquerque,570652,
Dj Danny Albuquerque,200421,
Dj Danny Albuquerque,73260,
Dj Danny Albuquerque,384639,
Dj Danny Albuquerque,300125,
Dj Danny Albuquerque,395240,
Dj Danny Albuquerque,544072,
Dj Danny Albuquerque,253383,
Dj Danny Albuquerque,61271,
Dj Danny Albuquerque,253488,
Dj Danny Albuquerque,469030,
Dj Danny Albuquerque,415794,
Dj Danny Albuquerque,260955,
Dj Danny Albuquerque,446873,
Dj Danny Albuquerque,382096,
Dj Danny Albuquerque,454149,
Dj Danny Albuquerque,418482,
Dj Danny Albuquerque,310979,
Dj Danny Albuquerque,381232,
Dj Danny Albuquerque,330738,
Dj Danny Albuquerque,602396,
Dj Danny Albuquerque,1307032,
Dj Danny Albuquerque,325644,
Dj Danny Albuquerque,403360,
Dj Danny Albuquerque,285478,
Dj Danny Albuquerque,451968,
Dj Danny Albuquerque,560307,
Dj Danny Albuquerque,467277,
Dj Danny Albuquerque,416194,
Dj Danny Albuquerque,670677,
Dj Danny Albuquerque,341048,
Dj Danny Albuquerque,314274,
Dj Danny Albuquerque,255410,
Dj Danny Albuquerque,878411,
Dj Danny Albuquerque,425761,
Dj Danny Albuquerque,659189,
Dj Danny Albuquerque,1170735,
Dj Danny Albuquerque,116991,
Dj Danny Albuquerque,450753,
Dj Danny Albuquerque,264143,
Dj Danny Albuquerque,236711,
Dj Danny Albuquerque,196689,
Dj Danny Albuquerque,220161,
Dj Danny Albuquerque,285603,
Dj Danny Albuquerque,734616,
Dj Danny Albuquerque,450209,
Dj Danny Albuquerque,505795,
Dj Danny Albuquerque,412769,
Dj Danny Albuquerque,173250,
Dj Danny Albuquerque,264711,
Dj Danny Albuquerque,240194,
Dj Danny Albuquerque,564599,
Dj Danny Albuquerque,370766,
Dj Danny Albuquerque,261435,
Dj Danny Albuquerque,295017,
Dj Danny Albuquerque,321398,
Dj Danny Albuquerque,256706,
Dj Danny Albuquerque,174461,
Dj Danny Albuquerque,331849,
Dj Danny Albuquerque,335684,
Dj Danny Albuquerque,317598,
Dj Danny Albuquerque,230095,
Dj Danny Albuquerque,257960,
Dj Danny Albuquerque,147070,
Dj Danny Albuquerque,270491,
Dj Danny Albuquerque,364741,
Dj Danny Albuquerque,369641,
Dj Danny Albuquerque,432802,
Dj Danny Albuquerque,330470,
Dj Danny Albuquerque,306199,
Dj Danny Albuquerque,365175,
Dj Danny Albuquerque,306080,
Dj Danny Albuquerque,296005,
Dj Danny Albuquerque,839847,
Dj Danny Albuquerque,429787,
Dj Danny Albuquerque,734476,
Dj Danny Albuquerque,289236,
Dj Danny Albuquerque,364174,
Dj Danny Albuquerque,302861,
Dj Danny Albuquerque,220515,
Dj Danny Albuquerque,159825,
Dj Danny Albuquerque,326320,
Dj Danny Albuquerque,475619,
Dj Danny Albuquerque,260630,
Dj Danny Albuquerque,304115,
Dj Danny Albuquerque,481704,
Dj Danny Albuquerque,238896,
Dj Danny Albuquerque,227767,
Dj Danny Albuquerque,249692,
Dj Danny Albuquerque,294745,
Dj Danny Albuquerque,419783,
Dj Danny Albuquerque,260255,
Dj Danny Albuquerque,582206,
Dj Danny Albuquerque,277631,
Dj Danny Albuquerque,231566,
Dj Danny Albuquerque,320105,
Dj Danny Albuquerque,259305,
Dj Danny Albuquerque,323371,
Dj Danny Albuquerque,617943,
Dj Danny Albuquerque,357126,
Dj Danny Albuquerque,400032,
Dj Danny Albuquerque,290957,
Dj Danny Albuquerque,379695,
Dj Danny Albuquerque,21295,
Dj Danny Albuquerque,390001,
Dj Danny Albuquerque,323626,
Dj Danny Albuquerque,773525,
Dj Danny Albuquerque,333738,
Dj Danny Albuquerque,279015,
Dj Danny Albuquerque,248021,
Dj Danny Albuquerque,386926,
Dj Danny Albuquerque,422051,
Dj Danny Albuquerque,369946,
Dj Danny Albuquerque,360536,
Dj Danny Albuquerque,493320,
Dj Danny Albuquerque,443728,
Dj Danny Albuquerque,331616,
Dj Danny Albuquerque,303155,
Dj Danny Albuquerque,283884,
Dj Danny Albuquerque,676471,
Dj Danny Albuquerque,70619,
Dj Danny Albuquerque,336692,
Dj Danny Albuquerque,469143,
Dj Danny Albuquerque,415634,
Dj Danny Albuquerque,286208,
Dj Danny Albuquerque,527198,
Dj Danny Albuquerque,329114,
Dj Danny Albuquerque,431070,
Dj Danny Albuquerque,565232,
Dj Danny Albuquerque,277344,
Dj Danny Albuquerque,373813,
Dj Danny Albuquerque,258989,
Dj Danny Albuquerque,232120,
Dj Danny Albuquerque,180261,
Dj Danny Albuquerque,219961,
Dj Danny Albuquerque,22426,
Dj Danny Albuquerque,514622,
Dj Danny Albuquerque,369395,
Dj Danny Albuquerque,17881,
Dj Danny Albuquerque,351863,
Dj Danny Albuquerque,868531,
Dj Danny Albuquerque,385008,
Dj Danny Albuquerque,263350,
Dj Danny Albuquerque,368981,
Dj Danny Albuquerque,14843,
Dj Danny Albuquerque,530057,
Dj Danny Albuquerque,249263,
Dj Danny Albuquerque,376590,
Dj Danny Albuquerque,613476,
Dj Danny Albuquerque,85407,
Dj Danny Albuquerque,468959,
Dj Danny Albuquerque,297237,
Dj Danny Albuquerque,419899,
Dj Danny Albuquerque,371573,
Dj Danny Albuquerque,199389,
Dj Danny Albuquerque,224036,
Dj Danny Albuquerque,217347,
Dj Danny Albuquerque,356238,
Dj Danny Albuquerque,331546,
Dj Danny Albuquerque,423903,
Dj Danny Albuquerque,227246,
Dj Danny Albuquerque,323784,
Dj Danny Albuquerque,203820,
Dj Danny Albuquerque,325563,
Dj Danny Albuquerque,285030,
Dj Danny Albuquerque,385690,
Dj Danny Albuquerque,334744,
Dj Danny Albuquerque,268270,
Dj Danny Albuquerque,251200,
Dj Danny Albuquerque,276355,
Dj Danny Albuquerque,250756,
Dj Danny Albuquerque,229559,
Dj Danny Albuquerque,345244,
Dj Danny Albuquerque,244734,
Dj Danny Albuquerque,354908,
Dj Danny Albuquerque,202731,
Dj Danny Albuquerque,207210,
Dj Danny Albuquerque,311505,
Dj Danny Albuquerque,272937,
Dj Danny Albuquerque,135895,
Dj Danny Albuquerque,299868,
Dj Danny Albuquerque,243144,
Dj Danny Albuquerque,286180,
Dj Danny Albuquerque,276211,
Dj Danny Albuquerque,415820,
Dj Danny Albuquerque,202322,
Dj Danny Albuquerque,62460,
Dj Danny Albuquerque,346942,
Dj Danny Albuquerque,30828,
Dj Danny Albuquerque,321776,
Dj Danny Albuquerque,337468,
Dj Danny Albuquerque,243344,
Dj Danny Albuquerque,467554,
Dj Danny Albuquerque,439583,
Dj Danny Albuquerque,90431,
Dj Danny Albuquerque,806900,
Dj Danny Albuquerque,297307,
Dj Danny Albuquerque,415482,
Dj Danny Albuquerque,537228,
Dj Danny Albuquerque,275755,
Dj Danny Albuquerque,205084,
Dj Danny Albuquerque,465398,
Dj Danny Albuquerque,363409,
Dj Danny Albuquerque,362411,
Dj Danny Albuquerque,298793,
Dj Danny Albuquerque,229518,
Dj Danny Albuquerque,321052,
Dj Danny Albuquerque,732288,
Dj Danny Albuquerque,901411,
Dj Danny Albuquerque,57321,
Dj Danny Albuquerque,391798,
Dj Danny Albuquerque,444690,
Dj Danny Albuquerque,539979,
Dj Danny Albuquerque,469833,
Dj Danny Albuquerque,1008829,
Dj Danny Albuquerque,685842,
Dj Danny Albuquerque,402937,
Dj Danny Albuquerque,306209,
Dj Danny Albuquerque,399446,
Dj Danny Albuquerque,530908,
Dj Danny Albuquerque,819168,
Dj Danny Albuquerque,437801,
Dj Danny Albuquerque,255010,
Dj Danny Albuquerque,328320,
Dj Danny Albuquerque,1170596,
Dj Danny Albuquerque,405111,
Dj Danny Albuquerque,373624,
Dj Danny Albuquerque,489840,
Dj Danny Albuquerque,578512,
Dj Danny Albuquerque,546326,
Dj Danny Albuquerque,489622,
Dj Danny Albuquerque,574380,
Dj Danny Albuquerque,359692,
Dj Danny Albuquerque,445774,
Dj Danny Albuquerque,419886,
Dj Danny Albuquerque,1740208,
Dj Danny Albuquerque,136444,
Dj Danny Albuquerque,240205,
Dj Danny Albuquerque,241560,
Dj Danny Albuquerque,176623,
Dj Danny Albuquerque,337966,
Dj Danny Albuquerque,300130,
Dj Danny Albuquerque,158456,
Dj Danny Albuquerque,363500,
Dj Danny Albuquerque,261939,
Jovem Nerd,3420,
Jovem Nerd,54182,
Jovem Nerd,142792,
Jovem Nerd,10869,
Jovem Nerd,14270,
Jovem Nerd,51446,
Jovem Nerd,20197,
Jovem Nerd,87072,
Jovem Nerd,9471,
Jovem Nerd,83425,
Jovem Nerd,20778,
Jovem Nerd,1948,
Jovem Nerd,257047,
Jovem Nerd,20506,
Jovem Nerd,722,
Jovem Nerd,0,
Jovem Nerd,226939,
Jovem Nerd,13983,
Jovem Nerd,61365,
Jovem Nerd,158925,
Jovem Nerd,287525,
Jovem Nerd,12618,
Jovem Nerd,18878,
Jovem Nerd,63863,
Jovem Nerd,23462,
Jovem Nerd,152492,
Jovem Nerd,14080,
Jovem Nerd,8743,
Jovem Nerd,18768,
Jovem Nerd,9350,
Jovem Nerd,11085,
Jovem Nerd,567439,
Jovem Nerd,111079,
Jovem Nerd,14989,
Jovem Nerd,24668,
Jovem Nerd,1545765,
Jovem Nerd,2306854,
Jovem Nerd,20547,
Jovem Nerd,128034,
Jovem Nerd,3887850,
Jovem Nerd,14860,
Jovem Nerd,33697,
Jovem Nerd,14726,
Jovem Nerd,26818,
Jovem Nerd,18585,
Jovem Nerd,88820,
Jovem Nerd,8590,
Jovem Nerd,17736,
Jovem Nerd,9319,
Jovem Nerd,46105,
Jovem Nerd,8989,
Jovem Nerd,132459,
Jovem Nerd,16189,
Jovem Nerd,36123,
Jovem Nerd,5163,
Jovem Nerd,9176,
Jovem Nerd,42893,
Jovem Nerd,4035,
Jovem Nerd,21359,
Jovem Nerd,48016,
Jovem Nerd,78711,
Jovem Nerd,45130,
Jovem Nerd,117581,
Jovem Nerd,108520,
Jovem Nerd,13291,
Jovem Nerd,183015,
Jovem Nerd,14989,
Jovem Nerd,73228,
Jovem Nerd,79849,
Jovem Nerd,37345,
Jovem Nerd,135051,
Jovem Nerd,13034,
Jovem Nerd,62149,
Jovem Nerd,12692,
Jovem Nerd,17239,
Jovem Nerd,69757,
Jovem Nerd,10203,
Jovem Nerd,82173,
Jovem Nerd,6411,
Jovem Nerd,14741,
Jovem Nerd,41462,
Jovem Nerd,10630,
Jovem Nerd,8208,
Jovem Nerd,80162,
Jovem Nerd,15042,
Jovem Nerd,13204,
Jovem Nerd,54695,
Jovem Nerd,11211,
Jovem Nerd,26646,
Jovem Nerd,75840,
Jovem Nerd,40859,
Jovem Nerd,14353,
Jovem Nerd,107504,
Jovem Nerd,19590,
Jovem Nerd,8955,
Jovem Nerd,30296,
Jovem Nerd,125993,
Jovem Nerd,48070,
Jovem Nerd,20644,
Jovem Nerd,92192,
Jovem Nerd,188333,
Jovem Nerd,14443,
Jovem Nerd,18412,
Jovem Nerd,5507,
Jovem Nerd,16898,
Jovem Nerd,88971,
Jovem Nerd,7389,
Jovem Nerd,17404,
Jovem Nerd,16271,
Jovem Nerd,111047,
Jovem Nerd,7567,
Jovem Nerd,15248,
Jovem Nerd,107479,
Jovem Nerd,27496,
Jovem Nerd,11654,
Jovem Nerd,167214,
Jovem Nerd,10443,
Jovem Nerd,48815,
Jovem Nerd,16810,
Jovem Nerd,5451,
Jovem Nerd,7803,
Jovem Nerd,16538,
Jovem Nerd,36765,
Jovem Nerd,116059,
Jovem Nerd,12400,
Jovem Nerd,118379,
Jovem Nerd,9319,
Jovem Nerd,5979,
Jovem Nerd,100251,
Jovem Nerd,14696,
Jovem Nerd,21144,
Jovem Nerd,151004,
Jovem Nerd,13513,
Jovem Nerd,48429,
Jovem Nerd,3725,
Jovem Nerd,20368,
Jovem Nerd,2907,
Jovem Nerd,18505,
Jovem Nerd,20407,
Jovem Nerd,17556,
Jovem Nerd,3147,
Jovem Nerd,41039,
Jovem Nerd,70978,
Jovem Nerd,23833,
Jovem Nerd,3633,
Jovem Nerd,3945,
Jovem Nerd,8267,
Jovem Nerd,75458,
Jovem Nerd,6695,
Jovem Nerd,167745,
Jovem Nerd,17519,
Jovem Nerd,15123,
Jovem Nerd,10005,
Jovem Nerd,90439,
Jovem Nerd,4827,
Jovem Nerd,4837,
Jovem Nerd,142738,
Jovem Nerd,19226,
Jovem Nerd,29919,
Jovem Nerd,9562,
Jovem Nerd,90994,
Jovem Nerd,52201,
Jovem Nerd,23584,
Jovem Nerd,18693,
Jovem Nerd,69263,
Jovem Nerd,12104,
Jovem Nerd,62290,
Jovem Nerd,155856,
Jovem Nerd,23401,
Jovem Nerd,134624,
Jovem Nerd,27058,
Jovem Nerd,83776,
Jovem Nerd,55992,
Jovem Nerd,82940,
Jovem Nerd,27816,
Jovem Nerd,10673,
Jovem Nerd,245135,
Jovem Nerd,11817,
Jovem Nerd,89567,
Jovem Nerd,9226,
Jovem Nerd,75539,
Jovem Nerd,18269,
Jovem Nerd,18876,
Jovem Nerd,263936,
Jovem Nerd,10802,
Jovem Nerd,63354,
Jovem Nerd,69727,
Jovem Nerd,70965,
Jovem Nerd,12666,
Jovem Nerd,29520,
Jovem Nerd,204812,
Jovem Nerd,141812,
Jovem Nerd,15368,
Jovem Nerd,136757,
Jovem Nerd,74218,
Jovem Nerd,113884,
Jovem Nerd,11631,
Jovem Nerd,20870,
Jovem Nerd,137456,
Jovem Nerd,12932,
Jovem Nerd,89828,
Jovem Nerd,104812,
Jovem Nerd,59392,
Jovem Nerd,28602,
Jovem Nerd,233846,
Jovem Nerd,17397,
Jovem Nerd,43689,
Jovem Nerd,116914,
Jovem Nerd,22966,
Jovem Nerd,69260,
Jovem Nerd,17368,
Jovem Nerd,29156,
Jovem Nerd,117885,
Jovem Nerd,18041,
Jovem Nerd,98708,
Jovem Nerd,75280,
Jovem Nerd,74147,
Jovem Nerd,18966,
Jovem Nerd,28113,
Jovem Nerd,15616,
Jovem Nerd,161627,
Jovem Nerd,26032,
Jovem Nerd,49118,
Jovem Nerd,74949,
Jovem Nerd,23753,
Jovem Nerd,48563,
Jovem Nerd,16014,
Jovem Nerd,87405,
Jovem Nerd,16428,
Jovem Nerd,126017,
Jovem Nerd,93840,
Jovem Nerd,51756,
Jovem Nerd,16670,
Jovem Nerd,14002,
Jovem Nerd,5615,
Jovem Nerd,122666,
Jovem Nerd,57918,
Jovem Nerd,62990,
Jovem Nerd,8808,
Jovem Nerd,143619,
Jovem Nerd,6488,
Jovem Nerd,142683,
Jovem Nerd,34850,
Jovem Nerd,57987,
Jovem Nerd,15665,
Jovem Nerd,7357,
Jovem Nerd,69064,
Jovem Nerd,4150,
Jovem Nerd,25076,
Jovem Nerd,36488,
Jovem Nerd,90584,
Jovem Nerd,63325,
Jovem Nerd,11289,
Jovem Nerd,3345,
Jovem Nerd,4208,
Jovem Nerd,4930,
Jovem Nerd,77343,
Jovem Nerd,281290,
Jovem Nerd,4872,
Jovem Nerd,19274,
Jovem Nerd,65197,
Jovem Nerd,55249,
Jovem Nerd,200462,
Jovem Nerd,64434,
Jovem Nerd,67842,
Jovem Nerd,14078,
Jovem Nerd,236556,
Jovem Nerd,30871,
Jovem Nerd,65640,
Jovem Nerd,15831,
Jovem Nerd,8020,
Jovem Nerd,10017,
Jovem Nerd,10224,
Jovem Nerd,253866,
Jovem Nerd,67411,
Jovem Nerd,75909,
Jovem Nerd,5393,
Jovem Nerd,16097,
Jovem Nerd,49514,
Jovem Nerd,69754,
Jovem Nerd,7019,
Jovem Nerd,168165,
Jovem Nerd,17377,
Jovem Nerd,10986,
Jovem Nerd,61782,
Jovem Nerd,5165,
Jovem Nerd,159241,
Jovem Nerd,408595,
Jovem Nerd,5210,
Jovem Nerd,65985,
Jovem Nerd,17017,
Jovem Nerd,67098,
Jovem Nerd,7204,
Jovem Nerd,126449,
Jovem Nerd,116461,
Jovem Nerd,5731,
Jovem Nerd,81008,
Jovem Nerd,7397,
Jovem Nerd,5511,
Jovem Nerd,4908,
Jovem Nerd,6499,
Jovem Nerd,286700,
Jovem Nerd,25306,
Jovem Nerd,135700,
Jovem Nerd,22667,
Jovem Nerd,110097,
Jovem Nerd,9038,
Jovem Nerd,8387,
Jovem Nerd,5612,
Jovem Nerd,383070,
Jovem Nerd,5488,
Jovem Nerd,92093,
Jovem Nerd,3845,
Jovem Nerd,3816,
Jovem Nerd,25323,
Jovem Nerd,67715,
Jovem Nerd,15182,
Jovem Nerd,2807,
Jovem Nerd,5324,
Jovem Nerd,25348,
Jovem Nerd,875589,
Jovem Nerd,7543,
Jovem Nerd,622127,
Jovem Nerd,36056,
Jovem Nerd,77712,
Jovem Nerd,6267,
Jovem Nerd,89675,
Jovem Nerd,6381,
Jovem Nerd,122395,
Jovem Nerd,179940,
Jovem Nerd,41603,
Jovem Nerd,82678,
Jovem Nerd,7337,
Jovem Nerd,25815,
Jovem Nerd,18040,
Jovem Nerd,70954,
Jovem Nerd,74119,
Jovem Nerd,5024,
Jovem Nerd,143942,
Jovem Nerd,42810,
Jovem Nerd,6442,
Jovem Nerd,87216,
Jovem Nerd,95497,
Jovem Nerd,74059,
Jovem Nerd,51991,
Jovem Nerd,20817,
Jovem Nerd,117490,
Jovem Nerd,62844,
Jovem Nerd,8268,
Jovem Nerd,78807,
Jovem Nerd,67332,
Jovem Nerd,139815,
Jovem Nerd,34403,
Jovem Nerd,323861,
Jovem Nerd,74116,
Jovem Nerd,12182,
Jovem Nerd,56258,
Jovem Nerd,17858,
Jovem Nerd,77678,
Jovem Nerd,89852,
Jovem Nerd,10251,
Jovem Nerd,171432,
Jovem Nerd,39183,
Jovem Nerd,5613,
Jovem Nerd,112149,
Jovem Nerd,57168,
Jovem Nerd,69840,
Jovem Nerd,83720,
Jovem Nerd,47602,
Jovem Nerd,133933,
Jovem Nerd,216950,
Jovem Nerd,164646,
Jovem Nerd,7416,
Jovem Nerd,111309,
Jovem Nerd,9491,
Jovem Nerd,61877,
Jovem Nerd,98083,
Jovem Nerd,3609,
Jovem Nerd,128202,
Jovem Nerd,18663,
Jovem Nerd,5086,
Jovem Nerd,79094,
Jovem Nerd,41962,
Jovem Nerd,25569,
Jovem Nerd,84574,
Jovem Nerd,10937,
Jovem Nerd,28353,
Jovem Nerd,17862,
Jovem Nerd,16436,
Jovem Nerd,4191,
Jovem Nerd,64603,
Jovem Nerd,101751,
Jovem Nerd,60460,
Jovem Nerd,76136,
Jovem Nerd,8372,
Jovem Nerd,143058,
Jovem Nerd,13530,
Jovem Nerd,4061,
Jovem Nerd,144658,
Jovem Nerd,15914,
Jovem Nerd,106458,
Jovem Nerd,5237,
Jovem Nerd,7138,
Jovem Nerd,229547,
Jovem Nerd,14094,
Jovem Nerd,1011399,
Jovem Nerd,5917,
Jovem Nerd,179667,
Jovem Nerd,17558,
Jovem Nerd,165399,
Jovem Nerd,82246,
Jovem Nerd,10946,
Jovem Nerd,4294,
Jovem Nerd,4941,
Jovem Nerd,110410,
Jovem Nerd,13260,
Jovem Nerd,7366,
Jovem Nerd,1218507,
Jovem Nerd,11370,
Jovem Nerd,5499,
Jovem Nerd,187983,
Jovem Nerd,60495,
Jovem Nerd,99732,
Jovem Nerd,24679,
Jovem Nerd,18300,
Jovem Nerd,4379,
Jovem Nerd,3431,
Jovem Nerd,59544,
Jovem Nerd,12176,
Jovem Nerd,13486,
Jovem Nerd,5925,
Jovem Nerd,109157,
Jovem Nerd,85931,
Jovem Nerd,12776,
Jovem Nerd,78217,
Jovem Nerd,91633,
Jovem Nerd,3696,
Jovem Nerd,9248,
Jovem Nerd,62421,
Jovem Nerd,341167,
Jovem Nerd,11771,
Jovem Nerd,76381,
Jovem Nerd,45492,
Jovem Nerd,85026,
Jovem Nerd,6865,
Jovem Nerd,142769,
Jovem Nerd,156894,
Jovem Nerd,103682,
Jovem Nerd,58754,
Jovem Nerd,95705,
Jovem Nerd,5782,
Jovem Nerd,15780,
Jovem Nerd,4162,
Jovem Nerd,72443,
Jovem Nerd,87077,
Jovem Nerd,141194,
Jovem Nerd,138321,
Jovem Nerd,13318,
Jovem Nerd,40142,
Jovem Nerd,85850,
Jovem Nerd,4480,
Jovem Nerd,8009,
Jovem Nerd,90467,
Jovem Nerd,6534,
Jovem Nerd,122219,
Jovem Nerd,10597,
Jovem Nerd,89182,
Jovem Nerd,9417,
Jovem Nerd,208496,
Jovem Nerd,7253,
Jovem Nerd,8397,
Jovem Nerd,5472,
Jovem Nerd,8579,
Jovem Nerd,4547,
Jovem Nerd,3766,
Jovem Nerd,55209,
Jovem Nerd,6947,
Jovem Nerd,4638,
Jovem Nerd,10843,
Jovem Nerd,107920,
Jovem Nerd,229028,
Jovem Nerd,8747,
Jovem Nerd,19678,
Jovem Nerd,3912,
Jovem Nerd,127761,
Jovem Nerd,55449,
Jovem Nerd,63957,
Jovem Nerd,7132,
Jovem Nerd,5217,
Jovem Nerd,16871,
Jovem Nerd,11091,
Jovem Nerd,123276,
Jovem Nerd,4130,
Jovem Nerd,54656,
Jovem Nerd,14781,
Jovem Nerd,201799,
Jovem Nerd,764287,
Jovem Nerd,11003,
Jovem Nerd,82603,
ProbIems,81557,
ProbIems,42396,
ProbIems,410393,
ProbIems,44719,
ProbIems,38961,
ProbIems,393410,
ProbIems,228769,
ProbIems,77774,
ProbIems,490449,
ProbIems,85471,
ProbIems,78275,
ProbIems,549623,
ProbIems,65958,
ProbIems,73982,
ProbIems,428738,
ProbIems,130990,
ProbIems,115300,
ProbIems,576397,
ProbIems,238572,
ProbIems,99040,
ProbIems,439426,
ProbIems,311931,
ProbIems,107146,
ProbIems,601552,
ProbIems,93279,
ProbIems,311198,
ProbIems,616195,
ProbIems,82009,
ProbIems,1537430,
ProbIems,487937,
ProbIems,558637,
ProbIems,111027,
ProbIems,524602,
ProbIems,145135,
ProbIems,525271,
ProbIems,492819,
ProbIems,92918,
ProbIems,126721,
ProbIems,440727,
ProbIems,220756,
ProbIems,72991,
ProbIems,513530,
ProbIems,110815,
ProbIems,292629,
ProbIems,190442,
ProbIems,1422883,
ProbIems,921528,
ProbIems,329857,
ProbIems,293188,
ProbIems,432599,
ProbIems,122865,
ProbIems,137146,
ProbIems,600870,
ProbIems,300980,
ProbIems,127416,
ProbIems,627538,
ProbIems,1484110,
ProbIems,88403,
ProbIems,742467,
ProbIems,893449,
ProbIems,121739,
ProbIems,955751,
ProbIems,100641,
ProbIems,175036,
ProbIems,1148231,
ProbIems,151045,
ProbIems,145513,
ProbIems,801707,
ProbIems,137278,
ProbIems,180143,
ProbIems,677976,
ProbIems,120034,
ProbIems,125252,
ProbIems,1171101,
ProbIems,134476,
ProbIems,88696,
ProbIems,466359,
ProbIems,167697,
ProbIems,100667,
ProbIems,1259889,
ProbIems,383292,
ProbIems,67693,
ProbIems,170485,
ProbIems,1048170,
ProbIems,114851,
ProbIems,113597,
ProbIems,420389,
ProbIems,105673,
ProbIems,82083,
ProbIems,808967,
ProbIems,782693,
ProbIems,363316,
ProbIems,779131,
ProbIems,136553,
ProbIems,127551,
ProbIems,1058544,
ProbIems,118194,
ProbIems,152877,
ProbIems,963592,
ProbIems,316318,
ProbIems,126154,
ProbIems,606451,
ProbIems,137944,
ProbIems,385869,
ProbIems,562168,
ProbIems,167770,
ProbIems,147179,
ProbIems,573966,
ProbIems,401565,
ProbIems,138432,
ProbIems,864723,
ProbIems,220508,
ProbIems,127114,
ProbIems,1836379,
ProbIems,653327,
ProbIems,510413,
ProbIems,633204,
ProbIems,114889,
ProbIems,224828,
ProbIems,802069,
ProbIems,202934,
ProbIems,185579,
ProbIems,912139,
ProbIems,164551,
ProbIems,767060,
ProbIems,784761,
ProbIems,499457,
ProbIems,97561,
ProbIems,553230,
ProbIems,1516299,
ProbIems,104031,
ProbIems,855388,
ProbIems,626504,
ProbIems,112780,
ProbIems,750372,
ProbIems,1229094,
ProbIems,180989,
ProbIems,1182880,
ProbIems,1939193,
ProbIems,196975,
ProbIems,888197,
ProbIems,302205,
ProbIems,849732,
ProbIems,847787,
ProbIems,273156,
ProbIems,287821,
ProbIems,932651,
ProbIems,529720,
ProbIems,116042,
ProbIems,1074447,
ProbIems,315426,
ProbIems,391735,
ProbIems,2258546,
ProbIems,597509,
ProbIems,618628,
ProbIems,862862,
ProbIems,235693,
ProbIems,117547,
ProbIems,1617841,
ProbIems,401039,
ProbIems,819098,
ProbIems,1070904,
ProbIems,1017267,
ProbIems,261733,
ProbIems,1091974,
ProbIems,224096,
ProbIems,1019485,
ProbIems,2005827,
ProbIems,397695,
ProbIems,633654,
ProbIems,1337293,
ProbIems,163391,
ProbIems,179882,
ProbIems,1110118,
ProbIems,1739506,
ProbIems,811943,
ProbIems,741126,
ProbIems,207925,
ProbIems,294665,
ProbIems,680335,
ProbIems,161360,
ProbIems,357425,
ProbIems,1284988,
ProbIems,842753,
ProbIems,8430500,
ProbIems,958111,
ProbIems,2232508,
ProbIems,905197,
ProbIems,1788384,
ProbIems,483332,
ProbIems,446817,
ProbIems,1143750,
ProbIems,855847,
ProbIems,913490,
ProbIems,926497,
ProbIems,136305,
ProbIems,156389,
ProbIems,1533857,
ProbIems,163263,
ProbIems,131562,
ProbIems,1111371,
ProbIems,168196,
ProbIems,87332,
ProbIems,839504,
ProbIems,141377,
ProbIems,113085,
ProbIems,949248,
ProbIems,280010,
ProbIems,125717,
ProbIems,985168,
ProbIems,1422975,
ProbIems,219842,
ProbIems,1115466,
ProbIems,1026529,
ProbIems,203655,
ProbIems,872195,
ProbIems,119955,
ProbIems,155400,
ProbIems,1195457,
ProbIems,176594,
ProbIems,1222581,
ProbIems,836219,
ProbIems,115536,
ProbIems,586216,
ProbIems,852838,
ProbIems,1048469,
ProbIems,596636,
ProbIems,956985,
ProbIems,235935,
ProbIems,1658850,
ProbIems,972703,
ProbIems,221469,
ProbIems,337940,
ProbIems,776926,
ProbIems,428711,
ProbIems,130044,
ProbIems,1512307,
ProbIems,1863927,
ProbIems,549134,
ProbIems,1137254,
ProbIems,245429,
ProbIems,133756,
ProbIems,898632,
ProbIems,147391,
ProbIems,150961,
ProbIems,329768,
ProbIems,379970,
ProbIems,2320994,
ProbIems,695599,
ProbIems,149189,
ProbIems,151727,
ProbIems,2194721,
ProbIems,557162,
ProbIems,1811943,
ProbIems,2139696,
ProbIems,1128790,
ProbIems,223603,
ProbIems,1267734,
ProbIems,5878690,
ProbIems,1067076,
ProbIems,1405558,
ProbIems,266457,
ProbIems,205568,
ProbIems,1331475,
ProbIems,1174174,
ProbIems,241344,
ProbIems,208765,
ProbIems,1706261,
ProbIems,183916,
ProbIems,3328923,
ProbIems,880985,
ProbIems,265823,
ProbIems,382285,
ProbIems,947421,
ProbIems,179227,
ProbIems,116695,
ProbIems,1204500,
ProbIems,451804,
ProbIems,308926,
ProbIems,903662,
ProbIems,538337,
ProbIems,1819855,
ProbIems,2086978,
ProbIems,438922,
ProbIems,107802,
ProbIems,783157,
ProbIems,166329,
ProbIems,358010,
ProbIems,1470509,
ProbIems,437940,
ProbIems,178311,
ProbIems,1524642,
ProbIems,330531,
ProbIems,2392949,
ProbIems,1074173,
ProbIems,2148782,
ProbIems,231415,
ProbIems,3330733,
ProbIems,188051,
ProbIems,3918876,
ProbIems,1160580,
ProbIems,99377,
ProbIems,388929,
ProbIems,2050522,
ProbIems,243996,
ProbIems,5187633,
ProbIems,1397099,
ProbIems,433204,
ProbIems,267730,
ProbIems,684608,
ProbIems,185544,
ProbIems,501280,
ProbIems,1120379,
ProbIems,3297958,
ProbIems,396229,
ProbIems,1188572,
ProbIems,202503,
ProbIems,402555,
ProbIems,1570114,
ProbIems,214935,
ProbIems,976190,
ProbIems,939453,
ProbIems,267552,
ProbIems,459046,
ProbIems,1957704,
ProbIems,304273,
ProbIems,169201,
ProbIems,1219922,
ProbIems,2344808,
ProbIems,1004274,
ProbIems,1209367,
ProbIems,1401004,
ProbIems,434221,
ProbIems,1852003,
ProbIems,655155,
ProbIems,274578,
ProbIems,815912,
ProbIems,198835,
ProbIems,483743,
ProbIems,3234276,
ProbIems,158201,
ProbIems,289489,
ProbIems,1115787,
ProbIems,182050,
ProbIems,2075676,
ProbIems,1090981,
ProbIems,395505,
ProbIems,548347,
ProbIems,1817513,
ProbIems,360044,
ProbIems,141815,
ProbIems,1971754,
ProbIems,287131,
ProbIems,436265,
ProbIems,1178846,
ProbIems,197249,
ProbIems,351622,
ProbIems,1055126,
ProbIems,2265993,
ProbIems,263899,
ProbIems,1016980,
ProbIems,2619700,
ProbIems,873386,
ProbIems,1527317,
ProbIems,1638361,
ProbIems,312365,
ProbIems,2220179,
ProbIems,795646,
ProbIems,379415,
ProbIems,2386418,
ProbIems,182708,
ProbIems,1097049,
ProbIems,981452,
ProbIems,343724,
ProbIems,1798750,
ProbIems,1752775,
ProbIems,190965,
ProbIems,203836,
ProbIems,2104321,
ProbIems,726536,
ProbIems,296723,
ProbIems,1494394,
ProbIems,3856154,
ProbIems,490914,
ProbIems,1657119,
ProbIems,662404,
ProbIems,210787,
ProbIems,1747615,
ProbIems,172354,
ProbIems,583693,
ProbIems,971123,
ProbIems,196968,
ProbIems,601389,
ProbIems,884547,
ProbIems,146926,
ProbIems,631399,
ProbIems,1070775,
ProbIems,208831,
ProbIems,740729,
ProbIems,2904812,
ProbIems,313180,
ProbIems,523924,
ProbIems,3157142,
ProbIems,497533,
ProbIems,194930,
ProbIems,943077,
ProbIems,778930,
ProbIems,1715218,
ProbIems,629558,
ProbIems,943374,
ProbIems,3361945,
ProbIems,3323170,
ProbIems,592588,
ProbIems,343053,
ProbIems,1107940,
ProbIems,443665,
ProbIems,166860,
ProbIems,818513,
ProbIems,196916,
ProbIems,350110,
ProbIems,1395278,
ProbIems,330191,
ProbIems,347511,
ProbIems,1102334,
ProbIems,324740,
ProbIems,357554,
ProbIems,992400,
ProbIems,1399069,
ProbIems,651087,
ProbIems,1769864,
ProbIems,722819,
ProbIems,1052959,
ProbIems,2346180,
ProbIems,1713339,
ProbIems,337740,
ProbIems,1530095,
ProbIems,283255,
ProbIems,932405,
ProbIems,1982659,
ProbIems,853196,
ProbIems,354971,
ProbIems,692024,
ProbIems,466524,
ProbIems,339268,
ProbIems,2054561,
ProbIems,296041,
ProbIems,366793,
ProbIems,1915497,
ProbIems,271027,
ProbIems,197264,
ProbIems,1330378,
ProbIems,164719,
ProbIems,288752,
ProbIems,1696071,
ProbIems,1551575,
ProbIems,233453,
ProbIems,1354801,
ProbIems,295356,
ProbIems,296490,
ProbIems,1360594,
ProbIems,191072,
ProbIems,947699,
ProbIems,199248,
ProbIems,1254145,
ProbIems,307825,
ProbIems,628695,
ProbIems,926921,
ProbIems,218351,
ProbIems,319650,
ProbIems,1040590,
ProbIems,145973,
ProbIems,860163,
ProbIems,1229962,
ProbIems,528726,
ProbIems,190855,
ProbIems,1662376,
ProbIems,237200,
ProbIems,482756,
ProbIems,1324142,
ProbIems,279558,
ProbIems,2163246,
ProbIems,1342732,
ProbIems,566806,
ProbIems,208249,
ProbIems,2502417,
ProbIems,334745,
ProbIems,175751,
ProbIems,1856255,
ProbIems,201637,
ProbIems,165040,
ProbIems,1472482,
ProbIems,327720,
ProbIems,1207346,
ProbIems,143761,
ProbIems,729403,
ProbIems,166339,
ProbIems,414351,
ProbIems,1211169,
ProbIems,432366,
Kalli,1775,
Kalli,2846,
Kalli,35325,
Kalli,1979,
Kalli,5216,
Kalli,6904,
Kalli,2986,
Kalli,1694,
Kalli,5042,
Kalli,2355,
Kalli,47583,
Kalli,1740,
Kalli,3206,
Kalli,2547,
Kalli,10128,
Kalli,4825,
Kalli,769,
Kalli,458702,
Kalli,134086,
Kalli,1857,
Kalli,1274,
Kalli,101666,
Kalli,21099,
Kalli,878,
Kalli,421,
Kalli,3781,
Kalli,391,
Kalli,34306,
Kalli,11978,
Kalli,1258,
Kalli,693,
Kalli,449,
Kalli,427,
Kalli,3588,
Kalli,2239,
Kalli,320897,
Kalli,303176,
Kalli,3323,
Kalli,9167,
Kalli,2886,
Kalli,5353,
Kalli,27892,
Kalli,14441,
Kalli,15016,
Kalli,14036,
Kalli,17561,
Kalli,19036,
Kalli,13213,
Kalli,16997,
Kalli,8536,
Kalli,9450,
Kalli,2725,
Kalli,2760,
Kalli,31791,
Kalli,3161,
Kalli,94198,
Kalli,1634,
Kalli,16138,
Kalli,226006,
Kalli,784511,
Kalli,770146,
Kalli,1441695,
Kalli,1171352,
Kalli,312435,
Kalli,222558,
Kalli,118391,
Kalli,111042,
Kalli,111662,
Kalli,138640,
Kalli,140551,
Kalli,127843,
Kalli,171815,
Kalli,425596,
Kalli,127438,
Kalli,171194,
Kalli,69996,
Kalli,1908000,
Kalli,81032,
Kalli,1150381,
Kalli,1684764,
Kalli,1880970,
Kalli,137402308,
Kalli,929749,
Kalli,173105,
Kalli,596730,
Kalli,76454,
Kalli,538512,
Kalli,979087,
BANGTANTV,555444,
BANGTANTV,2080416,
BANGTANTV,420651,
BANGTANTV,527910,
BANGTANTV,216812,
BANGTANTV,577207,
BANGTANTV,209925,
BANGTANTV,1584907,
BANGTANTV,1550460,
BANGTANTV,1229849,
BANGTANTV,321732,
BANGTANTV,1365284,
BANGTANTV,2909368,
BANGTANTV,1188445,
BANGTANTV,1476795,
BANGTANTV,1092869,
BANGTANTV,431485,
BANGTANTV,652697,
BANGTANTV,592850,
BANGTANTV,254586,
BANGTANTV,203881,
BANGTANTV,1095940,
BANGTANTV,542508,
BANGTANTV,688776,
BANGTANTV,1689482,
BANGTANTV,3330227,
BANGTANTV,231836,
BANGTANTV,609332,
BANGTANTV,122325,
BANGTANTV,560226,
BANGTANTV,150481,
BANGTANTV,1360751,
BANGTANTV,1404834,
BANGTANTV,249711,
BANGTANTV,185733,
BANGTANTV,2007119,
BANGTANTV,260598,
BANGTANTV,263290,
BANGTANTV,563356,
BANGTANTV,271428,
BANGTANTV,343854,
BANGTANTV,674339,
BANGTANTV,394113,
BANGTANTV,1914723,
BANGTANTV,1222335,
BANGTANTV,1337636,
BANGTANTV,893966,
BANGTANTV,874271,
BANGTANTV,3994516,
BANGTANTV,651174,
BANGTANTV,413248,
BANGTANTV,1146211,
BANGTANTV,1304258,
BANGTANTV,631453,
BANGTANTV,1218641,
BANGTANTV,1162838,
BANGTANTV,1213910,
BANGTANTV,819003,
BANGTANTV,523173,
BANGTANTV,965907,
BANGTANTV,901020,
BANGTANTV,713440,
BANGTANTV,929204,
BANGTANTV,263614,
BANGTANTV,687718,
BANGTANTV,565438,
BANGTANTV,1269586,
BANGTANTV,182314,
BANGTANTV,376374,
BANGTANTV,1306461,
BANGTANTV,827950,
BANGTANTV,100102,
BANGTANTV,204077,
BANGTANTV,83510,
BANGTANTV,243300,
BANGTANTV,126262,
BANGTANTV,72830,
BANGTANTV,1086876,
BANGTANTV,199899,
BANGTANTV,173537,
BANGTANTV,129875,
BANGTANTV,129140,
BANGTANTV,173244,
BANGTANTV,376671,
BANGTANTV,311118,
BANGTANTV,172196,
BANGTANTV,412722,
BANGTANTV,246094,
BANGTANTV,84541,
BANGTANTV,1562918,
BANGTANTV,604717,
BANGTANTV,1197831,
BANGTANTV,1055013,
BANGTANTV,576908,
BANGTANTV,409534,
BANGTANTV,242024,
BANGTANTV,746491,
BANGTANTV,3670853,
BANGTANTV,3726440,
BANGTANTV,460212,
BANGTANTV,626443,
BANGTANTV,832595,
BANGTANTV,5385039,
BANGTANTV,1239723,
BANGTANTV,6431871,
BANGTANTV,1169283,
BANGTANTV,785196,
BANGTANTV,2038420,
BANGTANTV,856811,
BANGTANTV,495537,
BANGTANTV,2010745,
BANGTANTV,7403930,
BANGTANTV,494535,
BANGTANTV,4575679,
BANGTANTV,1471667,
BANGTANTV,2777442,
BANGTANTV,6928903,
BANGTANTV,9814194,
BANGTANTV,2014785,
BANGTANTV,343588,
BANGTANTV,4148876,
BANGTANTV,454778,
BANGTANTV,668966,
BANGTANTV,361916,
BANGTANTV,1695610,
BANGTANTV,752892,
BANGTANTV,6944368,
BANGTANTV,2592665,
BANGTANTV,4516476,
BANGTANTV,7443479,
BANGTANTV,2286742,
BANGTANTV,1498861,
BANGTANTV,12850055,
BANGTANTV,594867,
BANGTANTV,2348164,
BANGTANTV,2295687,
BANGTANTV,3696019,
BANGTANTV,2631616,
BANGTANTV,2140969,
BANGTANTV,888773,
BANGTANTV,900809,
BANGTANTV,858134,
BANGTANTV,1204674,
BANGTANTV,1072565,
BANGTANTV,749968,
BANGTANTV,1974723,
BANGTANTV,608683,
BANGTANTV,541800,
BANGTANTV,201115,
BANGTANTV,659307,
BANGTANTV,899653,
BANGTANTV,1588348,
BANGTANTV,638369,
BANGTANTV,1691507,
BANGTANTV,534778,
BANGTANTV,467514,
BANGTANTV,767659,
BANGTANTV,2193092,
BANGTANTV,2063504,
BANGTANTV,499500,
BANGTANTV,623986,
BANGTANTV,539796,
BANGTANTV,672888,
BANGTANTV,858020,
BANGTANTV,191549,
BANGTANTV,1229730,
BANGTANTV,2001238,
BANGTANTV,773441,
BANGTANTV,1224793,
BANGTANTV,597793,
BANGTANTV,297434,
BANGTANTV,161226,
BANGTANTV,736042,
BANGTANTV,647318,
BANGTANTV,735979,
BANGTANTV,2034725,
BANGTANTV,2342695,
BANGTANTV,496548,
BANGTANTV,468934,
BANGTANTV,246966,
BANGTANTV,869254,
BANGTANTV,3323697,
BANGTANTV,653091,
BANGTANTV,1074632,
BANGTANTV,816417,
BANGTANTV,575733,
BANGTANTV,516694,
BANGTANTV,5763372,
BANGTANTV,603431,
BANGTANTV,253545,
BANGTANTV,735058,
BANGTANTV,516105,
BANGTANTV,616602,
BANGTANTV,3682839,
BANGTANTV,603579,
BANGTANTV,535028,
BANGTANTV,1453870,
BANGTANTV,402175,
BANGTANTV,557636,
BANGTANTV,809314,
BANGTANTV,579623,
BANGTANTV,667829,
BANGTANTV,3233672,
BANGTANTV,503552,
BANGTANTV,1866953,
BANGTANTV,457960,
BANGTANTV,426803,
BANGTANTV,458469,
BANGTANTV,1436476,
BANGTANTV,330392,
BANGTANTV,206938,
BANGTANTV,190217,
BANGTANTV,197433,
BANGTANTV,565322,
BANGTANTV,553703,
BANGTANTV,1897226,
BANGTANTV,451695,
BANGTANTV,4114567,
BANGTANTV,2230529,
BANGTANTV,661326,
BANGTANTV,654310,
BANGTANTV,668393,
BANGTANTV,4825839,
BANGTANTV,337232,
BANGTANTV,400598,
BANGTANTV,2276262,
BANGTANTV,3041742,
BANGTANTV,737787,
BANGTANTV,295625,
BANGTANTV,481176,
BANGTANTV,589336,
BANGTANTV,348878,
BANGTANTV,2232773,
BANGTANTV,349075,
BANGTANTV,371295,
BANGTANTV,1144267,
BANGTANTV,197800,
BANGTANTV,131694,
BANGTANTV,123979,
BANGTANTV,124508,
BANGTANTV,399791,
BANGTANTV,388342,
BANGTANTV,620845,
BANGTANTV,1651189,
BANGTANTV,2690390,
BANGTANTV,4060063,
BANGTANTV,2552987,
BANGTANTV,483943,
BANGTANTV,3990374,
BANGTANTV,494747,
BANGTANTV,2086241,
BANGTANTV,3215454,
BANGTANTV,1640267,
BANGTANTV,2337941,
BANGTANTV,2866405,
BANGTANTV,2308322,
BANGTANTV,5868925,
BANGTANTV,296837,
BANGTANTV,1894205,
BANGTANTV,275092,
BANGTANTV,380650,
BANGTANTV,1882473,
BANGTANTV,802175,
BANGTANTV,322106,
BANGTANTV,1394509,
BANGTANTV,373973,
BANGTANTV,340178,
BANGTANTV,1143588,
BANGTANTV,257451,
BANGTANTV,1496801,
BANGTANTV,1304363,
BANGTANTV,552528,
BANGTANTV,3633679,
BANGTANTV,625420,
BANGTANTV,702321,
BANGTANTV,408413,
BANGTANTV,1657529,
BANGTANTV,711138,
BANGTANTV,445931,
BANGTANTV,2142702,
BANGTANTV,345074,
BANGTANTV,967198,
BANGTANTV,716478,
BANGTANTV,4090794,
BANGTANTV,521727,
BANGTANTV,663550,
BANGTANTV,588917,
BANGTANTV,7547922,
BANGTANTV,1834878,
BANGTANTV,2648329,
BANGTANTV,786722,
BANGTANTV,602447,
BANGTANTV,8272749,
BANGTANTV,299888,
BANGTANTV,232330,
BANGTANTV,535345,
BANGTANTV,217010,
BANGTANTV,168800,
BANGTANTV,229389,
BANGTANTV,325243,
BANGTANTV,259906,
BANGTANTV,344826,
BANGTANTV,418516,
BANGTANTV,2180357,
BANGTANTV,203106,
BANGTANTV,1631722,
BANGTANTV,442818,
BANGTANTV,828101,
BANGTANTV,1176950,
BANGTANTV,424968,
BANGTANTV,569970,
BANGTANTV,259611,
BANGTANTV,182239,
BANGTANTV,738873,
BANGTANTV,1450344,
BANGTANTV,313574,
BANGTANTV,751043,
BANGTANTV,863247,
BANGTANTV,226344,
BANGTANTV,1207513,
BANGTANTV,292305,
BANGTANTV,463433,
BANGTANTV,358685,
BANGTANTV,557173,
BANGTANTV,463452,
BANGTANTV,646159,
BANGTANTV,892776,
BANGTANTV,4236129,
BANGTANTV,1007363,
BANGTANTV,411824,
BANGTANTV,660474,
BANGTANTV,672686,
BANGTANTV,275530,
BANGTANTV,2562753,
BANGTANTV,427366,
BANGTANTV,857594,
BANGTANTV,334804,
BANGTANTV,1514684,
BANGTANTV,465512,
BANGTANTV,6659738,
BANGTANTV,1368002,
BANGTANTV,292833,
BANGTANTV,2423630,
BANGTANTV,807288,
BANGTANTV,2377316,
BANGTANTV,548171,
BANGTANTV,1526062,
BANGTANTV,1250799,
BANGTANTV,31014432,
BANGTANTV,1311036,
BANGTANTV,609328,
BANGTANTV,549965,
BANGTANTV,1002414,
BANGTANTV,2111714,
BANGTANTV,736392,
BANGTANTV,1427991,
BANGTANTV,1930093,
BANGTANTV,1370484,
BANGTANTV,2047018,
BANGTANTV,828755,
BANGTANTV,605143,
BANGTANTV,597730,
BANGTANTV,524177,
BANGTANTV,611636,
BANGTANTV,507086,
BANGTANTV,648292,
BANGTANTV,349487,
BANGTANTV,517264,
BANGTANTV,3008639,
BANGTANTV,503102,
BANGTANTV,692679,
BANGTANTV,814208,
BANGTANTV,545061,
BANGTANTV,2855024,
BANGTANTV,805384,
BANGTANTV,782469,
BANGTANTV,4492820,
BANGTANTV,761978,
BANGTANTV,1352977,
BANGTANTV,913466,
BANGTANTV,931703,
BANGTANTV,3348620,
BANGTANTV,660854,
BANGTANTV,818192,
BANGTANTV,1437233,
BANGTANTV,1443563,
BANGTANTV,4248570,
BANGTANTV,1364845,
BANGTANTV,4549460,
BANGTANTV,2282431,
BANGTANTV,721848,
BANGTANTV,2105325,
BANGTANTV,1155725,
BANGTANTV,2441332,
BANGTANTV,998711,
BANGTANTV,1273691,
BANGTANTV,759136,
BANGTANTV,1215821,
BANGTANTV,476973,
BANGTANTV,976243,
BANGTANTV,1014452,
BANGTANTV,562932,
BANGTANTV,790426,
BANGTANTV,718123,
BANGTANTV,353770,
BANGTANTV,391367,
BANGTANTV,6950303,
BANGTANTV,805527,
BANGTANTV,569536,
BANGTANTV,1724673,
BANGTANTV,6773308,
BANGTANTV,1920615,
BANGTANTV,1143661,
BANGTANTV,1410927,
BANGTANTV,463598,
BANGTANTV,1782113,
BANGTANTV,2083973,
BANGTANTV,1826374,
BANGTANTV,586071,
BANGTANTV,2327782,
BANGTANTV,10728914,
BANGTANTV,1785268,
BANGTANTV,16929881,
BANGTANTV,1436429,
BANGTANTV,3117037,
BANGTANTV,1258366,
BANGTANTV,1221041,
BANGTANTV,2103759,
BANGTANTV,1186652,
BANGTANTV,571422,
BANGTANTV,2245086,
BANGTANTV,2033836,
BANGTANTV,1421783,
BANGTANTV,2411492,
BANGTANTV,2497230,
BANGTANTV,1067083,
BANGTANTV,3817420,
BANGTANTV,2735232,
BANGTANTV,948246,
BANGTANTV,784008,
BANGTANTV,813510,
BANGTANTV,1236352,
BANGTANTV,728188,
BANGTANTV,1210858,
BANGTANTV,1932814,
BANGTANTV,706717,
BANGTANTV,2455012,
BANGTANTV,3331521,
BANGTANTV,2370328,
BANGTANTV,1055122,
BANGTANTV,1701993,
BANGTANTV,1790535,
BANGTANTV,3166474,
BANGTANTV,750473,
BANGTANTV,14778434,
BANGTANTV,18582846,
BANGTANTV,1475237,
BANGTANTV,2018230,
BANGTANTV,1983669,
BANGTANTV,998545,
BANGTANTV,10723828,
BANGTANTV,2853142,
BANGTANTV,428450,
BANGTANTV,525316,
BANGTANTV,509147,
BANGTANTV,326364,
BANGTANTV,597021,
BANGTANTV,1672154,
BANGTANTV,1498668,
BANGTANTV,633248,
BANGTANTV,1007244,
BANGTANTV,1618924,
BANGTANTV,1042713,
BANGTANTV,661652,
BANGTANTV,444800,
BANGTANTV,1312300,
BANGTANTV,850102,
BANGTANTV,880891,
BANGTANTV,349787,
BANGTANTV,1350198,
BANGTANTV,729589,
BANGTANTV,1105226,
BANGTANTV,2627614,
BANGTANTV,461271,
BANGTANTV,853762,
BANGTANTV,2032708,
BANGTANTV,370899,
BANGTANTV,828485,
BANGTANTV,385591,
BANGTANTV,414560,
BANGTANTV,291060,
BANGTANTV,508031,
BANGTANTV,1032249,
BANGTANTV,10248540,
BANGTANTV,401945,
BANGTANTV,1602887,
BANGTANTV,373174,
BANGTANTV,258561,
BANGTANTV,1104070,
Lucas Clash ON,315590,
Lucas Clash ON,250271,
Lucas Clash ON,359399,
Lucas Clash ON,458765,
Lucas Clash ON,368278,
Lucas Clash ON,411387,
Lucas Clash ON,480669,
Lucas Clash ON,452495,
Lucas Clash ON,448010,
Lucas Clash ON,476456,
Lucas Clash ON,539479,
Lucas Clash ON,407992,
Lucas Clash ON,448024,
Lucas Clash ON,843049,
Lucas Clash ON,733921,
Lucas Clash ON,277304,
Lucas Clash ON,632351,
Lucas Clash ON,1144903,
Lucas Clash ON,751550,
Lucas Clash ON,774020,
Lucas Clash ON,676515,
Lucas Clash ON,1129870,
Lucas Clash ON,556055,
Lucas Clash ON,728075,
Lucas Clash ON,224126,
Lucas Clash ON,412660,
Lucas Clash ON,647911,
Lucas Clash ON,690336,
Lucas Clash ON,655820,
Lucas Clash ON,573565,
Lucas Clash ON,635251,
Lucas Clash ON,668538,
Lucas Clash ON,891980,
Lucas Clash ON,1887053,
Lucas Clash ON,680278,
Lucas Clash ON,1428041,
Lucas Clash ON,655062,
Lucas Clash ON,1162447,
Lucas Clash ON,212147,
Lucas Clash ON,725726,
Lucas Clash ON,1116466,
Lucas Clash ON,408086,
Lucas Clash ON,718554,
Lucas Clash ON,433897,
Lucas Clash ON,151290,
Lucas Clash ON,179818,
Lucas Clash ON,622979,
Lucas Clash ON,409474,
Lucas Clash ON,677065,
Lucas Clash ON,373372,
Lucas Clash ON,1216850,
Lucas Clash ON,256089,
Lucas Clash ON,451438,
Lucas Clash ON,536829,
Lucas Clash ON,524895,
Lucas Clash ON,1610097,
Lucas Clash ON,382061,
Lucas Clash ON,245259,
Lucas Clash ON,434623,
Lucas Clash ON,190195,
Lucas Clash ON,329575,
Lucas Clash ON,646987,
Lucas Clash ON,822739,
Lucas Clash ON,716780,
Lucas Clash ON,1623461,
Lucas Clash ON,231610,
Lucas Clash ON,100794,
Lucas Clash ON,1521318,
Lucas Clash ON,633576,
Lucas Clash ON,1286493,
Lucas Clash ON,979510,
Lucas Clash ON,697630,
Lucas Clash ON,417233,
Lucas Clash ON,1037151,
Lucas Clash ON,439543,
Lucas Clash ON,687892,
Lucas Clash ON,677154,
Lucas Clash ON,1500575,
Lucas Clash ON,2001367,
Lucas Clash ON,714954,
Lucas Clash ON,1286123,
Lucas Clash ON,570790,
Lucas Clash ON,615860,
Lucas Clash ON,911445,
Lucas Clash ON,594132,
Lucas Clash ON,849679,
Lucas Clash ON,1238781,
Lucas Clash ON,745119,
Lucas Clash ON,1837721,
Lucas Clash ON,149934,
Lucas Clash ON,1648712,
Lucas Clash ON,1259214,
Lucas Clash ON,632539,
Lucas Clash ON,1112210,
Lucas Clash ON,877361,
Lucas Clash ON,760175,
Lucas Clash ON,912764,
Lucas Clash ON,477974,
Lucas Clash ON,2036355,
Lucas Clash ON,1711667,
Lucas Clash ON,261649,
Lucas Clash ON,714794,
Lucas Clash ON,1023078,
Lucas Clash ON,1385073,
Lucas Clash ON,1373096,
Lucas Clash ON,594681,
Lucas Clash ON,1128686,
Lucas Clash ON,1049004,
Lucas Clash ON,858319,
Lucas Clash ON,1329820,
Lucas Clash ON,566755,
Lucas Clash ON,3094783,
Lucas Clash ON,1288417,
Lucas Clash ON,1166273,
Lucas Clash ON,1078831,
Lucas Clash ON,222276,
Lucas Clash ON,961513,
Lucas Clash ON,886445,
Lucas Clash ON,1460518,
Lucas Clash ON,502882,
Lucas Clash ON,2583061,
Lucas Clash ON,3019961,
Lucas Clash ON,2607036,
Lucas Clash ON,982111,
Lucas Clash ON,279749,
Lucas Clash ON,1696853,
Lucas Clash ON,1952210,
Lucas Clash ON,2580455,
Lucas Clash ON,893525,
Lucas Clash ON,986458,
Lucas Clash ON,1707806,
Lucas Clash ON,1337016,
Lucas Clash ON,379562,
Lucas Clash ON,396626,
Lucas Clash ON,528798,
Lucas Clash ON,1166666,
Lucas Clash ON,2750441,
Lucas Clash ON,880169,
Lucas Clash ON,1325138,
Lucas Clash ON,691294,
Lucas Clash ON,2446225,
Lucas Clash ON,2254178,
Lucas Clash ON,428427,
Lucas Clash ON,3267814,
Lucas Clash ON,379776,
Lucas Clash ON,2886026,
Lucas Clash ON,919590,
Lucas Clash ON,2142999,
Lucas Clash ON,816599,
Lucas Clash ON,634342,
Lucas Clash ON,450599,
Lucas Clash ON,3263204,
Lucas Clash ON,765569,
Lucas Clash ON,3137841,
Lucas Clash ON,3078156,
Lucas Clash ON,1734802,
Lucas Clash ON,1241566,
Lucas Clash ON,618343,
Lucas Clash ON,1140619,
Lucas Clash ON,587061,
Lucas Clash ON,3296167,
Lucas Clash ON,449348,
Lucas Clash ON,1519246,
Lucas Clash ON,532300,
Lucas Clash ON,2337273,
Lucas Clash ON,387174,
Lucas Clash ON,920170,
Lucas Clash ON,1085941,
Lucas Clash ON,389907,
Lucas Clash ON,70644,
Lucas Clash ON,1172144,
Lucas Clash ON,1234275,
Lucas Clash ON,1258544,
Lucas Clash ON,1580157,
Lucas Clash ON,2032326,
Lucas Clash ON,1763271,
Lucas Clash ON,1060598,
Lucas Clash ON,662986,
Lucas Clash ON,594807,
Lucas Clash ON,420018,
Lucas Clash ON,799423,
Lucas Clash ON,1114127,
Lucas Clash ON,1354229,
Lucas Clash ON,180652,
Lucas Clash ON,1349194,
Lucas Clash ON,1788926,
Lucas Clash ON,210457,
Lucas Clash ON,1254405,
Lucas Clash ON,424273,
Lucas Clash ON,2000438,
Lucas Clash ON,370484,
Lucas Clash ON,962396,
Lucas Clash ON,970639,
Lucas Clash ON,2885120,
Lucas Clash ON,426220,
Lucas Clash ON,1669202,
Lucas Clash ON,668329,
Lucas Clash ON,2857655,
Lucas Clash ON,488460,
Lucas Clash ON,1096271,
Lucas Clash ON,1790324,
Lucas Clash ON,284536,
Lucas Clash ON,679504,
Lucas Clash ON,176685,
Lucas Clash ON,506206,
Lucas Clash ON,376809,
Lucas Clash ON,1114798,
Lucas Clash ON,831810,
Lucas Clash ON,1357136,
Lucas Clash ON,784385,
Lucas Clash ON,548692,
Lucas Clash ON,537852,
Lucas Clash ON,919876,
Lucas Clash ON,740588,
Lucas Clash ON,811913,
Lucas Clash ON,2833900,
Lucas Clash ON,679772,
Lucas Clash ON,536625,
Lucas Clash ON,129970,
Lucas Clash ON,458550,
Lucas Clash ON,1305034,
Lucas Clash ON,723653,
Lucas Clash ON,1220126,
Lucas Clash ON,527725,
Lucas Clash ON,3983851,
Lucas Clash ON,832126,
Lucas Clash ON,1206895,
Lucas Clash ON,541938,
Lucas Clash ON,675096,
Lucas Clash ON,312605,
Lucas Clash ON,520586,
Lucas Clash ON,1167763,
Lucas Clash ON,1289616,
Lucas Clash ON,2073361,
Lucas Clash ON,395267,
Lucas Clash ON,709349,
Lucas Clash ON,612940,
Lucas Clash ON,687580,
Lucas Clash ON,541694,
Lucas Clash ON,429661,
Lucas Clash ON,711238,
Lucas Clash ON,647160,
Lucas Clash ON,244267,
Lucas Clash ON,3267493,
Lucas Clash ON,1263212,
Lucas Clash ON,722681,
Lucas Clash ON,212122,
Lucas Clash ON,574739,
Lucas Clash ON,810197,
Lucas Clash ON,138941,
Lucas Clash ON,783193,
Lucas Clash ON,959757,
Lucas Clash ON,497553,
Lucas Clash ON,836782,
Lucas Clash ON,328459,
Lucas Clash ON,1369745,
Lucas Clash ON,152245,
Lucas Clash ON,333329,
Lucas Clash ON,344673,
Lucas Clash ON,1107278,
Lucas Clash ON,594521,
Lucas Clash ON,839534,
Lucas Clash ON,79197,
Lucas Clash ON,686635,
Lucas Clash ON,580523,
Lucas Clash ON,1911668,
Lucas Clash ON,266344,
Lucas Clash ON,388575,
Lucas Clash ON,443309,
Lucas Clash ON,812989,
Lucas Clash ON,177921,
Lucas Clash ON,260830,
Lucas Clash ON,500961,
Lucas Clash ON,446678,
Lucas Clash ON,651106,
Lucas Clash ON,294924,
Lucas Clash ON,619346,
Lucas Clash ON,2229131,
Lucas Clash ON,1068248,
Lucas Clash ON,386172,
Lucas Clash ON,314377,
Lucas Clash ON,1286689,
Lucas Clash ON,539945,
Lucas Clash ON,999107,
Lucas Clash ON,761944,
Lucas Clash ON,1319464,
Lucas Clash ON,1019793,
Lucas Clash ON,428925,
Lucas Clash ON,231880,
Lucas Clash ON,451850,
Lucas Clash ON,814648,
Lucas Clash ON,668047,
Lucas Clash ON,719650,
Lucas Clash ON,788111,
Lucas Clash ON,212425,
Lucas Clash ON,604308,
Lucas Clash ON,311712,
Lucas Clash ON,450872,
Lucas Clash ON,652834,
Lucas Clash ON,342371,
Lucas Clash ON,411624,
Lucas Clash ON,1104991,
Lucas Clash ON,363413,
Lucas Clash ON,638924,
Lucas Clash ON,622117,
Lucas Clash ON,349675,
Lucas Clash ON,564538,
Lucas Clash ON,296492,
Lucas Clash ON,362425,
Lucas Clash ON,134252,
Lucas Clash ON,328675,
Lucas Clash ON,344880,
Lucas Clash ON,729629,
Lucas Clash ON,289484,
Lucas Clash ON,695000,
Lucas Clash ON,1063616,
Lucas Clash ON,288724,
Lucas Clash ON,310752,
Lucas Clash ON,968327,
Lucas Clash ON,183165,
Lucas Clash ON,1350668,
Lucas Clash ON,439130,
Lucas Clash ON,375351,
Lucas Clash ON,274146,
Lucas Clash ON,591775,
Lucas Clash ON,381260,
Lucas Clash ON,1038049,
Lucas Clash ON,585349,
Lucas Clash ON,555245,
Lucas Clash ON,303729,
Lucas Clash ON,856031,
Lucas Clash ON,768239,
Lucas Clash ON,1263387,
Lucas Clash ON,369714,
Lucas Clash ON,1143559,
Lucas Clash ON,517561,
Lucas Clash ON,1505911,
Lucas Clash ON,999607,
Lucas Clash ON,357337,
Lucas Clash ON,468484,
Lucas Clash ON,1801520,
Lucas Clash ON,356898,
Lucas Clash ON,806866,
Lucas Clash ON,688709,
Lucas Clash ON,1839046,
Lucas Clash ON,1053507,
Lucas Clash ON,984491,
Lucas Clash ON,467290,
Lucas Clash ON,703469,
Lucas Clash ON,254145,
Lucas Clash ON,392927,
Lucas Clash ON,581979,
Lucas Clash ON,287699,
Lucas Clash ON,777467,
Lucas Clash ON,714703,
Lucas Clash ON,1310245,
Lucas Clash ON,374459,
Lucas Clash ON,731747,
Lucas Clash ON,541140,
Lucas Clash ON,445096,
Lucas Clash ON,425802,
Lucas Clash ON,374060,
Lucas Clash ON,529262,
Lucas Clash ON,417939,
Lucas Clash ON,841186,
Lucas Clash ON,1123991,
Lucas Clash ON,563228,
Lucas Clash ON,880265,
Lucas Clash ON,1015094,
Lucas Clash ON,555311,
Lucas Clash ON,1044370,
Lucas Clash ON,549957,
Lucas Clash ON,676880,
Lucas Clash ON,169905,
Lucas Clash ON,359693,
Lucas Clash ON,730769,
Lucas Clash ON,545795,
Lucas Clash ON,299908,
Lucas Clash ON,860702,
Lucas Clash ON,620050,
Lucas Clash ON,1012552,
Lucas Clash ON,454647,
Lucas Clash ON,383192,
Lucas Clash ON,132854,
Lucas Clash ON,314892,
Lucas Clash ON,207597,
Lucas Clash ON,623960,
Lucas Clash ON,592742,
Lucas Clash ON,914780,
Lucas Clash ON,760658,
Lucas Clash ON,759419,
Lucas Clash ON,2033045,
Lucas Clash ON,876008,
Lucas Clash ON,486085,
Lucas Clash ON,1260189,
Lucas Clash ON,690018,
Lucas Clash ON,879615,
Lucas Clash ON,790740,
Lucas Clash ON,1808365,
Lucas Clash ON,301647,
Lucas Clash ON,648225,
Lucas Clash ON,718737,
Lucas Clash ON,1736698,
Lucas Clash ON,2339071,
Lucas Clash ON,1635867,
Lucas Clash ON,482512,
Lucas Clash ON,440099,
Lucas Clash ON,809843,
Lucas Clash ON,1121164,
Lucas Clash ON,299751,
Lucas Clash ON,582506,
Lucas Clash ON,1056629,
Lucas Clash ON,405648,
Lucas Clash ON,669735,
Lucas Clash ON,573205,
Lucas Clash ON,305237,
Lucas Clash ON,732996,
Lucas Clash ON,218295,
Lucas Clash ON,330799,
Lucas Clash ON,691276,
Lucas Clash ON,903982,
Lucas Clash ON,951360,
Lucas Clash ON,1222444,
Lucas Clash ON,2698555,
Lucas Clash ON,2788752,
Lucas Clash ON,837195,
Lucas Clash ON,862392,
Lucas Clash ON,270956,
Lucas Clash ON,382512,
Lucas Clash ON,1961350,
Lucas Clash ON,1052391,
Lucas Clash ON,1787999,
Lucas Clash ON,629769,
Lucas Clash ON,603548,
Lucas Clash ON,589761,
Lucas Clash ON,799234,
Lucas Clash ON,1181399,
Lucas Clash ON,555437,
Lucas Clash ON,376087,
Lucas Clash ON,3117397,
Lucas Clash ON,328713,
Lucas Clash ON,449318,
Lucas Clash ON,1390800,
Lucas Clash ON,587950,
Lucas Clash ON,1695076,
Lucas Clash ON,550402,
Lucas Clash ON,418389,
Lucas Clash ON,480348,
Lucas Clash ON,592712,
Lucas Clash ON,2324350,
Lucas Clash ON,2654528,
Lucas Clash ON,81638,
Lucas Clash ON,631005,
Lucas Clash ON,1197439,
Lucas Clash ON,1717280,
Lucas Clash ON,242670,
Lucas Clash ON,920579,
Lucas Clash ON,2949867,
Lucas Clash ON,579424,
Lucas Clash ON,772114,
Lucas Clash ON,604662,
Lucas Clash ON,1103368,
Lucas Clash ON,275174,
Lucas Clash ON,4986964,
Lucas Clash ON,2209050,
Lucas Clash ON,606876,
Lucas Clash ON,701730,
Lucas Clash ON,1558948,
Lucas Clash ON,1190882,
Lucas Clash ON,1592803,
Lucas Clash ON,575115,
Lucas Clash ON,721637,
Lucas Clash ON,345031,
Lucas Clash ON,329714,
Lucas Clash ON,1071289,
Lucas Clash ON,899360,
Lucas Clash ON,1589569,
Lucas Clash ON,921712,
Lucas Clash ON,880483,
Lucas Clash ON,599443,
Lucas Clash ON,1069237,
Lucas Clash ON,629396,
Lucas Clash ON,328637,
Lucas Clash ON,611893,
Lucas Clash ON,1493691,
Lucas Clash ON,350884,
Lucas Clash ON,288624,
Lucas Clash ON,868525,
Lucas Clash ON,1545168,
Lucas Clash ON,1588596,
Lucas Clash ON,1491205,
Lucas Clash ON,1439688,
Lucas Clash ON,1179916,
Lucas Clash ON,864307,
Lucas Clash ON,81143,
Lucas Clash ON,445633,
Lucas Clash ON,784268,
Lucas Clash ON,885145,
Lucas Clash ON,196622,
Funk dos Fluxos,65,
Funk dos Fluxos,287,
Funk dos Fluxos,2037,
Funk dos Fluxos,2490,
Funk dos Fluxos,11838,
Funk dos Fluxos,473,
Funk dos Fluxos,120214,
Funk dos Fluxos,1038,
Funk dos Fluxos,862,
Funk dos Fluxos,22678,
Funk dos Fluxos,4065,
Funk dos Fluxos,2312,
Funk dos Fluxos,1587,
Funk dos Fluxos,758,
Funk dos Fluxos,302620,
Funk dos Fluxos,845,
Funk dos Fluxos,627,
Funk dos Fluxos,4412,
Funk dos Fluxos,512930,
Funk dos Fluxos,6881,
Funk dos Fluxos,3740,
Funk dos Fluxos,305444,
Funk dos Fluxos,5726,
Funk dos Fluxos,4335,
Funk dos Fluxos,1284,
Funk dos Fluxos,98065,
Funk dos Fluxos,2747,
Funk dos Fluxos,5252,
Funk dos Fluxos,92125,
Funk dos Fluxos,107605,
Funk dos Fluxos,96765,
Funk dos Fluxos,1919,
Funk dos Fluxos,3168,
Funk dos Fluxos,3081,
Funk dos Fluxos,11296,
Funk dos Fluxos,12321,
Funk dos Fluxos,210183,
Funk dos Fluxos,90491,
Funk dos Fluxos,142312,
Funk dos Fluxos,64229,
Funk dos Fluxos,760,
Funk dos Fluxos,791,
Funk dos Fluxos,88542,
Funk dos Fluxos,4351,
Funk dos Fluxos,254072,
Funk dos Fluxos,3664,
Funk dos Fluxos,1325,
Funk dos Fluxos,1482,
Funk dos Fluxos,146018,
Funk dos Fluxos,10310,
Funk dos Fluxos,849,
Funk dos Fluxos,1977,
Funk dos Fluxos,1485,
Funk dos Fluxos,39315,
Funk dos Fluxos,4264,
Funk dos Fluxos,2173,
Funk dos Fluxos,1395,
Funk dos Fluxos,1391,
Funk dos Fluxos,1927,
Funk dos Fluxos,1173,
Funk dos Fluxos,3375,
Funk dos Fluxos,44894,
Funk dos Fluxos,3546,
Funk dos Fluxos,4766,
Funk dos Fluxos,1958,
Funk dos Fluxos,2277,
Funk dos Fluxos,1153,
Funk dos Fluxos,762,
Funk dos Fluxos,3311,
Funk dos Fluxos,48128,
Funk dos Fluxos,207144,
Funk dos Fluxos,3643,
Funk dos Fluxos,1177,
Funk dos Fluxos,3095,
Funk dos Fluxos,4948,
Funk dos Fluxos,1888,
Funk dos Fluxos,10467,
Funk dos Fluxos,365,
Funk dos Fluxos,19082,
Funk dos Fluxos,356,
Funk dos Fluxos,413,
Funk dos Fluxos,2013,
Funk dos Fluxos,298043,
Funk dos Fluxos,2173,
Funk dos Fluxos,2165,
Funk dos Fluxos,2928,
Funk dos Fluxos,2262,
Funk dos Fluxos,367332,
Funk dos Fluxos,88388,
Funk dos Fluxos,125996,
Funk dos Fluxos,168486,
Funk dos Fluxos,1303,
Funk dos Fluxos,4788,
Funk dos Fluxos,1784,
Funk dos Fluxos,1616,
Funk dos Fluxos,1108,
Funk dos Fluxos,3481,
Funk dos Fluxos,3759,
Funk dos Fluxos,500,
Funk dos Fluxos,3577,
Funk dos Fluxos,3775,
Funk dos Fluxos,418,
Funk dos Fluxos,12540,
Funk dos Fluxos,2229,
Funk dos Fluxos,488,
Funk dos Fluxos,2244,
Funk dos Fluxos,1009,
Funk dos Fluxos,272468,
Funk dos Fluxos,4020,
Funk dos Fluxos,3097,
Funk dos Fluxos,364,
Funk dos Fluxos,2531,
Funk dos Fluxos,1587,
Funk dos Fluxos,354,
Funk dos Fluxos,647,
Funk dos Fluxos,1744,
Funk dos Fluxos,3136,
Funk dos Fluxos,164,
Funk dos Fluxos,669,
Funk dos Fluxos,973,
Funk dos Fluxos,3483,
Funk dos Fluxos,713,
Funk dos Fluxos,2305,
Funk dos Fluxos,403,
Funk dos Fluxos,963,
Funk dos Fluxos,1863,
Funk dos Fluxos,295575,
Funk dos Fluxos,1532,
Funk dos Fluxos,3342,
Funk dos Fluxos,2602,
Funk dos Fluxos,501,
Funk dos Fluxos,697,
Funk dos Fluxos,1373,
Funk dos Fluxos,1230,
Funk dos Fluxos,2744,
Funk dos Fluxos,1186,
Funk dos Fluxos,2226,
Funk dos Fluxos,1372,
Funk dos Fluxos,1088,
Funk dos Fluxos,486,
Funk dos Fluxos,380,
Funk dos Fluxos,2850,
Funk dos Fluxos,26114,
Funk dos Fluxos,1532,
Funk dos Fluxos,678,
Funk dos Fluxos,324,
Funk dos Fluxos,257,
Funk dos Fluxos,45959,
Funk dos Fluxos,506,
Funk dos Fluxos,452,
Funk dos Fluxos,1141,
Funk dos Fluxos,819,
Funk dos Fluxos,2490,
Funk dos Fluxos,1205,
Funk dos Fluxos,813,
Funk dos Fluxos,832,
Funk dos Fluxos,2490,
Funk dos Fluxos,1354,
Funk dos Fluxos,612,
Funk dos Fluxos,3033,
Funk dos Fluxos,2681,
Funk dos Fluxos,825,
Funk dos Fluxos,164,
Funk dos Fluxos,3555,
Funk dos Fluxos,228,
Funk dos Fluxos,4913,
Funk dos Fluxos,1145,
Funk dos Fluxos,198,
Funk dos Fluxos,235,
Funk dos Fluxos,243,
Funk dos Fluxos,2256,
Funk dos Fluxos,1820,
Funk dos Fluxos,1878,
Funk dos Fluxos,2235,
Funk dos Fluxos,963,
Funk dos Fluxos,1245,
Funk dos Fluxos,2191,
Funk dos Fluxos,5544,
Funk dos Fluxos,1550,
Funk dos Fluxos,223,
Funk dos Fluxos,1131,
Funk dos Fluxos,6498,
Funk dos Fluxos,403,
Funk dos Fluxos,1098,
Funk dos Fluxos,305,
Funk dos Fluxos,1140,
Funk dos Fluxos,986,
Funk dos Fluxos,585,
Funk dos Fluxos,2094,
Funk dos Fluxos,354,
Funk dos Fluxos,225,
Funk dos Fluxos,501448,
Funk dos Fluxos,627,
Funk dos Fluxos,281,
Funk dos Fluxos,1847,
Funk dos Fluxos,3145,
Funk dos Fluxos,1198,
Funk dos Fluxos,1819,
Funk dos Fluxos,13726,
Funk dos Fluxos,570,
Funk dos Fluxos,1191,
Funk dos Fluxos,2877,
Funk dos Fluxos,321,
Funk dos Fluxos,786,
Funk dos Fluxos,5286,
Funk dos Fluxos,2248,
Funk dos Fluxos,551,
Funk dos Fluxos,689,
Funk dos Fluxos,3084,
Funk dos Fluxos,2642,
Funk dos Fluxos,485,
Funk dos Fluxos,13352,
Funk dos Fluxos,613,
Funk dos Fluxos,6110,
Funk dos Fluxos,14029,
Funk dos Fluxos,26564,
Funk dos Fluxos,1561,
Funk dos Fluxos,2372,
Funk dos Fluxos,1430,
Funk dos Fluxos,3493,
Funk dos Fluxos,581,
Funk dos Fluxos,957,
Funk dos Fluxos,390,
Funk dos Fluxos,3993,
Funk dos Fluxos,7835,
Funk dos Fluxos,26020,
Funk dos Fluxos,2180,
Funk dos Fluxos,440,
Funk dos Fluxos,1574,
Funk dos Fluxos,401,
Funk dos Fluxos,754,
Funk dos Fluxos,1109,
Funk dos Fluxos,12240,
Funk dos Fluxos,602,
Funk dos Fluxos,1263,
Funk dos Fluxos,2135,
Funk dos Fluxos,1238,
Funk dos Fluxos,786,
Funk dos Fluxos,13774,
Funk dos Fluxos,501,
Funk dos Fluxos,1296,
Funk dos Fluxos,436,
Funk dos Fluxos,342,
Funk dos Fluxos,1055,
Funk dos Fluxos,3166,
Funk dos Fluxos,464,
Funk dos Fluxos,3058,
Funk dos Fluxos,1356,
Funk dos Fluxos,1531,
Funk dos Fluxos,1518,
Funk dos Fluxos,2467,
Funk dos Fluxos,341,
Funk dos Fluxos,322,
Funk dos Fluxos,3906,
Funk dos Fluxos,1601,
Funk dos Fluxos,4278,
Funk dos Fluxos,357,
Funk dos Fluxos,797,
Funk dos Fluxos,2896,
Funk dos Fluxos,1505,
Funk dos Fluxos,11781,
Funk dos Fluxos,1280,
Funk dos Fluxos,2120,
Funk dos Fluxos,345,
Funk dos Fluxos,1084,
Funk dos Fluxos,2333,
Funk dos Fluxos,7580,
Funk dos Fluxos,543,
Funk dos Fluxos,383,
Funk dos Fluxos,3144,
Funk dos Fluxos,301,
Funk dos Fluxos,468,
Funk dos Fluxos,1247,
Funk dos Fluxos,3478,
Funk dos Fluxos,2236,
Funk dos Fluxos,4483,
Funk dos Fluxos,3876,
Funk dos Fluxos,2737,
Funk dos Fluxos,1606,
Funk dos Fluxos,4391,
Funk dos Fluxos,2400,
Funk dos Fluxos,2327,
Funk dos Fluxos,2300,
Funk dos Fluxos,15874,
Funk dos Fluxos,483,
Funk dos Fluxos,2357,
Funk dos Fluxos,31716,
Funk dos Fluxos,3180,
Funk dos Fluxos,2155,
Funk dos Fluxos,906,
Funk dos Fluxos,3751,
Funk dos Fluxos,1159,
Funk dos Fluxos,765,
Funk dos Fluxos,1523,
Funk dos Fluxos,2562,
Funk dos Fluxos,2522,
Funk dos Fluxos,4032,
Funk dos Fluxos,1832,
Funk dos Fluxos,1672,
Funk dos Fluxos,3712,
Funk dos Fluxos,2654,
Funk dos Fluxos,2078,
Funk dos Fluxos,14861,
Funk dos Fluxos,3801,
Funk dos Fluxos,7889,
Funk dos Fluxos,1953,
Funk dos Fluxos,1434,
Funk dos Fluxos,300150,
Funk dos Fluxos,777,
Funk dos Fluxos,2365,
Funk dos Fluxos,888,
Funk dos Fluxos,14420,
Funk dos Fluxos,2025,
Funk dos Fluxos,2881,
Funk dos Fluxos,2171785,
Funk dos Fluxos,3192,
Funk dos Fluxos,1875,
Funk dos Fluxos,2107,
Funk dos Fluxos,1829,
Funk dos Fluxos,3230,
Funk dos Fluxos,1993,
Funk dos Fluxos,1430,
Funk dos Fluxos,10498,
Funk dos Fluxos,9754,
Funk dos Fluxos,2653,
Funk dos Fluxos,4141,
Funk dos Fluxos,1217,
Funk dos Fluxos,3366,
Funk dos Fluxos,459,
Funk dos Fluxos,1492,
Funk dos Fluxos,824,
Funk dos Fluxos,1010,
Funk dos Fluxos,612,
Funk dos Fluxos,2200,
Funk dos Fluxos,717,
Funk dos Fluxos,468,
Funk dos Fluxos,10100,
Funk dos Fluxos,1111,
Funk dos Fluxos,1317,
Funk dos Fluxos,1682,
Funk dos Fluxos,128534,
Funk dos Fluxos,2804,
Funk dos Fluxos,1843,
Funk dos Fluxos,1921,
Funk dos Fluxos,1266,
Funk dos Fluxos,751,
Funk dos Fluxos,3895,
Funk dos Fluxos,11697,
Funk dos Fluxos,874,
Funk dos Fluxos,1562,
Funk dos Fluxos,2304,
Funk dos Fluxos,699,
Funk dos Fluxos,46624,
Funk dos Fluxos,18972,
Funk dos Fluxos,852,
Funk dos Fluxos,508,
Funk dos Fluxos,1373,
Funk dos Fluxos,1439,
Funk dos Fluxos,963,
Funk dos Fluxos,581,
Funk dos Fluxos,2307,
Funk dos Fluxos,372,
Funk dos Fluxos,957,
Funk dos Fluxos,773,
Funk dos Fluxos,831,
Funk dos Fluxos,956,
Funk dos Fluxos,1458,
Funk dos Fluxos,341,
Funk dos Fluxos,2876,
Funk dos Fluxos,99675,
Funk dos Fluxos,2236,
Funk dos Fluxos,806,
Funk dos Fluxos,350,
Funk dos Fluxos,413,
Funk dos Fluxos,598,
Funk dos Fluxos,433,
Funk dos Fluxos,473,
Funk dos Fluxos,560,
Funk dos Fluxos,2682,
Funk dos Fluxos,753,
Funk dos Fluxos,2115,
Funk dos Fluxos,590,
Funk dos Fluxos,23198,
Funk dos Fluxos,4436,
Funk dos Fluxos,748,
Funk dos Fluxos,2074,
Funk dos Fluxos,1447,
Funk dos Fluxos,1024,
Funk dos Fluxos,200352,
Funk dos Fluxos,1019,
Funk dos Fluxos,2101,
Funk dos Fluxos,972,
Funk dos Fluxos,2107,
Funk dos Fluxos,701,
Funk dos Fluxos,302271,
Funk dos Fluxos,430,
Funk dos Fluxos,322,
Funk dos Fluxos,1438,
Funk dos Fluxos,748,
Funk dos Fluxos,340,
Funk dos Fluxos,1791,
Funk dos Fluxos,569,
Funk dos Fluxos,1164,
Funk dos Fluxos,2123,
Funk dos Fluxos,411,
Funk dos Fluxos,1407,
Funk dos Fluxos,1943,
Funk dos Fluxos,3238,
Funk dos Fluxos,932,
Funk dos Fluxos,11906,
Funk dos Fluxos,921,
Funk dos Fluxos,1912,
Funk dos Fluxos,1273,
Funk dos Fluxos,808,
Funk dos Fluxos,893,
Funk dos Fluxos,2432,
Funk dos Fluxos,3640,
Funk dos Fluxos,493,
Funk dos Fluxos,152371,
Funk dos Fluxos,7576,
Funk dos Fluxos,44602,
Funk dos Fluxos,315685,
Funk dos Fluxos,3531,
Funk dos Fluxos,242966,
Funk dos Fluxos,94628,
Funk dos Fluxos,7307,
Funk dos Fluxos,5625,
Funk dos Fluxos,1318,
Funk dos Fluxos,978,
Funk dos Fluxos,183875,
Funk dos Fluxos,86770,
Funk dos Fluxos,2977,
Funk dos Fluxos,6119,
Funk dos Fluxos,999,
Funk dos Fluxos,252224,
Funk dos Fluxos,120768,
Funk dos Fluxos,626,
Funk dos Fluxos,1103,
Funk dos Fluxos,1262,
Funk dos Fluxos,7332,
Funk dos Fluxos,323,
Funk dos Fluxos,969,
Funk dos Fluxos,560,
Funk dos Fluxos,831,
Funk dos Fluxos,15441,
Funk dos Fluxos,2726,
Funk dos Fluxos,915,
Funk dos Fluxos,1327,
Funk dos Fluxos,747,
Funk dos Fluxos,901,
Funk dos Fluxos,3378,
Funk dos Fluxos,2250,
Funk dos Fluxos,1508,
Funk dos Fluxos,1304,
Funk dos Fluxos,491,
Funk dos Fluxos,83275,
Funk dos Fluxos,486,
Funk dos Fluxos,594,
Funk dos Fluxos,1494,
Funk dos Fluxos,1331,
Funk dos Fluxos,834,
Funk dos Fluxos,22544,
Funk dos Fluxos,399,
Funk dos Fluxos,938,
Funk dos Fluxos,68568,
Funk dos Fluxos,618,
Funk dos Fluxos,4424,
Funk dos Fluxos,1850,
Funk dos Fluxos,1099,
Funk dos Fluxos,385,
Funk dos Fluxos,12547,
Funk dos Fluxos,1143,
Funk dos Fluxos,3708,
Funk dos Fluxos,635,
Funk dos Fluxos,9297,
Funk dos Fluxos,2689,
Funk dos Fluxos,1445,
Funk dos Fluxos,10177,
Funk dos Fluxos,846,
Funk dos Fluxos,1724,
Funk dos Fluxos,16815,
Funk dos Fluxos,476,
Funk dos Fluxos,636,
Funk dos Fluxos,758,
Funk dos Fluxos,1006,
Funk dos Fluxos,1363,
Funk dos Fluxos,1797,
Funk dos Fluxos,593,
Funk dos Fluxos,453,
Funk dos Fluxos,1376,
Funk dos Fluxos,1191,
Funk dos Fluxos,1618,
Funk dos Fluxos,972,
Funk dos Fluxos,5936,
Funk dos Fluxos,1073,
Funk dos Fluxos,325853,
Funk dos Fluxos,773,
Funk dos Fluxos,3081,
Funk dos Fluxos,1116292,
Netflix Brasil,297,
Netflix Brasil,1475,
Netflix Brasil,1206,
Netflix Brasil,10313,
Netflix Brasil,9479,
Netflix Brasil,76053,
Netflix Brasil,68066,
Netflix Brasil,9517,
Netflix Brasil,10646,
Netflix Brasil,75931,
Netflix Brasil,169540,
Netflix Brasil,14024,
Netflix Brasil,10202,
Netflix Brasil,21547,
Netflix Brasil,28476,
Netflix Brasil,6984,
Netflix Brasil,11571,
Netflix Brasil,23041,
Netflix Brasil,31539,
Netflix Brasil,27649,
Netflix Brasil,294951,
Netflix Brasil,40147,
Netflix Brasil,755404,
Netflix Brasil,109353,
Netflix Brasil,28617,
Netflix Brasil,13993,
Netflix Brasil,18605,
Netflix Brasil,23872,
Netflix Brasil,356962,
Netflix Brasil,27176,
Netflix Brasil,2557373,
Netflix Brasil,72375,
Netflix Brasil,40252,
Netflix Brasil,33244,
Netflix Brasil,38691,
Netflix Brasil,2064413,
Netflix Brasil,156096,
Netflix Brasil,36012,
Netflix Brasil,38866,
Netflix Brasil,357616,
Netflix Brasil,27625,
Netflix Brasil,350159,
Netflix Brasil,48771,
Netflix Brasil,20873,
Netflix Brasil,38684,
Netflix Brasil,43222,
Netflix Brasil,4320,
Netflix Brasil,36283092,
Netflix Brasil,107610,
Netflix Brasil,6852,
Netflix Brasil,23730,
Netflix Brasil,36712,
Netflix Brasil,820159,
Netflix Brasil,41922,
Netflix Brasil,30129,
Netflix Brasil,19858,
Netflix Brasil,16681,
Netflix Brasil,573739,
Netflix Brasil,29045,
Netflix Brasil,31656,
Netflix Brasil,36038,
Netflix Brasil,26952,
Netflix Brasil,57658,
Netflix Brasil,19749,
Netflix Brasil,28371,
Netflix Brasil,13768,
Netflix Brasil,692400,
Netflix Brasil,70428,
Netflix Brasil,30827,
Netflix Brasil,969848,
Netflix Brasil,235154,
Netflix Brasil,55840,
Netflix Brasil,23063,
Netflix Brasil,26588,
Netflix Brasil,103919,
Netflix Brasil,30215,
Netflix Brasil,99484,
Netflix Brasil,15568,
Netflix Brasil,18770,
Netflix Brasil,9124,
Netflix Brasil,1254260,
Netflix Brasil,32185,
Netflix Brasil,43388,
Netflix Brasil,17006,
Netflix Brasil,32093,
Netflix Brasil,19513,
Netflix Brasil,18430,
Netflix Brasil,32024,
Netflix Brasil,100517,
Netflix Brasil,33450770,
Netflix Brasil,27501,
Netflix Brasil,16254,
Netflix Brasil,4348420,
Netflix Brasil,105261,
Netflix Brasil,59189,
Netflix Brasil,1304050,
Netflix Brasil,21565,
Netflix Brasil,15282,
Netflix Brasil,2294613,
Netflix Brasil,2381663,
Netflix Brasil,20526,
Netflix Brasil,3051958,
Netflix Brasil,32214,
Netflix Brasil,971976,
Netflix Brasil,30725,
Netflix Brasil,387649,
Netflix Brasil,30838,
Netflix Brasil,18783,
Netflix Brasil,24071,
Netflix Brasil,38753,
Netflix Brasil,136029,
Netflix Brasil,60283,
Netflix Brasil,35011,
Netflix Brasil,22868,
Netflix Brasil,32461,
Netflix Brasil,14669,
Netflix Brasil,19010,
Netflix Brasil,34023,
Netflix Brasil,1296747,
Netflix Brasil,823424,
Netflix Brasil,47060,
Netflix Brasil,12462,
Netflix Brasil,984096,
Netflix Brasil,28359,
Netflix Brasil,1216483,
Netflix Brasil,50347,
Netflix Brasil,12405,
Netflix Brasil,26648,
Netflix Brasil,2713524,
Netflix Brasil,4650,
Netflix Brasil,75616,
Netflix Brasil,2828556,
Netflix Brasil,1234517,
Netflix Brasil,1226178,
Netflix Brasil,31181,
Netflix Brasil,6340,
Netflix Brasil,32785,
Netflix Brasil,42880,
Netflix Brasil,48851,
Netflix Brasil,527079,
Netflix Brasil,64167,
Netflix Brasil,53823,
Netflix Brasil,353931,
Netflix Brasil,404369,
Netflix Brasil,36383,
Netflix Brasil,14228,
Netflix Brasil,67055,
Netflix Brasil,27481,
Netflix Brasil,132780,
Netflix Brasil,247576,
Netflix Brasil,11546,
Netflix Brasil,27554,
Netflix Brasil,41565,
Netflix Brasil,40589,
Netflix Brasil,56652,
Netflix Brasil,22802,
Netflix Brasil,28117,
Netflix Brasil,36941,
Netflix Brasil,71100,
Netflix Brasil,367927,
Netflix Brasil,154424,
Netflix Brasil,678280,
Netflix Brasil,152927,
Netflix Brasil,32497,
Netflix Brasil,111772,
Netflix Brasil,41442,
Netflix Brasil,23121,
Netflix Brasil,35875,
Netflix Brasil,54156,
Netflix Brasil,2490,
Netflix Brasil,176794,
Netflix Brasil,99823,
Netflix Brasil,94473,
Netflix Brasil,78672,
Netflix Brasil,239808,
Netflix Brasil,141353,
Netflix Brasil,63311,
Netflix Brasil,49898,
Netflix Brasil,778996,
Netflix Brasil,38100,
Netflix Brasil,79606,
Netflix Brasil,93232,
Netflix Brasil,102155,
Netflix Brasil,99780,
Netflix Brasil,586830,
Netflix Brasil,366155,
Netflix Brasil,54811,
Netflix Brasil,43869,
Netflix Brasil,1039660,
Netflix Brasil,56312,
Netflix Brasil,62810,
Netflix Brasil,120244,
Netflix Brasil,43434,
Netflix Brasil,140678,
Netflix Brasil,1562441,
Netflix Brasil,57211,
Netflix Brasil,1406169,
Netflix Brasil,192188,
Netflix Brasil,36130,
Netflix Brasil,155113,
Netflix Brasil,330662,
Netflix Brasil,1249409,
Netflix Brasil,324311,
Netflix Brasil,29825,
Netflix Brasil,390194,
Netflix Brasil,64957,
Netflix Brasil,44296,
Netflix Brasil,270323,
Netflix Brasil,158267,
Netflix Brasil,221804,
Netflix Brasil,62575,
Netflix Brasil,97295,
Netflix Brasil,616833,
Netflix Brasil,141225,
Netflix Brasil,43165,
Netflix Brasil,577207,
Netflix Brasil,161827,
Netflix Brasil,92422,
Netflix Brasil,44540,
Netflix Brasil,51284,
Netflix Brasil,84577,
Netflix Brasil,120113,
Netflix Brasil,38234,
Netflix Brasil,405577,
Netflix Brasil,654448,
Netflix Brasil,61994,
Netflix Brasil,28099,
Netflix Brasil,546821,
Netflix Brasil,29415,
Netflix Brasil,32464,
Netflix Brasil,43445,
Netflix Brasil,21860,
Netflix Brasil,301191,
Netflix Brasil,60686,
Netflix Brasil,53695,
Netflix Brasil,2332613,
Netflix Brasil,1510803,
Netflix Brasil,48332,
Netflix Brasil,40655,
Netflix Brasil,668808,
Netflix Brasil,33987,
Netflix Brasil,350536,
Netflix Brasil,310896,
Netflix Brasil,1410077,
Netflix Brasil,200041,
Netflix Brasil,341843,
Netflix Brasil,47247,
Netflix Brasil,19503,
Netflix Brasil,65749,
Netflix Brasil,19881,
Netflix Brasil,38088,
Netflix Brasil,72144,
Netflix Brasil,16286,
Netflix Brasil,19069,
Netflix Brasil,92250,
Netflix Brasil,1568171,
Netflix Brasil,16645,
Netflix Brasil,94388,
Netflix Brasil,42048,
Netflix Brasil,6819,
Netflix Brasil,56441,
Netflix Brasil,94535,
Netflix Brasil,3780551,
Netflix Brasil,5327653,
Netflix Brasil,378145,
Netflix Brasil,83678,
Netflix Brasil,2073374,
Netflix Brasil,17155,
Netflix Brasil,73563,
Netflix Brasil,623586,
Netflix Brasil,24773,
Netflix Brasil,6078753,
Netflix Brasil,136480,
Netflix Brasil,10957493,
Netflix Brasil,289095,
Netflix Brasil,11520,
Netflix Brasil,118040,
Netflix Brasil,11016,
Netflix Brasil,412430,
Netflix Brasil,20373,
Netflix Brasil,30949,
Netflix Brasil,27449,
Netflix Brasil,2646470,
Netflix Brasil,274657,
Netflix Brasil,3542768,
Netflix Brasil,27383,
Netflix Brasil,30470,
Netflix Brasil,11336,
Netflix Brasil,130909,
Netflix Brasil,4336,
Netflix Brasil,100790,
Netflix Brasil,37229,
Netflix Brasil,445483,
Netflix Brasil,43726,
Netflix Brasil,425673,
Netflix Brasil,8865,
Netflix Brasil,50957,
Netflix Brasil,12769,
Netflix Brasil,761774,
Netflix Brasil,805214,
Netflix Brasil,58419,
Netflix Brasil,458776,
Netflix Brasil,41828,
Netflix Brasil,66267,
Netflix Brasil,23690,
Netflix Brasil,17391,
Netflix Brasil,1522799,
Netflix Brasil,25171,
Netflix Brasil,67772,
Netflix Brasil,73324,
Netflix Brasil,86581,
Netflix Brasil,2762318,
Netflix Brasil,847361,
Netflix Brasil,187698,
Netflix Brasil,1146643,
Netflix Brasil,691911,
Netflix Brasil,291411,
Netflix Brasil,6586,
Netflix Brasil,400653,
Netflix Brasil,29899,
Netflix Brasil,373472,
Netflix Brasil,28534,
Netflix Brasil,164022,
Netflix Brasil,27754,
Netflix Brasil,720107,
Netflix Brasil,126932,
Netflix Brasil,55947,
Netflix Brasil,164016,
Netflix Brasil,776061,
Netflix Brasil,72556,
Netflix Brasil,93196,
Netflix Brasil,7181608,
Netflix Brasil,1597482,
Netflix Brasil,1600342,
Netflix Brasil,17122,
Netflix Brasil,72392,
Netflix Brasil,77377,
Netflix Brasil,1451441,
Netflix Brasil,64617,
Netflix Brasil,25965,
Netflix Brasil,63359,
Netflix Brasil,109162,
Netflix Brasil,1006709,
Netflix Brasil,60439,
Netflix Brasil,80899,
Netflix Brasil,277763,
Netflix Brasil,290052,
Netflix Brasil,141994,
Netflix Brasil,233120,
Netflix Brasil,194379,
Netflix Brasil,36085,
Netflix Brasil,1820830,
Netflix Brasil,258787,
Netflix Brasil,69910,
Netflix Brasil,45872,
Netflix Brasil,78262,
Netflix Brasil,55099,
Netflix Brasil,90004,
Netflix Brasil,75521,
Netflix Brasil,196380,
Netflix Brasil,518029,
Netflix Brasil,98449,
Netflix Brasil,281615,
Netflix Brasil,4525582,
Netflix Brasil,250434,
Netflix Brasil,17336,
Netflix Brasil,103616,
Netflix Brasil,45113,
Netflix Brasil,32718,
Netflix Brasil,202341,
Netflix Brasil,39828,
Netflix Brasil,321264,
Netflix Brasil,40963,
Netflix Brasil,139760,
Netflix Brasil,646824,
Netflix Brasil,187604,
Netflix Brasil,8076,
Netflix Brasil,470782,
Netflix Brasil,37044,
Netflix Brasil,39674,
Netflix Brasil,67040,
Netflix Brasil,2662620,
Netflix Brasil,43978,
Netflix Brasil,87918,
Netflix Brasil,104558,
Netflix Brasil,231654,
Netflix Brasil,764999,
Netflix Brasil,41151,
Netflix Brasil,635946,
Netflix Brasil,933515,
Netflix Brasil,73259,
Netflix Brasil,19797,
Netflix Brasil,1068535,
Netflix Brasil,326863,
Netflix Brasil,33094,
Netflix Brasil,123117,
Netflix Brasil,40385,
Netflix Brasil,2185053,
Netflix Brasil,19478,
Netflix Brasil,40737,
Netflix Brasil,1546346,
Netflix Brasil,419498,
Netflix Brasil,39726,
Netflix Brasil,35158,
Netflix Brasil,26758,
Netflix Brasil,24625,
Netflix Brasil,410899,
Netflix Brasil,166100,
Netflix Brasil,44083,
Netflix Brasil,4994,
Netflix Brasil,76992,
Netflix Brasil,28199,
Netflix Brasil,6788798,
Netflix Brasil,2915578,
Netflix Brasil,33741,
Netflix Brasil,50209,
Netflix Brasil,99196,
Netflix Brasil,103895,
Netflix Brasil,7739,
Netflix Brasil,40500,
Netflix Brasil,13208,
Netflix Brasil,298812,
Netflix Brasil,39663,
Netflix Brasil,4816687,
Netflix Brasil,181195,
Netflix Brasil,1075885,
Netflix Brasil,52098,
Netflix Brasil,20661,
Netflix Brasil,13145,
Netflix Brasil,48928,
Netflix Brasil,22496,
Netflix Brasil,50340,
Netflix Brasil,835903,
Netflix Brasil,24597,
Netflix Brasil,22968,
Netflix Brasil,24319,
Netflix Brasil,384806,
Netflix Brasil,122587,
Netflix Brasil,54968,
Netflix Brasil,30118,
Netflix Brasil,4951,
Netflix Brasil,257176,
Netflix Brasil,95047,
Netflix Brasil,28255,
Netflix Brasil,51431,
Netflix Brasil,41502,
Netflix Brasil,50342,
Netflix Brasil,10210,
Netflix Brasil,22809,
Netflix Brasil,35419,
Netflix Brasil,14748,
Netflix Brasil,1220828,
Netflix Brasil,1352122,
Netflix Brasil,6724,
Netflix Brasil,278315,
Netflix Brasil,696109,
Netflix Brasil,53305,
Netflix Brasil,71254,
Netflix Brasil,884418,
Netflix Brasil,12238,
Netflix Brasil,37014,
Netflix Brasil,12131,
Netflix Brasil,16766,
Netflix Brasil,24958,
Netflix Brasil,160122,
Netflix Brasil,242213,
Netflix Brasil,17380,
Netflix Brasil,17362,
Netflix Brasil,2260190,
Netflix Brasil,145721,
Netflix Brasil,29523,
Netflix Brasil,24851,
Netflix Brasil,24300,
Netflix Brasil,41643,
Netflix Brasil,35416,
Netflix Brasil,1698980,
Netflix Brasil,171183,
Netflix Brasil,30377,
Netflix Brasil,19743,
Netflix Brasil,52087,
Netflix Brasil,189864,
Netflix Brasil,18572,
Netflix Brasil,39327,
Netflix Brasil,31844,
Netflix Brasil,20442,
Netflix Brasil,5258386,
Netflix Brasil,19441,
Netflix Brasil,141934,
Netflix Brasil,30796,
Netflix Brasil,2654550,
Netflix Brasil,28230,
Netflix Brasil,28753,
Netflix Brasil,19397,
Netflix Brasil,251628,
Netflix Brasil,109783,
Netflix Brasil,32208,
Netflix Brasil,80821,
Netflix Brasil,169832,
Netflix Brasil,5993,
MaxMRM GAMEPLAY,13667,
MaxMRM GAMEPLAY,146005,
MaxMRM GAMEPLAY,84699,
MaxMRM GAMEPLAY,96784,
MaxMRM GAMEPLAY,321198,
MaxMRM GAMEPLAY,163186,
MaxMRM GAMEPLAY,131797,
MaxMRM GAMEPLAY,132995,
MaxMRM GAMEPLAY,150929,
MaxMRM GAMEPLAY,411509,
MaxMRM GAMEPLAY,176236,
MaxMRM GAMEPLAY,126615,
MaxMRM GAMEPLAY,219179,
MaxMRM GAMEPLAY,440928,
MaxMRM GAMEPLAY,159208,
MaxMRM GAMEPLAY,105115,
MaxMRM GAMEPLAY,182299,
MaxMRM GAMEPLAY,115139,
MaxMRM GAMEPLAY,87269,
MaxMRM GAMEPLAY,103816,
MaxMRM GAMEPLAY,107862,
MaxMRM GAMEPLAY,93994,
MaxMRM GAMEPLAY,203542,
MaxMRM GAMEPLAY,155345,
MaxMRM GAMEPLAY,274976,
MaxMRM GAMEPLAY,125177,
MaxMRM GAMEPLAY,154885,
MaxMRM GAMEPLAY,218885,
MaxMRM GAMEPLAY,157502,
MaxMRM GAMEPLAY,64110,
MaxMRM GAMEPLAY,64259,
MaxMRM GAMEPLAY,82675,
MaxMRM GAMEPLAY,136234,
MaxMRM GAMEPLAY,371718,
MaxMRM GAMEPLAY,197041,
MaxMRM GAMEPLAY,115655,
MaxMRM GAMEPLAY,152390,
MaxMRM GAMEPLAY,158342,
MaxMRM GAMEPLAY,112923,
MaxMRM GAMEPLAY,271045,
MaxMRM GAMEPLAY,116990,
MaxMRM GAMEPLAY,148058,
MaxMRM GAMEPLAY,148423,
MaxMRM GAMEPLAY,198295,
MaxMRM GAMEPLAY,159259,
MaxMRM GAMEPLAY,42413,
MaxMRM GAMEPLAY,65518,
MaxMRM GAMEPLAY,209512,
MaxMRM GAMEPLAY,66996,
MaxMRM GAMEPLAY,146806,
MaxMRM GAMEPLAY,145473,
MaxMRM GAMEPLAY,123199,
MaxMRM GAMEPLAY,171973,
MaxMRM GAMEPLAY,120422,
MaxMRM GAMEPLAY,216916,
MaxMRM GAMEPLAY,109355,
MaxMRM GAMEPLAY,106997,
MaxMRM GAMEPLAY,125859,
MaxMRM GAMEPLAY,182405,
MaxMRM GAMEPLAY,200893,
MaxMRM GAMEPLAY,208723,
MaxMRM GAMEPLAY,122002,
MaxMRM GAMEPLAY,113238,
MaxMRM GAMEPLAY,161426,
MaxMRM GAMEPLAY,124142,
MaxMRM GAMEPLAY,179801,
MaxMRM GAMEPLAY,192041,
MaxMRM GAMEPLAY,171678,
MaxMRM GAMEPLAY,128332,
MaxMRM GAMEPLAY,205997,
MaxMRM GAMEPLAY,93558,
MaxMRM GAMEPLAY,204869,
MaxMRM GAMEPLAY,264330,
MaxMRM GAMEPLAY,250935,
MaxMRM GAMEPLAY,701021,
MaxMRM GAMEPLAY,134484,
MaxMRM GAMEPLAY,161538,
MaxMRM GAMEPLAY,111657,
MaxMRM GAMEPLAY,152476,
MaxMRM GAMEPLAY,140902,
MaxMRM GAMEPLAY,60422,
MaxMRM GAMEPLAY,327373,
MaxMRM GAMEPLAY,189317,
MaxMRM GAMEPLAY,98933,
MaxMRM GAMEPLAY,126552,
MaxMRM GAMEPLAY,180549,
MaxMRM GAMEPLAY,137456,
MaxMRM GAMEPLAY,167643,
MaxMRM GAMEPLAY,133744,
MaxMRM GAMEPLAY,140706,
MaxMRM GAMEPLAY,144903,
MaxMRM GAMEPLAY,231679,
MaxMRM GAMEPLAY,64040,
MaxMRM GAMEPLAY,150875,
MaxMRM GAMEPLAY,175844,
MaxMRM GAMEPLAY,143437,
MaxMRM GAMEPLAY,123730,
MaxMRM GAMEPLAY,585626,
MaxMRM GAMEPLAY,164071,
MaxMRM GAMEPLAY,176829,
MaxMRM GAMEPLAY,35607,
MaxMRM GAMEPLAY,168536,
MaxMRM GAMEPLAY,222053,
MaxMRM GAMEPLAY,215473,
MaxMRM GAMEPLAY,95574,
MaxMRM GAMEPLAY,191754,
MaxMRM GAMEPLAY,219654,
MaxMRM GAMEPLAY,158095,
MaxMRM GAMEPLAY,65968,
MaxMRM GAMEPLAY,291141,
MaxMRM GAMEPLAY,139457,
MaxMRM GAMEPLAY,89662,
MaxMRM GAMEPLAY,110827,
MaxMRM GAMEPLAY,151902,
MaxMRM GAMEPLAY,106845,
MaxMRM GAMEPLAY,348662,
MaxMRM GAMEPLAY,182527,
MaxMRM GAMEPLAY,94568,
MaxMRM GAMEPLAY,242768,
MaxMRM GAMEPLAY,144333,
MaxMRM GAMEPLAY,125274,
MaxMRM GAMEPLAY,161816,
MaxMRM GAMEPLAY,153165,
MaxMRM GAMEPLAY,225651,
MaxMRM GAMEPLAY,118623,
MaxMRM GAMEPLAY,80269,
MaxMRM GAMEPLAY,158045,
MaxMRM GAMEPLAY,131639,
MaxMRM GAMEPLAY,108264,
MaxMRM GAMEPLAY,121508,
MaxMRM GAMEPLAY,194467,
MaxMRM GAMEPLAY,140756,
MaxMRM GAMEPLAY,129837,
MaxMRM GAMEPLAY,180405,
MaxMRM GAMEPLAY,143448,
MaxMRM GAMEPLAY,148165,
MaxMRM GAMEPLAY,233042,
MaxMRM GAMEPLAY,122360,
MaxMRM GAMEPLAY,178477,
MaxMRM GAMEPLAY,174516,
MaxMRM GAMEPLAY,114465,
MaxMRM GAMEPLAY,261935,
MaxMRM GAMEPLAY,193226,
MaxMRM GAMEPLAY,124278,
MaxMRM GAMEPLAY,256824,
MaxMRM GAMEPLAY,235973,
MaxMRM GAMEPLAY,194810,
MaxMRM GAMEPLAY,200306,
MaxMRM GAMEPLAY,73567,
MaxMRM GAMEPLAY,169326,
MaxMRM GAMEPLAY,112512,
MaxMRM GAMEPLAY,261678,
MaxMRM GAMEPLAY,135859,
MaxMRM GAMEPLAY,139885,
MaxMRM GAMEPLAY,149075,
MaxMRM GAMEPLAY,120624,
MaxMRM GAMEPLAY,104485,
MaxMRM GAMEPLAY,81967,
MaxMRM GAMEPLAY,251246,
MaxMRM GAMEPLAY,248322,
MaxMRM GAMEPLAY,129640,
MaxMRM GAMEPLAY,197197,
MaxMRM GAMEPLAY,98354,
MaxMRM GAMEPLAY,155031,
MaxMRM GAMEPLAY,346809,
MaxMRM GAMEPLAY,199845,
MaxMRM GAMEPLAY,157500,
MaxMRM GAMEPLAY,289627,
MaxMRM GAMEPLAY,380191,
MaxMRM GAMEPLAY,265862,
MaxMRM GAMEPLAY,245560,
MaxMRM GAMEPLAY,248403,
MaxMRM GAMEPLAY,123290,
MaxMRM GAMEPLAY,309287,
MaxMRM GAMEPLAY,197189,
MaxMRM GAMEPLAY,118029,
MaxMRM GAMEPLAY,204958,
MaxMRM GAMEPLAY,159919,
MaxMRM GAMEPLAY,302980,
MaxMRM GAMEPLAY,169007,
MaxMRM GAMEPLAY,244803,
MaxMRM GAMEPLAY,90167,
MaxMRM GAMEPLAY,137618,
MaxMRM GAMEPLAY,121938,
MaxMRM GAMEPLAY,138562,
MaxMRM GAMEPLAY,504218,
MaxMRM GAMEPLAY,211827,
MaxMRM GAMEPLAY,113303,
MaxMRM GAMEPLAY,142368,
MaxMRM GAMEPLAY,383547,
MaxMRM GAMEPLAY,226626,
MaxMRM GAMEPLAY,209256,
MaxMRM GAMEPLAY,164740,
MaxMRM GAMEPLAY,110364,
MaxMRM GAMEPLAY,338373,
MaxMRM GAMEPLAY,144404,
MaxMRM GAMEPLAY,88433,
MaxMRM GAMEPLAY,1002974,
MaxMRM GAMEPLAY,52754,
MaxMRM GAMEPLAY,119746,
MaxMRM GAMEPLAY,240492,
MaxMRM GAMEPLAY,50273,
MaxMRM GAMEPLAY,230555,
MaxMRM GAMEPLAY,283406,
MaxMRM GAMEPLAY,167423,
MaxMRM GAMEPLAY,147876,
MaxMRM GAMEPLAY,289766,
MaxMRM GAMEPLAY,91169,
MaxMRM GAMEPLAY,174722,
MaxMRM GAMEPLAY,128647,
MaxMRM GAMEPLAY,126376,
MaxMRM GAMEPLAY,380592,
MaxMRM GAMEPLAY,278319,
MaxMRM GAMEPLAY,211207,
MaxMRM GAMEPLAY,261734,
MaxMRM GAMEPLAY,281793,
MaxMRM GAMEPLAY,199091,
MaxMRM GAMEPLAY,133926,
MaxMRM GAMEPLAY,378706,
MaxMRM GAMEPLAY,580124,
MaxMRM GAMEPLAY,121028,
MaxMRM GAMEPLAY,181330,
MaxMRM GAMEPLAY,355824,
MaxMRM GAMEPLAY,102708,
MaxMRM GAMEPLAY,191422,
MaxMRM GAMEPLAY,293261,
MaxMRM GAMEPLAY,135888,
MaxMRM GAMEPLAY,84176,
MaxMRM GAMEPLAY,342740,
MaxMRM GAMEPLAY,63011,
MaxMRM GAMEPLAY,109093,
MaxMRM GAMEPLAY,182360,
MaxMRM GAMEPLAY,289794,
MaxMRM GAMEPLAY,260510,
MaxMRM GAMEPLAY,187881,
MaxMRM GAMEPLAY,403339,
MaxMRM GAMEPLAY,192551,
MaxMRM GAMEPLAY,191951,
MaxMRM GAMEPLAY,186205,
MaxMRM GAMEPLAY,221503,
MaxMRM GAMEPLAY,58612,
MaxMRM GAMEPLAY,118938,
MaxMRM GAMEPLAY,225310,
MaxMRM GAMEPLAY,181543,
MaxMRM GAMEPLAY,176612,
MaxMRM GAMEPLAY,220320,
MaxMRM GAMEPLAY,148451,
MaxMRM GAMEPLAY,139575,
MaxMRM GAMEPLAY,67885,
MaxMRM GAMEPLAY,508239,
MaxMRM GAMEPLAY,241795,
MaxMRM GAMEPLAY,220500,
MaxMRM GAMEPLAY,191229,
MaxMRM GAMEPLAY,142592,
MaxMRM GAMEPLAY,127618,
MaxMRM GAMEPLAY,1195668,
MaxMRM GAMEPLAY,368745,
MaxMRM GAMEPLAY,231329,
MaxMRM GAMEPLAY,224531,
MaxMRM GAMEPLAY,233945,
MaxMRM GAMEPLAY,114228,
MaxMRM GAMEPLAY,236243,
MaxMRM GAMEPLAY,188843,
MaxMRM GAMEPLAY,150807,
MaxMRM GAMEPLAY,115188,
MaxMRM GAMEPLAY,197896,
MaxMRM GAMEPLAY,469368,
MaxMRM GAMEPLAY,151483,
MaxMRM GAMEPLAY,128831,
MaxMRM GAMEPLAY,257819,
MaxMRM GAMEPLAY,235706,
MaxMRM GAMEPLAY,493398,
MaxMRM GAMEPLAY,161453,
MaxMRM GAMEPLAY,273539,
MaxMRM GAMEPLAY,178678,
MaxMRM GAMEPLAY,108183,
MaxMRM GAMEPLAY,211911,
MaxMRM GAMEPLAY,170726,
MaxMRM GAMEPLAY,224903,
MaxMRM GAMEPLAY,222126,
MaxMRM GAMEPLAY,184255,
MaxMRM GAMEPLAY,167123,
MaxMRM GAMEPLAY,304206,
MaxMRM GAMEPLAY,227814,
MaxMRM GAMEPLAY,657576,
MaxMRM GAMEPLAY,143280,
MaxMRM GAMEPLAY,237685,
MaxMRM GAMEPLAY,279367,
MaxMRM GAMEPLAY,334076,
MaxMRM GAMEPLAY,810716,
MaxMRM GAMEPLAY,264901,
MaxMRM GAMEPLAY,159256,
MaxMRM GAMEPLAY,266569,
MaxMRM GAMEPLAY,125610,
MaxMRM GAMEPLAY,48098,
MaxMRM GAMEPLAY,246098,
MaxMRM GAMEPLAY,100233,
MaxMRM GAMEPLAY,186394,
MaxMRM GAMEPLAY,139995,
MaxMRM GAMEPLAY,306117,
MaxMRM GAMEPLAY,197688,
MaxMRM GAMEPLAY,231574,
MaxMRM GAMEPLAY,163414,
MaxMRM GAMEPLAY,168552,
MaxMRM GAMEPLAY,218854,
MaxMRM GAMEPLAY,176573,
MaxMRM GAMEPLAY,268568,
MaxMRM GAMEPLAY,137539,
MaxMRM GAMEPLAY,215947,
MaxMRM GAMEPLAY,210520,
MaxMRM GAMEPLAY,305240,
MaxMRM GAMEPLAY,498990,
MaxMRM GAMEPLAY,194016,
MaxMRM GAMEPLAY,176271,
MaxMRM GAMEPLAY,121091,
MaxMRM GAMEPLAY,192368,
MaxMRM GAMEPLAY,322973,
MaxMRM GAMEPLAY,71872,
MaxMRM GAMEPLAY,247615,
MaxMRM GAMEPLAY,322641,
MaxMRM GAMEPLAY,480942,
MaxMRM GAMEPLAY,539171,
MaxMRM GAMEPLAY,231557,
MaxMRM GAMEPLAY,206864,
MaxMRM GAMEPLAY,116808,
MaxMRM GAMEPLAY,100592,
MaxMRM GAMEPLAY,171155,
MaxMRM GAMEPLAY,199380,
MaxMRM GAMEPLAY,222042,
MaxMRM GAMEPLAY,234249,
MaxMRM GAMEPLAY,277430,
MaxMRM GAMEPLAY,170014,
MaxMRM GAMEPLAY,163928,
MaxMRM GAMEPLAY,298484,
MaxMRM GAMEPLAY,210896,
MaxMRM GAMEPLAY,157639,
MaxMRM GAMEPLAY,330897,
MaxMRM GAMEPLAY,253431,
MaxMRM GAMEPLAY,188892,
MaxMRM GAMEPLAY,547807,
MaxMRM GAMEPLAY,295779,
MaxMRM GAMEPLAY,102018,
MaxMRM GAMEPLAY,187211,
MaxMRM GAMEPLAY,216602,
MaxMRM GAMEPLAY,127066,
MaxMRM GAMEPLAY,262450,
MaxMRM GAMEPLAY,66887,
MaxMRM GAMEPLAY,436806,
MaxMRM GAMEPLAY,146968,
MaxMRM GAMEPLAY,210955,
MaxMRM GAMEPLAY,229875,
MaxMRM GAMEPLAY,330713,
MaxMRM GAMEPLAY,91332,
MaxMRM GAMEPLAY,147191,
MaxMRM GAMEPLAY,91489,
MaxMRM GAMEPLAY,203257,
MaxMRM GAMEPLAY,238390,
MaxMRM GAMEPLAY,96159,
MaxMRM GAMEPLAY,193497,
MaxMRM GAMEPLAY,241924,
MaxMRM GAMEPLAY,252384,
MaxMRM GAMEPLAY,520575,
MaxMRM GAMEPLAY,262046,
MaxMRM GAMEPLAY,384599,
MaxMRM GAMEPLAY,343980,
MaxMRM GAMEPLAY,1572912,
MaxMRM GAMEPLAY,457866,
MaxMRM GAMEPLAY,434709,
MaxMRM GAMEPLAY,262434,
MaxMRM GAMEPLAY,272178,
MaxMRM GAMEPLAY,268739,
MaxMRM GAMEPLAY,230172,
MaxMRM GAMEPLAY,250701,
MaxMRM GAMEPLAY,194310,
MaxMRM GAMEPLAY,284640,
MaxMRM GAMEPLAY,615753,
MaxMRM GAMEPLAY,81096,
MaxMRM GAMEPLAY,330802,
MaxMRM GAMEPLAY,217093,
MaxMRM GAMEPLAY,378134,
MaxMRM GAMEPLAY,162994,
MaxMRM GAMEPLAY,112551,
MaxMRM GAMEPLAY,165565,
MaxMRM GAMEPLAY,262438,
MaxMRM GAMEPLAY,554384,
MaxMRM GAMEPLAY,162619,
MaxMRM GAMEPLAY,363925,
MaxMRM GAMEPLAY,248516,
MaxMRM GAMEPLAY,294965,
MaxMRM GAMEPLAY,544470,
MaxMRM GAMEPLAY,713829,
MaxMRM GAMEPLAY,82577,
MaxMRM GAMEPLAY,190775,
MaxMRM GAMEPLAY,345277,
MaxMRM GAMEPLAY,453283,
MaxMRM GAMEPLAY,446257,
MaxMRM GAMEPLAY,869774,
MaxMRM GAMEPLAY,149990,
MaxMRM GAMEPLAY,154425,
MaxMRM GAMEPLAY,210458,
MaxMRM GAMEPLAY,157210,
MaxMRM GAMEPLAY,219227,
MaxMRM GAMEPLAY,167734,
MaxMRM GAMEPLAY,268677,
MaxMRM GAMEPLAY,271198,
MaxMRM GAMEPLAY,326541,
MaxMRM GAMEPLAY,250521,
MaxMRM GAMEPLAY,266213,
MaxMRM GAMEPLAY,175037,
MaxMRM GAMEPLAY,138801,
MaxMRM GAMEPLAY,518499,
MaxMRM GAMEPLAY,96498,
MaxMRM GAMEPLAY,453038,
MaxMRM GAMEPLAY,177135,
MaxMRM GAMEPLAY,200253,
MaxMRM GAMEPLAY,198466,
MaxMRM GAMEPLAY,72475,
MaxMRM GAMEPLAY,229623,
MaxMRM GAMEPLAY,286194,
MaxMRM GAMEPLAY,162779,
MaxMRM GAMEPLAY,108016,
MaxMRM GAMEPLAY,315330,
MaxMRM GAMEPLAY,221643,
MaxMRM GAMEPLAY,387147,
MaxMRM GAMEPLAY,290664,
MaxMRM GAMEPLAY,283900,
MaxMRM GAMEPLAY,594302,
MaxMRM GAMEPLAY,170003,
MaxMRM GAMEPLAY,276711,
MaxMRM GAMEPLAY,234227,
MaxMRM GAMEPLAY,567842,
MaxMRM GAMEPLAY,339468,
MaxMRM GAMEPLAY,319898,
MaxMRM GAMEPLAY,156623,
MaxMRM GAMEPLAY,180502,
MaxMRM GAMEPLAY,223972,
MaxMRM GAMEPLAY,153884,
MaxMRM GAMEPLAY,204955,
MaxMRM GAMEPLAY,178333,
MaxMRM GAMEPLAY,264254,
MaxMRM GAMEPLAY,275609,
MaxMRM GAMEPLAY,175275,
MaxMRM GAMEPLAY,226969,
MaxMRM GAMEPLAY,185746,
MaxMRM GAMEPLAY,227104,
MaxMRM GAMEPLAY,86369,
MaxMRM GAMEPLAY,114089,
MaxMRM GAMEPLAY,152239,
MaxMRM GAMEPLAY,176206,
MaxMRM GAMEPLAY,165318,
MaxMRM GAMEPLAY,109759,
MaxMRM GAMEPLAY,177125,
MaxMRM GAMEPLAY,125210,
MaxMRM GAMEPLAY,455252,
MaxMRM GAMEPLAY,250278,
MaxMRM GAMEPLAY,158320,
MaxMRM GAMEPLAY,203498,
MaxMRM GAMEPLAY,306585,
MaxMRM GAMEPLAY,199500,
MaxMRM GAMEPLAY,549011,
MaxMRM GAMEPLAY,323306,
MaxMRM GAMEPLAY,207371,
MaxMRM GAMEPLAY,288825,
MaxMRM GAMEPLAY,246393,
MaxMRM GAMEPLAY,185115,
MaxMRM GAMEPLAY,211432,
MaxMRM GAMEPLAY,208519,
MaxMRM GAMEPLAY,476849,
MaxMRM GAMEPLAY,174513,
MaxMRM GAMEPLAY,189368,
MaxMRM GAMEPLAY,176127,
MaxMRM GAMEPLAY,161853,
MaxMRM GAMEPLAY,260780,
MaxMRM GAMEPLAY,219097,
MaxMRM GAMEPLAY,183070,
MaxMRM GAMEPLAY,189137,
MaxMRM GAMEPLAY,305756,
MaxMRM GAMEPLAY,153775,
MaxMRM GAMEPLAY,774419,
MaxMRM GAMEPLAY,822269,
MaxMRM GAMEPLAY,692252,
MaxMRM GAMEPLAY,691813,
MaxMRM GAMEPLAY,695188,
MaxMRM GAMEPLAY,777918,
MaxMRM GAMEPLAY,925663,
MaxMRM GAMEPLAY,956095,
MaxMRM GAMEPLAY,1008636,
MaxMRM GAMEPLAY,1103785,
MaxMRM GAMEPLAY,2185391,
MaxMRM GAMEPLAY,246025,
MaxMRM GAMEPLAY,263831,
MaxMRM GAMEPLAY,182993,
MaxMRM GAMEPLAY,243265,
MaxMRM GAMEPLAY,683991,
MaxMRM GAMEPLAY,160752,
MaxMRM GAMEPLAY,432778,
MaxMRM GAMEPLAY,489498,
MaxMRM GAMEPLAY,205747,
MaxMRM GAMEPLAY,175396,
Netto Brito - Topic,2124,
Netto Brito - Topic,11593,
Netto Brito - Topic,5833,
Netto Brito - Topic,12701,
Netto Brito - Topic,32601,
Netto Brito - Topic,19610,
Netto Brito - Topic,137619,
Netto Brito - Topic,110213,
Netto Brito - Topic,315731,
Netto Brito - Topic,9869,
Netto Brito - Topic,14376,
Netto Brito - Topic,720442,
Netto Brito - Topic,29575,
Netto Brito - Topic,56888,
Netto Brito - Topic,25625,
Netto Brito - Topic,21925,
Netto Brito - Topic,34477,
Netto Brito - Topic,83727,
Netto Brito - Topic,91133,
Netto Brito - Topic,316386,
Netto Brito - Topic,145691,
Netto Brito - Topic,563306,
Netto Brito - Topic,306905,
Netto Brito - Topic,163882,
Netto Brito - Topic,2349739,
Netto Brito - Topic,63598,
Netto Brito - Topic,37062,
Netto Brito - Topic,136897,
Netto Brito - Topic,190801,
Netto Brito - Topic,86585,
Netto Brito - Topic,1178544,
Netto Brito - Topic,350550,
Netto Brito - Topic,2210277,
Netto Brito - Topic,421445,
Netto Brito - Topic,4039246,
Netto Brito - Topic,801246,
Netto Brito - Topic,382648,
Netto Brito - Topic,6539,
Netto Brito - Topic,2098,
Netto Brito - Topic,103174,
Netto Brito - Topic,996,
Netto Brito - Topic,5075,
Netto Brito - Topic,8195,
Netto Brito - Topic,2279,
Netto Brito - Topic,17296,
Netto Brito - Topic,1803,
Netto Brito - Topic,5179,
Netto Brito - Topic,10920,
Netto Brito - Topic,31978,
Netto Brito - Topic,15177,
Netto Brito - Topic,309325,
Netto Brito - Topic,11863,
Netto Brito - Topic,18878,
Netto Brito - Topic,248836,
Netto Brito - Topic,112874,
Netto Brito - Topic,47135,
Netto Brito - Topic,97803,
Netto Brito - Topic,129898,
Netto Brito - Topic,38443,
Netto Brito - Topic,22351,
Netto Brito - Topic,46383,
Netto Brito - Topic,12751,
Netto Brito - Topic,132780,
Netto Brito - Topic,20132,
Netto Brito - Topic,17740,
Netto Brito - Topic,24268,
Netto Brito - Topic,3602792,
Netto Brito - Topic,23477,
Netto Brito - Topic,7566,
Netto Brito - Topic,137636,
Netto Brito - Topic,14451,
Netto Brito - Topic,6516,
Netto Brito - Topic,80042,
Netto Brito - Topic,92556,
Netto Brito - Topic,9009,
Netto Brito - Topic,12302,
Netto Brito - Topic,14834,
Netto Brito - Topic,67740,
Netto Brito - Topic,410570,
Netto Brito - Topic,539002,
Netto Brito - Topic,133724,
Netto Brito - Topic,287509,
Netto Brito - Topic,268028,
Netto Brito - Topic,2146494,
Netto Brito - Topic,391868,
Netto Brito - Topic,225876,
Netto Brito - Topic,451299,
Netto Brito - Topic,115677,
Netto Brito - Topic,119768,
Netto Brito - Topic,195176,
Netto Brito - Topic,714205,
Netto Brito - Topic,164878,
Netto Brito - Topic,717,
Netto Brito - Topic,422,
Netto Brito - Topic,1691,
Netto Brito - Topic,106376,
Netto Brito - Topic,168947,
Netto Brito - Topic,69525,
Netto Brito - Topic,50256,
Netto Brito - Topic,26355,
Netto Brito - Topic,107626,
Netto Brito - Topic,21528,
Netto Brito - Topic,152598,
Netto Brito - Topic,77525,
Netto Brito - Topic,35545,
Netto Brito - Topic,102214,
Netto Brito - Topic,125578,
Netto Brito - Topic,96825,
Netto Brito - Topic,13544,
Netto Brito - Topic,11750,
Netto Brito - Topic,19624,
Netto Brito - Topic,177283,
Netto Brito - Topic,104573,
Netto Brito - Topic,51859,
Netto Brito - Topic,189637,
Netto Brito - Topic,142270,
Netto Brito - Topic,105517,
Netto Brito - Topic,105696,
Netto Brito - Topic,1065478,
Netto Brito - Topic,221662,
Netto Brito - Topic,83427,
Netto Brito - Topic,470346,
Netto Brito - Topic,82393,
Netto Brito - Topic,268391,
Netto Brito - Topic,78552,
Netto Brito - Topic,323767,
Netto Brito - Topic,104754,
Netto Brito - Topic,2309624,
Netto Brito - Topic,13074,
Netto Brito - Topic,76185,
Netto Brito - Topic,129012,
Netto Brito - Topic,27040,
Netto Brito - Topic,120465,
Netto Brito - Topic,152669,
Netto Brito - Topic,97868,
Netto Brito - Topic,142952,
Netto Brito - Topic,46505,
Netto Brito - Topic,14184,
Netto Brito - Topic,68906,
Netto Brito - Topic,65286,
Netto Brito - Topic,79541,
Netto Brito - Topic,1031279,
Netto Brito - Topic,101509,
Netto Brito - Topic,334246,
Netto Brito - Topic,84046,
Netto Brito - Topic,88355,
Netto Brito - Topic,625049,
Netto Brito - Topic,3048476,
Netto Brito - Topic,98392,
Netto Brito - Topic,169926,
Netto Brito - Topic,77930,
Netto Brito - Topic,283808,
Netto Brito - Topic,783850,
Netto Brito - Topic,77339,
Netto Brito - Topic,1273659,
Netto Brito - Topic,459578,
Netto Brito - Topic,208154,
Netto Brito - Topic,155972,
Netto Brito - Topic,550156,
Netto Brito - Topic,81230,
Netto Brito - Topic,108519,
Netto Brito - Topic,103869,
Netto Brito - Topic,185841,
Netto Brito - Topic,106884,
Netto Brito - Topic,47617,
Netto Brito - Topic,220061,
Netto Brito - Topic,458930,
Netto Brito - Topic,23824,
Netto Brito - Topic,80218,
Netto Brito - Topic,26369,
Netto Brito - Topic,763915,
Netto Brito - Topic,12930,
Netto Brito - Topic,799040,
Netto Brito - Topic,96674,
Netto Brito - Topic,122210,
Netto Brito - Topic,258616,
Netto Brito - Topic,183393,
Netto Brito - Topic,2184555,
Netto Brito - Topic,144143,
Netto Brito - Topic,1193454,
Netto Brito - Topic,40597,
Netto Brito - Topic,184719,
Netto Brito - Topic,561520,
Netto Brito - Topic,696114,
Netto Brito - Topic,307329,
Netto Brito - Topic,3740156,
Netto Brito - Topic,377055,
Netto Brito - Topic,1844341,
Netto Brito - Topic,339124,
Netto Brito - Topic,200577,
Netto Brito - Topic,480713,
Netto Brito - Topic,336393,
Netto Brito - Topic,3613220,
Netto Brito - Topic,2353304,
Netto Brito - Topic,1904897,
Netto Brito - Topic,744017,
Netto Brito - Topic,9402811,
Netto Brito - Topic,735971,
Midas,65393,
Midas,92842,
alanzoka,18196,
alanzoka,50341,
alanzoka,385427,
alanzoka,642678,
alanzoka,624637,
alanzoka,659043,
alanzoka,153811,
alanzoka,759706,
alanzoka,2005713,
alanzoka,395594,
alanzoka,545016,
alanzoka,45657,
alanzoka,596919,
alanzoka,561139,
alanzoka,100405,
alanzoka,41738,
alanzoka,480266,
alanzoka,565586,
alanzoka,46083,
alanzoka,922138,
alanzoka,61837,
alanzoka,773733,
alanzoka,374366,
alanzoka,199177,
alanzoka,95103,
alanzoka,864987,
alanzoka,246501,
alanzoka,604024,
alanzoka,518294,
alanzoka,768748,
alanzoka,52260,
alanzoka,107577,
alanzoka,637187,
alanzoka,201770,
alanzoka,624721,
alanzoka,141683,
alanzoka,246635,
alanzoka,126842,
alanzoka,135076,
alanzoka,220323,
alanzoka,219081,
alanzoka,1145698,
alanzoka,42059,
alanzoka,621853,
alanzoka,35983,
alanzoka,827430,
alanzoka,46722,
alanzoka,1723392,
alanzoka,258864,
alanzoka,155250,
alanzoka,34173,
alanzoka,856751,
alanzoka,41850,
alanzoka,997267,
alanzoka,140050,
alanzoka,194114,
alanzoka,36234,
alanzoka,1510601,
alanzoka,129943,
alanzoka,45726,
alanzoka,121614,
alanzoka,948184,
alanzoka,30889,
alanzoka,133144,
alanzoka,74445,
alanzoka,142713,
alanzoka,141174,
alanzoka,129431,
alanzoka,573857,
alanzoka,313673,
alanzoka,116771,
alanzoka,958096,
alanzoka,395955,
alanzoka,579688,
alanzoka,746399,
alanzoka,464530,
alanzoka,37529,
alanzoka,1823915,
alanzoka,35596,
alanzoka,1545295,
alanzoka,109230,
alanzoka,42892,
alanzoka,177786,
alanzoka,42604,
alanzoka,31828,
alanzoka,48023,
alanzoka,43608,
alanzoka,160867,
alanzoka,409156,
alanzoka,141276,
alanzoka,251232,
alanzoka,485503,
alanzoka,167813,
alanzoka,62833,
alanzoka,115763,
alanzoka,267430,
alanzoka,169982,
alanzoka,60190,
alanzoka,465750,
alanzoka,381064,
alanzoka,68311,
alanzoka,200931,
alanzoka,209167,
alanzoka,208048,
alanzoka,755535,
alanzoka,207084,
alanzoka,1215772,
alanzoka,212069,
alanzoka,891992,
alanzoka,1057566,
alanzoka,46019,
alanzoka,299156,
alanzoka,49823,
alanzoka,165027,
alanzoka,48095,
alanzoka,241425,
alanzoka,180845,
alanzoka,59022,
alanzoka,915670,
alanzoka,190510,
alanzoka,84827,
alanzoka,1412456,
alanzoka,1036043,
alanzoka,219730,
alanzoka,273682,
alanzoka,908561,
alanzoka,213097,
alanzoka,238801,
alanzoka,125091,
alanzoka,246318,
alanzoka,210601,
alanzoka,67715,
alanzoka,554111,
alanzoka,218088,
alanzoka,731570,
alanzoka,53069,
alanzoka,479774,
alanzoka,65112,
alanzoka,944009,
alanzoka,107427,
alanzoka,263058,
alanzoka,363611,
alanzoka,146127,
alanzoka,156322,
alanzoka,203510,
alanzoka,237185,
alanzoka,345678,
alanzoka,185083,
alanzoka,1356605,
alanzoka,202785,
alanzoka,212422,
alanzoka,58387,
alanzoka,277052,
alanzoka,50082,
alanzoka,366300,
alanzoka,40288,
alanzoka,39489,
alanzoka,510014,
alanzoka,190749,
alanzoka,300899,
alanzoka,721191,
alanzoka,307150,
alanzoka,289870,
alanzoka,815053,
alanzoka,401894,
alanzoka,299134,
alanzoka,363858,
alanzoka,356285,
alanzoka,723446,
alanzoka,441123,
alanzoka,195621,
alanzoka,342261,
alanzoka,467655,
alanzoka,381962,
alanzoka,426133,
alanzoka,534720,
alanzoka,773889,
alanzoka,1320025,
alanzoka,339290,
alanzoka,512875,
alanzoka,310413,
alanzoka,921724,
alanzoka,446224,
alanzoka,2526220,
alanzoka,728886,
alanzoka,409233,
alanzoka,850941,
alanzoka,470205,
alanzoka,604951,
alanzoka,585928,
alanzoka,1115490,
alanzoka,73247,
alanzoka,607842,
alanzoka,73192,
alanzoka,522500,
alanzoka,74796,
alanzoka,1206151,
alanzoka,77893,
alanzoka,1297388,
alanzoka,162311,
alanzoka,800642,
alanzoka,123866,
alanzoka,705884,
alanzoka,812390,
alanzoka,398366,
alanzoka,297232,
alanzoka,1225803,
alanzoka,248819,
alanzoka,1970825,
alanzoka,187672,
alanzoka,1083838,
alanzoka,195830,
alanzoka,398377,
alanzoka,763236,
alanzoka,280128,
alanzoka,283795,
alanzoka,172517,
alanzoka,912699,
alanzoka,183469,
alanzoka,1854817,
alanzoka,347624,
alanzoka,184512,
alanzoka,246030,
alanzoka,368817,
alanzoka,251193,
alanzoka,495077,
alanzoka,420545,
alanzoka,98309,
alanzoka,413504,
alanzoka,96873,
alanzoka,1013487,
alanzoka,96601,
alanzoka,1586714,
alanzoka,125277,
alanzoka,126906,
alanzoka,117923,
alanzoka,333143,
alanzoka,155542,
alanzoka,529404,
alanzoka,180784,
alanzoka,221286,
alanzoka,534323,
alanzoka,360557,
alanzoka,188428,
alanzoka,1634205,
alanzoka,1052240,
alanzoka,1010146,
alanzoka,808636,
alanzoka,790301,
alanzoka,382512,
alanzoka,690757,
alanzoka,343617,
alanzoka,901785,
alanzoka,208483,
alanzoka,1580893,
alanzoka,223197,
alanzoka,344675,
alanzoka,471209,
alanzoka,443300,
alanzoka,391137,
alanzoka,703850,
alanzoka,327981,
alanzoka,576550,
alanzoka,400545,
alanzoka,671865,
alanzoka,513863,
alanzoka,1032439,
alanzoka,185368,
alanzoka,579204,
alanzoka,753896,
alanzoka,117396,
alanzoka,1794809,
alanzoka,134891,
alanzoka,353080,
alanzoka,137388,
alanzoka,801677,
alanzoka,3273164,
alanzoka,566298,
alanzoka,154021,
alanzoka,674018,
alanzoka,149120,
alanzoka,139461,
alanzoka,177833,
alanzoka,2394560,
alanzoka,197860,
alanzoka,1438794,
alanzoka,177774,
alanzoka,183687,
alanzoka,140133,
alanzoka,40777,
alanzoka,235118,
alanzoka,169927,
alanzoka,300478,
alanzoka,38100,
alanzoka,335738,
alanzoka,479189,
alanzoka,38580,
alanzoka,1554899,
alanzoka,46724,
alanzoka,323772,
alanzoka,53063,
alanzoka,77944,
alanzoka,844161,
alanzoka,501111,
alanzoka,792630,
alanzoka,58177,
alanzoka,61892,
alanzoka,584462,
alanzoka,82326,
alanzoka,120939,
alanzoka,412147,
alanzoka,127757,
alanzoka,543245,
alanzoka,164428,
alanzoka,279842,
alanzoka,487680,
alanzoka,350431,
alanzoka,760674,
alanzoka,224589,
alanzoka,1588548,
alanzoka,106374,
alanzoka,505593,
alanzoka,105255,
alanzoka,1567789,
alanzoka,154296,
alanzoka,115965,
alanzoka,123868,
alanzoka,1107584,
alanzoka,158538,
alanzoka,45079,
alanzoka,45424,
alanzoka,469247,
alanzoka,245881,
alanzoka,53989,
alanzoka,239748,
alanzoka,591513,
alanzoka,345846,
alanzoka,67902,
alanzoka,286715,
alanzoka,123685,
alanzoka,77203,
alanzoka,75564,
alanzoka,96018,
alanzoka,565541,
alanzoka,365392,
alanzoka,171762,
alanzoka,109498,
alanzoka,188451,
alanzoka,97364,
alanzoka,280735,
alanzoka,124759,
alanzoka,173213,
alanzoka,277704,
alanzoka,883649,
alanzoka,285044,
alanzoka,152087,
alanzoka,137015,
alanzoka,780350,
alanzoka,146921,
alanzoka,672098,
alanzoka,402001,
alanzoka,147415,
alanzoka,680703,
alanzoka,1550809,
alanzoka,140487,
alanzoka,205742,
alanzoka,1067520,
alanzoka,554524,
alanzoka,779283,
alanzoka,1100806,
alanzoka,254003,
alanzoka,201135,
alanzoka,426495,
alanzoka,1513258,
alanzoka,114167,
alanzoka,197447,
alanzoka,2001328,
alanzoka,289875,
alanzoka,796354,
alanzoka,561904,
alanzoka,317041,
alanzoka,462775,
alanzoka,659790,
alanzoka,335841,
alanzoka,519337,
alanzoka,211754,
alanzoka,122060,
alanzoka,152410,
alanzoka,1216280,
alanzoka,124775,
alanzoka,955010,
alanzoka,1348388,
alanzoka,458934,
alanzoka,143599,
alanzoka,440230,
alanzoka,167019,
alanzoka,143941,
alanzoka,135708,
alanzoka,506486,
alanzoka,178871,
alanzoka,148164,
alanzoka,175855,
alanzoka,222755,
alanzoka,506111,
alanzoka,241776,
alanzoka,229991,
alanzoka,342442,
alanzoka,445683,
alanzoka,1482065,
alanzoka,491243,
alanzoka,466323,
alanzoka,1706214,
alanzoka,1969323,
alanzoka,154304,
alanzoka,969916,
alanzoka,614786,
alanzoka,2716956,
alanzoka,97206,
alanzoka,1465696,
alanzoka,118429,
alanzoka,780504,
alanzoka,131911,
alanzoka,138120,
alanzoka,160148,
alanzoka,320091,
alanzoka,174675,
alanzoka,3173743,
alanzoka,222822,
alanzoka,483877,
alanzoka,274958,
alanzoka,360078,
alanzoka,367694,
alanzoka,1222831,
alanzoka,344566,
alanzoka,985672,
alanzoka,686348,
alanzoka,529018,
alanzoka,215280,
alanzoka,460009,
alanzoka,315345,
alanzoka,384696,
alanzoka,855250,
alanzoka,459070,
alanzoka,359636,
alanzoka,714897,
alanzoka,380270,
alanzoka,404877,
alanzoka,217532,
alanzoka,494593,
alanzoka,959815,
alanzoka,1290695,
alanzoka,1045686,
alanzoka,1588896,
alanzoka,440822,
alanzoka,63169,
alanzoka,63024,
alanzoka,171860,
alanzoka,53914,
alanzoka,60948,
alanzoka,115607,
alanzoka,80817,
alanzoka,490757,
alanzoka,259167,
alanzoka,296382,
alanzoka,155516,
alanzoka,537958,
alanzoka,165789,
alanzoka,1226266,
alanzoka,166104,
alanzoka,186218,
alanzoka,784761,
alanzoka,91263,
alanzoka,785969,
alanzoka,94751,
alanzoka,91694,
alanzoka,1261590,
alanzoka,123864,
alanzoka,1007309,
alanzoka,312928,
alanzoka,141028,
alanzoka,337274,
alanzoka,521522,
alanzoka,801374,
alanzoka,1580300,
alanzoka,259769,
alanzoka,207700,
alanzoka,504329,
alanzoka,1855625,
alanzoka,501189,
alanzoka,1037060,
alanzoka,1126006,
alanzoka,371321,
alanzoka,363910,
alanzoka,2936124,
alanzoka,845277,
alanzoka,1259562,
alanzoka,414348,
alanzoka,268243,
alanzoka,424705,
Adorart - Topic,45,
Adorart - Topic,32,
Adorart - Topic,60,
Adorart - Topic,42,
Adorart - Topic,116,
Adorart - Topic,104,
Adorart - Topic,6162,
Adorart - Topic,1020,
Adorart - Topic,620,
Adorart - Topic,629,
Adorart - Topic,451,
Adorart - Topic,435,
Adorart - Topic,496,
Adorart - Topic,272,
Adorart - Topic,2193,
Adorart - Topic,10298,
Adorart - Topic,58244,
Adorart - Topic,374,
Adorart - Topic,1556,
Adorart - Topic,374,
Adorart - Topic,75306,
Adorart - Topic,10181,
Adorart - Topic,1056,
Adorart - Topic,77452,
Adorart - Topic,5233,
Adorart - Topic,749,
Adorart - Topic,448350,
Adorart - Topic,1165,
Adorart - Topic,1282,
Adorart - Topic,1686,
Adorart - Topic,2022,
Adorart - Topic,2608,
Adorart - Topic,875,
Adorart - Topic,386,
Adorart - Topic,47142,
Adorart - Topic,335,
Adorart - Topic,4572,
Adorart - Topic,12709,
Adorart - Topic,457,
Adorart - Topic,3196,
Adorart - Topic,36844,
Adorart - Topic,68619,
Adorart - Topic,9848,
Adorart - Topic,9596,
Adorart - Topic,18607,
Adorart - Topic,81383,
Adorart - Topic,640,
Adorart - Topic,657,
Adorart - Topic,357,
Adorart - Topic,333,
Adorart - Topic,475,
Adorart - Topic,485,
Adorart - Topic,21777,
Adorart - Topic,827,
Adorart - Topic,2598,
Adorart - Topic,3473,
Adorart - Topic,1115,
Adorart - Topic,502,
Adorart - Topic,1196856,
SUPERHERO,27623,
SUPERHERO,31168,
SUPERHERO,36865,
SUPERHERO,10828,
SUPERHERO,16554,
SUPERHERO,11405,
SUPERHERO,83245,
SUPERHERO,24198,
SUPERHERO,27771,
SUPERHERO,26143,
SUPERHERO,63053,
SUPERHERO,15239,
SUPERHERO,5958,
SUPERHERO,63227,
SUPERHERO,9514,
SUPERHERO,9305,
SUPERHERO,27404,
SUPERHERO,29058,
SUPERHERO,68762,
SUPERHERO,25056,
SUPERHERO,86235,
SUPERHERO,60755,
SUPERHERO,10537,
SUPERHERO,27611,
SUPERHERO,41052,
SUPERHERO,24100,
SUPERHERO,28258,
SUPERHERO,265359,
SUPERHERO,62795,
SUPERHERO,167390,
SUPERHERO,6904,
SUPERHERO,32453,
SUPERHERO,99754,
SUPERHERO,0,
SUPERHERO,45580,
SUPERHERO,20620,
SUPERHERO,25637,
SUPERHERO,190292,
SUPERHERO,18293,
SUPERHERO,44988,
SUPERHERO,29042,
SUPERHERO,5317,
SUPERHERO,31040,
SUPERHERO,25841,
SUPERHERO,81753,
SUPERHERO,324320,
SUPERHERO,51364,
SUPERHERO,2886,
SUPERHERO,12888,
SUPERHERO,14900,
SUPERHERO,76832,
SUPERHERO,247893,
SUPERHERO,79883,
SUPERHERO,41981,
SUPERHERO,121569,
SUPERHERO,104860,
SUPERHERO,68976,
SUPERHERO,61013,
SUPERHERO,68113,
SUPERHERO,333007,
SUPERHERO,29800,
SUPERHERO,53643,
SUPERHERO,105578,
SUPERHERO,30030,
SUPERHERO,316309,
SUPERHERO,13518,
SUPERHERO,14542,
SUPERHERO,193261,
SUPERHERO,140581,
SUPERHERO,104384,
SUPERHERO,9063,
SUPERHERO,77961,
SUPERHERO,277208,
SUPERHERO,52497,
SUPERHERO,7022,
SUPERHERO,30271,
SUPERHERO,10402,
SUPERHERO,13055,
SUPERHERO,293332,
SUPERHERO,44647,
SUPERHERO,8017,
SUPERHERO,41790,
SUPERHERO,22831,
SUPERHERO,44252,
SUPERHERO,54418,
SUPERHERO,122263,
SUPERHERO,262115,
SUPERHERO,116692,
SUPERHERO,60102,
SUPERHERO,157395,
SUPERHERO,103501,
SUPERHERO,28809,
SUPERHERO,21628,
SUPERHERO,19970,
SUPERHERO,63716,
SUPERHERO,34864,
SUPERHERO,238418,
SUPERHERO,102801,
SUPERHERO,30083,
SUPERHERO,71186,
SUPERHERO,114299,
SUPERHERO,55896,
SUPERHERO,9062,
SUPERHERO,58380,
SUPERHERO,24540,
SUPERHERO,12680,
SUPERHERO,137139,
SUPERHERO,25041,
SUPERHERO,7064,
SUPERHERO,16080,
SUPERHERO,17449,
SUPERHERO,97262,
SUPERHERO,22246,
SUPERHERO,50171,
SUPERHERO,33917,
SUPERHERO,109663,
SUPERHERO,102734,
SUPERHERO,35088,
SUPERHERO,150667,
SUPERHERO,220652,
SUPERHERO,31494,
SUPERHERO,44190,
SUPERHERO,34855,
SUPERHERO,78880,
SUPERHERO,49560,
SUPERHERO,66036,
SUPERHERO,142949,
SUPERHERO,127588,
SUPERHERO,81201,
SUPERHERO,29401,
SUPERHERO,47695,
SUPERHERO,23628,
SUPERHERO,80066,
SUPERHERO,219008,
SUPERHERO,32013,
SUPERHERO,148551,
SUPERHERO,69867,
SUPERHERO,47280,
SUPERHERO,85397,
SUPERHERO,109973,
SUPERHERO,54660,
SUPERHERO,248137,
SUPERHERO,292443,
SUPERHERO,281729,
SUPERHERO,67816,
SUPERHERO,163044,
SUPERHERO,299226,
SUPERHERO,72599,
SUPERHERO,81950,
SUPERHERO,181598,
SUPERHERO,131143,
SUPERHERO,37044,
SUPERHERO,101340,
SUPERHERO,92758,
SUPERHERO,35773,
SUPERHERO,130129,
SUPERHERO,38684,
SUPERHERO,87394,
SUPERHERO,19037,
SUPERHERO,45347,
SUPERHERO,33624,
SUPERHERO,9762,
SUPERHERO,190453,
SUPERHERO,35422,
SUPERHERO,524977,
SUPERHERO,14340,
SUPERHERO,7341,
SUPERHERO,29193,
SUPERHERO,52218,
SUPERHERO,17471,
SUPERHERO,20849,
SUPERHERO,26975,
SUPERHERO,17054,
SUPERHERO,5018,
SUPERHERO,13352,
SUPERHERO,23964,
SUPERHERO,58311,
SUPERHERO,48163,
SUPERHERO,33478,
SUPERHERO,78166,
SUPERHERO,31141,
SUPERHERO,41327,
SUPERHERO,24674,
SUPERHERO,27533,
SUPERHERO,32482,
SUPERHERO,214918,
SUPERHERO,145840,
SUPERHERO,87138,
SUPERHERO,13038,
SUPERHERO,97226,
SUPERHERO,102813,
SUPERHERO,19940,
SUPERHERO,53636,
SUPERHERO,110347,
SUPERHERO,64894,
SUPERHERO,26021,
SUPERHERO,383522,
SUPERHERO,103998,
SUPERHERO,25773,
SUPERHERO,26142,
SUPERHERO,33197,
SUPERHERO,28260,
SUPERHERO,7964,
SUPERHERO,15137,
SUPERHERO,10232,
SUPERHERO,24785,
SUPERHERO,12015,
SUPERHERO,9615,
SUPERHERO,136245,
SUPERHERO,14971,
SUPERHERO,34769,
SUPERHERO,17810,
SUPERHERO,368158,
SUPERHERO,107252,
SUPERHERO,140247,
SUPERHERO,152170,
SUPERHERO,154156,
SUPERHERO,7232,
SUPERHERO,164660,
SUPERHERO,15585,
SUPERHERO,21636,
SUPERHERO,15395,
SUPERHERO,56102,
SUPERHERO,5777,
SUPERHERO,41656,
SUPERHERO,19778,
SUPERHERO,36087,
SUPERHERO,75988,
SUPERHERO,28481,
SUPERHERO,25891,
SUPERHERO,74391,
SUPERHERO,53240,
SUPERHERO,41177,
SUPERHERO,31676,
SUPERHERO,10867,
SUPERHERO,10703,
SUPERHERO,7277,
SUPERHERO,14332,
SUPERHERO,24899,
SUPERHERO,266891,
SUPERHERO,8701,
SUPERHERO,271328,
SUPERHERO,135631,
SUPERHERO,15033,
SUPERHERO,11038,
SUPERHERO,266134,
SUPERHERO,15618,
SUPERHERO,343664,
SUPERHERO,167781,
SUPERHERO,105548,
SUPERHERO,685045,
SUPERHERO,34656,
SUPERHERO,214299,
SUPERHERO,244674,
SUPERHERO,47447,
SUPERHERO,59297,
SUPERHERO,350092,
SUPERHERO,9044,
SUPERHERO,24777,
SUPERHERO,194303,
SUPERHERO,11709,
SUPERHERO,119220,
SUPERHERO,98488,
SUPERHERO,189673,
SUPERHERO,101939,
SUPERHERO,28744,
SUPERHERO,745480,
SUPERHERO,87664,
SUPERHERO,20784,
SUPERHERO,472905,
SUPERHERO,461168,
SUPERHERO,27256,
SUPERHERO,341714,
SUPERHERO,461709,
SUPERHERO,16882,
SUPERHERO,168180,
SUPERHERO,190680,
SUPERHERO,15400,
SUPERHERO,446608,
SUPERHERO,328701,
SUPERHERO,112935,
SUPERHERO,46171,
SUPERHERO,773406,
SUPERHERO,8245,
SUPERHERO,62635,
SUPERHERO,204708,
SUPERHERO,13548,
SUPERHERO,86937,
SUPERHERO,1281253,
SUPERHERO,110418,
SUPERHERO,1802224,
SUPERHERO,22949,
SUPERHERO,268635,
SUPERHERO,203357,
SUPERHERO,14755,
SUPERHERO,34985,
SUPERHERO,224487,
SUPERHERO,20148,
SUPERHERO,164817,
SUPERHERO,9416,
SUPERHERO,35157,
SUPERHERO,65308,
SUPERHERO,264227,
SUPERHERO,36415,
SUPERHERO,177171,
SUPERHERO,29549,
SUPERHERO,280343,
SUPERHERO,15551,
SUPERHERO,248614,
SUPERHERO,399871,
SUPERHERO,76855,
SUPERHERO,203443,
SUPERHERO,540547,
SUPERHERO,37457,
SUPERHERO,145132,
SUPERHERO,290280,
SUPERHERO,25999,
SUPERHERO,635222,
SUPERHERO,108702,
SUPERHERO,45526,
SUPERHERO,392492,
SUPERHERO,240670,
SUPERHERO,110615,
SUPERHERO,768246,
SUPERHERO,1121297,
SUPERHERO,32454,
SUPERHERO,586444,
SUPERHERO,444388,
SUPERHERO,28930,
SUPERHERO,799685,
SUPERHERO,191071,
SUPERHERO,20081,
SUPERHERO,150415,
SUPERHERO,58183,
SUPERHERO,30960,
SUPERHERO,84942,
SUPERHERO,909233,
SUPERHERO,203771,
SUPERHERO,17743,
SUPERHERO,86941,
SUPERHERO,119720,
SUPERHERO,41543,
SUPERHERO,28197,
SUPERHERO,240521,
SUPERHERO,15297,
SUPERHERO,15892,
SUPERHERO,1145285,
SUPERHERO,153766,
SUPERHERO,20825,
SUPERHERO,62653,
SUPERHERO,123949,
SUPERHERO,156964,
SUPERHERO,34511,
SUPERHERO,272554,
SUPERHERO,421593,
SUPERHERO,144361,
SUPERHERO,125570,
SUPERHERO,55327,
SUPERHERO,134264,
SUPERHERO,44342,
SUPERHERO,13433,
SUPERHERO,1251877,
SUPERHERO,110297,
SUPERHERO,6876,
SUPERHERO,107823,
SUPERHERO,409091,
SUPERHERO,70729,
SUPERHERO,347196,
SUPERHERO,225386,
SUPERHERO,15700,
SUPERHERO,782266,
SUPERHERO,1730913,
SUPERHERO,22926,
SUPERHERO,1272480,
SUPERHERO,36252,
SUPERHERO,133473,
SUPERHERO,201519,
SUPERHERO,205755,
SUPERHERO,769396,
SUPERHERO,24048,
SUPERHERO,96810,
SUPERHERO,2164708,
SUPERHERO,44570,
SUPERHERO,12412,
SUPERHERO,215609,
SUPERHERO,10987,
SUPERHERO,441524,
SUPERHERO,68593,
SUPERHERO,663840,
SUPERHERO,10758,
SUPERHERO,14581,
SUPERHERO,1365291,
SUPERHERO,18748,
SUPERHERO,35542,
SUPERHERO,33514,
SUPERHERO,19846,
SUPERHERO,269917,
SUPERHERO,5538,
SUPERHERO,71634,
SUPERHERO,108703,
SUPERHERO,10377,
SUPERHERO,74318,
SUPERHERO,8856,
SUPERHERO,150807,
SUPERHERO,11587,
SUPERHERO,107943,
SUPERHERO,11877,
SUPERHERO,59973,
SUPERHERO,18537,
SUPERHERO,79737,
SUPERHERO,21085,
SUPERHERO,357842,
SUPERHERO,25556,
SUPERHERO,6760,
SUPERHERO,206973,
SUPERHERO,63403,
SUPERHERO,3762,
SUPERHERO,12291,
SUPERHERO,8383,
SUPERHERO,20247,
SUPERHERO,5885,
SUPERHERO,70984,
SUPERHERO,10905,
SUPERHERO,8052,
SUPERHERO,16395,
SUPERHERO,20218,
SUPERHERO,17432,
SUPERHERO,123735,
SUPERHERO,30112,
SUPERHERO,20137,
SUPERHERO,14358,
SUPERHERO,127509,
SUPERHERO,15226,
SUPERHERO,32360,
SUPERHERO,12572,
SUPERHERO,97372,
SUPERHERO,431746,
SUPERHERO,24950,
SUPERHERO,9759,
SUPERHERO,8411,
SUPERHERO,3930,
SUPERHERO,11703,
SUPERHERO,75121,
SUPERHERO,7062,
SUPERHERO,10345,
SUPERHERO,6095,
SUPERHERO,6257,
SUPERHERO,9591,
SUPERHERO,8025,
SUPERHERO,8508,
SUPERHERO,4919,
SUPERHERO,6162,
SUPERHERO,11680,
SUPERHERO,10795,
SUPERHERO,53988,
SUPERHERO,18631,
SUPERHERO,9276,
SUPERHERO,11665,
SUPERHERO,16750,
SUPERHERO,18216,
SUPERHERO,7597,
SUPERHERO,12561,
SUPERHERO,5615,
SUPERHERO,13499,
SUPERHERO,4814,
SUPERHERO,6980,
SUPERHERO,5100,
SUPERHERO,34046,
SUPERHERO,14098,
SUPERHERO,7838,
SUPERHERO,6500,
SUPERHERO,5130,
SUPERHERO,7095,
SUPERHERO,3491,
SUPERHERO,9129,
SUPERHERO,12087,
SUPERHERO,5236,
SUPERHERO,13388,
SUPERHERO,5509,
SUPERHERO,7157,
SUPERHERO,8856,
SUPERHERO,4516,
SUPERHERO,8792,
SUPERHERO,4350,
SUPERHERO,17699,
SUPERHERO,21230,
SUPERHERO,29088,
SUPERHERO,13450,
SUPERHERO,43598,
SUPERHERO,26622,
SUPERHERO,41103,
SUPERHERO,42771,
SUPERHERO,24773,
SUPERHERO,9620,
SUPERHERO,9707,
SUPERHERO,20439,
SUPERHERO,39279,
SUPERHERO,54648,
SUPERHERO,7708,
Athos,62790,
Athos,277406,
Athos,365400,
Athos,92696,
Athos,402381,
Athos,338807,
Athos,368854,
Athos,144222,
Athos,428113,
Athos,752269,
Athos,823034,
Athos,874698,
Athos,781728,
Athos,475865,
Athos,461986,
Athos,400794,
Athos,568343,
Athos,14066066,
Athos,1661685,
Athos,1925076,
Athos,499394,
Athos,2292546,
Athos,231655,
Athos,354078,
Athos,662744,
Athos,1424721,
Athos,1209262,
Athos,897167,
Athos,838049,
Athos,432192,
Athos,992843,
Athos,4081057,
Athos,412892,
Athos,862208,
Athos,17712039,
Athos,421865,
Athos,1611943,
Athos,735442,
Athos,3665049,
Athos,1662167,
Athos,6095429,
Athos,906751,
Athos,3282246,
Athos,2916588,
Athos,725185,
Athos,573965,
Athos,1783055,
Athos,4379092,
Athos,660009,
Athos,878423,
Athos,2224536,
Athos,1364689,
Athos,453335,
Athos,669463,
Athos,1136062,
Athos,1034334,
Athos,2120981,
Athos,829146,
Athos,929181,
Athos,1037562,
Athos,506536,
Athos,478788,
Athos,148984,
Athos,922677,
Athos,478975,
Athos,325811,
Athos,717761,
Athos,4522797,
Athos,2496116,
Athos,954616,
Athos,1180723,
Athos,5266720,
Athos,293889,
Athos,438742,
Athos,393387,
Athos,502987,
Athos,1164656,
Athos,13523123,
Athos,1025983,
Athos,808252,
Athos,438038,
Athos,3215611,
Athos,1742080,
Athos,2327805,
Athos,49513277,
Athos,3030046,
Athos,479734,
Athos,1939651,
Athos,2500439,
Athos,18520979,
Athos,671696,
Athos,484136,
Athos,8127391,
Athos,1167632,
Athos,16211769,
Athos,4567752,
Athos,2091991,
Athos,451282,
Athos,871540,
Athos,1043053,
Athos,471356,
Athos,902023,
Athos,4947103,
Athos,2881871,
Athos,847866,
Athos,2697951,
Athos,3238274,
Athos,854068,
Athos,1691950,
Athos,731106,
Athos,1989072,
Athos,1571177,
Athos,1020846,
Athos,799269,
Athos,11796119,
Athos,4512311,
Athos,5194693,
Athos,967344,
Athos,2627799,
Athos,19880251,
Athos,6568180,
Athos,7462562,
Athos,2116387,
Athos,1725187,
Athos,988621,
Athos,901081,
Athos,500285,
Athos,856043,
Athos,936430,
Athos,1286157,
Athos,9999007,
Athos,463982,
Athos,28881063,
Athos,18484859,
Athos,18820175,
Athos,2227829,
Athos,12553659,
Athos,1628255,
Athos,859472,
Athos,734741,
Athos,2495042,
Athos,1135989,
Athos,5948189,
Athos,2393291,
Athos,1754468,
Athos,8688555,
Athos,22723652,
Athos,524145,
Athos,1496586,
Athos,1073938,
Athos,4078474,
Athos,3016470,
Athos,2406726,
Athos,2098201,
Athos,6445198,
Athos,15764441,
Athos,1690427,
Athos,14032655,
Athos,7786925,
Athos,17148139,
Athos,2244237,
Athos,1016837,
Athos,1021893,
Athos,14842616,
Athos,23482618,
Athos,1020925,
Athos,8128140,
Athos,316980,
Athos,14942385,
Athos,339364,
Athos,9466657,
Athos,2197430,
Athos,325773,
Athos,2101237,
Athos,5899914,
Athos,1957243,
Athos,5031186,
Athos,1395006,
Athos,25424178,
Athos,833571,
Athos,2120036,
Athos,10043500,
Athos,11522711,
Athos,5556640,
Athos,1125226,
Athos,522265,
Athos,5252446,
Athos,11083603,
Athos,1266072,
Athos,17859854,
Athos,5109219,
Athos,51424611,
Athos,1064702,
Athos,12501473,
Athos,6628741,
Athos,1569613,
Athos,924973,
Athos,2258222,
Athos,548750,
Athos,1151434,
Athos,1146360,
Athos,1487828,
Athos,716341,
Athos,3600849,
Athos,4480865,
Athos,18307209,
Athos,493032,
Athos,1404030,
Athos,3375169,
Athos,1497081,
Athos,794081,
Athos,5500978,
Athos,1272974,
Athos,3640778,
Athos,2824361,
Athos,610124,
Athos,977897,
Athos,6165438,
Athos,987493,
Athos,2005555,
Athos,584504,
Athos,1873719,
Athos,6501781,
Athos,729070,
Athos,2108856,
Athos,7972079,
Athos,1007997,
Athos,923403,
Athos,997023,
Athos,6119685,
Athos,6106839,
Athos,395218,
Athos,1124350,
Athos,2229361,
Athos,6579423,
Athos,3822053,
Athos,6507803,
Athos,5696124,
Athos,1364125,
Athos,3343425,
Athos,1297325,
Athos,2499335,
Athos,739053,
Athos,801304,
Athos,4634332,
Athos,5409336,
Athos,4840766,
Athos,57718542,
Athos,416416,
Athos,1169691,
Athos,734757,
Athos,942493,
Athos,292830,
Athos,3445223,
Athos,10614429,
Athos,429402,
Athos,6697934,
Athos,2833773,
Athos,2973862,
Athos,847405,
Athos,22131681,
Athos,1608189,
Athos,2660865,
Athos,388594,
Athos,45231611,
Athos,1667341,
Athos,38301516,
Athos,8868484,
Athos,873417,
Athos,3987251,
Athos,1227891,
Athos,8376401,
Athos,818073,
Athos,339328,
Athos,8946287,
Athos,3978869,
Athos,2831393,
Athos,2384482,
Athos,577905,
Athos,4371322,
Athos,2069138,
Athos,32085860,
Athos,1078488,
Athos,805639,
Athos,2171997,
Athos,6391859,
Athos,516639,
Athos,10367702,
Athos,824353,
Athos,1347301,
Athos,2024747,
Athos,4469266,
Athos,1363086,
Athos,992330,
Athos,6749860,
Athos,524285,
Athos,1916697,
Athos,46941446,
Athos,512342,
Athos,3397100,
Athos,2651472,
Athos,2252645,
Athos,4968120,
Athos,434530,
Athos,1101503,
Athos,1672185,
Athos,1329431,
Athos,982340,
Athos,530636,
Athos,1288169,
Athos,7748476,
Athos,985912,
Athos,266367,
Athos,2365804,
Athos,1181579,
Athos,467176,
Athos,364124,
Athos,1989152,
Athos,22613350,
Athos,488960,
Athos,1460387,
Athos,1091739,
Athos,1464365,
Athos,879149,
Athos,496012,
Athos,1806077,
Athos,5339581,
Athos,519853,
Athos,304053,
Athos,452918,
Athos,440975,
Athos,5787127,
Athos,16333802,
Athos,1692113,
Athos,168564,
Athos,1263851,
Athos,339732,
Athos,167006,
Athos,1882692,
Athos,562936,
Athos,25873564,
Athos,1721301,
Athos,642651,
Athos,12655356,
Athos,1966204,
Athos,1327456,
Athos,878259,
Athos,2711427,
Athos,269944,
Athos,942636,
Athos,11833496,
Athos,280481,
Athos,3418172,
Athos,1066272,
Athos,171500,
Athos,1692283,
Athos,1005717,
Athos,3369618,
Athos,273051,
Athos,333155,
Athos,719916,
Athos,3762057,
Athos,2161046,
Athos,20366853,
Athos,1774857,
Athos,566026,
Athos,17871006,
Athos,8650849,
Athos,197504,
Athos,988140,
Athos,3023635,
Athos,1400561,
Athos,967458,
Athos,3085979,
Athos,2238470,
Athos,1687469,
Athos,443951,
Athos,12326138,
Athos,441329,
Athos,1363179,
Athos,2224226,
Athos,338934,
Athos,423373,
Athos,40307769,
Athos,7980742,
Athos,487984,
Athos,1327259,
Athos,537057,
Athos,3575818,
Athos,1399571,
Athos,3919981,
Athos,471910,
Athos,3011387,
Athos,1109635,
Athos,576327,
Athos,54095753,
Athos,1233433,
Athos,9705411,
Athos,315184,
Athos,1823993,
Athos,8803490,
Athos,688199,
Athos,2283767,
Athos,906864,
Athos,9844753,
Athos,3384891,
Athos,13472657,
Athos,1000364,
Athos,13417446,
Athos,6622907,
Athos,1395331,
Athos,2657150,
Athos,2285119,
Athos,280560,
Athos,1274249,
Athos,21815515,
Athos,309583,
Athos,256366,
Athos,1147580,
Athos,3112260,
Athos,8465458,
Athos,35976249,
Athos,1076007,
Athos,247775,
Athos,5507808,
Athos,555700,
Athos,6194008,
Athos,1393257,
Athos,331240,
Athos,656692,
Athos,1500264,
Athos,228766,
Athos,1379225,
Athos,3179855,
Athos,801381,
Athos,1623193,
Athos,811107,
Athos,463841,
Athos,712541,
Athos,894824,
Athos,27411412,
Athos,5535382,
Athos,1891336,
Athos,572409,
Athos,487940,
Athos,969278,
Athos,1952534,
Athos,10283943,
Athos,424188,
Athos,458501,
Athos,681630,
Athos,399954,
Athos,34353548,
Athos,2202680,
Athos,618517,
Athos,12064584,
Athos,376568,
Athos,12157839,
Athos,261291,
Athos,364719,
Athos,5858901,
Athos,1068064,
Athos,4757968,
Athos,549783,
Athos,364183,
Athos,4665617,
Athos,364375,
Athos,191809,
Athos,1179330,
Athos,470804,
Athos,22422308,
Athos,192891,
Athos,496976,
Athos,2868361,
Athos,218105,
Athos,537672,
Athos,781514,
Athos,1834383,
Athos,304750,
Athos,502980,
Athos,720328,
Athos,2050915,
Athos,746707,
Athos,810190,
Athos,1510771,
Athos,725295,
Athos,991592,
Athos,626700,
Athos,721639,
Athos,638808,
Athos,303495,
Athos,735057,
Athos,627913,
Athos,187981,
Athos,2146575,
Athos,718697,
Athos,17320038,
Athos,665156,
Avelina - Topic,1299,
Avelina - Topic,649,
Avelina - Topic,40140,
Avelina - Topic,45459,
Avelina - Topic,1059,
Avelina - Topic,29753,
Avelina - Topic,582,
Avelina - Topic,23595,
Avelina - Topic,628,
Avelina - Topic,507648,
Avelina - Topic,9719,
Avelina - Topic,246748,
Avelina - Topic,10909,
Avelina - Topic,740,
Avelina - Topic,20618,
Avelina - Topic,21448,
Avelina - Topic,970,
Avelina - Topic,235277,
Avelina - Topic,1570,
Avelina - Topic,44696,
Avelina - Topic,2650,
Avelina - Topic,38631,
Avelina - Topic,1185,
Avelina - Topic,457797,
Avelina - Topic,37286,
Avelina - Topic,47695,
Avelina - Topic,1480,
Avelina - Topic,28365,
Avelina - Topic,1702,
Avelina - Topic,83703,
Avelina - Topic,7676,
Avelina - Topic,15005,
Avelina - Topic,437002,
Avelina - Topic,6907,
Avelina - Topic,1772,
Avelina - Topic,116408,
Avelina - Topic,3920,
Avelina - Topic,41558,
Avelina - Topic,1805,
Avelina - Topic,10800,
Avelina - Topic,1022,
Avelina - Topic,56716,
Avelina - Topic,1689,
Avelina - Topic,6921,
Avelina - Topic,83572,
Avelina - Topic,1447,
Avelina - Topic,52513,
Avelina - Topic,495,
Linhagem Geek,2887,
Linhagem Geek,3239,
Linhagem Geek,9130,
Linhagem Geek,20745,
Linhagem Geek,18015,
Linhagem Geek,8758,
Linhagem Geek,15770,
Linhagem Geek,10805,
Linhagem Geek,19222,
Linhagem Geek,9953,
Linhagem Geek,16526,
Linhagem Geek,26340,
Linhagem Geek,14724,
Linhagem Geek,9420,
Linhagem Geek,18018,
Linhagem Geek,10782,
Linhagem Geek,18521,
Linhagem Geek,13870,
Linhagem Geek,12590,
Linhagem Geek,24767,
Linhagem Geek,13647,
Linhagem Geek,20159,
Linhagem Geek,14842,
Linhagem Geek,14679,
Linhagem Geek,14752,
Linhagem Geek,67553,
Linhagem Geek,8910,
Linhagem Geek,14242,
Linhagem Geek,21593,
Linhagem Geek,12259,
Linhagem Geek,12086,
Linhagem Geek,19224,
Linhagem Geek,26140,
Linhagem Geek,61837,
Linhagem Geek,6432,
Linhagem Geek,16084,
Linhagem Geek,15053,
Linhagem Geek,25575,
Linhagem Geek,15292,
Linhagem Geek,6206,
Linhagem Geek,12219,
Linhagem Geek,33040,
Linhagem Geek,15047,
Linhagem Geek,19743,
Linhagem Geek,12925,
Linhagem Geek,7713,
Linhagem Geek,37144,
Linhagem Geek,16688,
Linhagem Geek,34190,
Linhagem Geek,22175,
Linhagem Geek,12499,
Linhagem Geek,35800,
Linhagem Geek,16405,
Linhagem Geek,21455,
Linhagem Geek,19143,
Linhagem Geek,19101,
Linhagem Geek,24698,
Linhagem Geek,18384,
Linhagem Geek,15964,
Linhagem Geek,18426,
Linhagem Geek,25333,
Linhagem Geek,21423,
Linhagem Geek,73076,
Linhagem Geek,21783,
Linhagem Geek,30108,
Linhagem Geek,22784,
Linhagem Geek,32796,
Linhagem Geek,10362,
Linhagem Geek,10339,
Linhagem Geek,12870,
Linhagem Geek,14710,
Linhagem Geek,17740,
Linhagem Geek,137169,
Linhagem Geek,18162,
Linhagem Geek,11582,
Linhagem Geek,41011,
Linhagem Geek,23964,
Linhagem Geek,9046,
Linhagem Geek,17812,
Linhagem Geek,28498,
Linhagem Geek,13830,
Linhagem Geek,44243,
Linhagem Geek,49638,
Linhagem Geek,30515,
Linhagem Geek,6012,
Linhagem Geek,14656,
Linhagem Geek,51684,
Linhagem Geek,46347,
Linhagem Geek,25079,
Linhagem Geek,15158,
Linhagem Geek,25820,
Linhagem Geek,18689,
Linhagem Geek,45575,
Linhagem Geek,20178,
Linhagem Geek,17895,
Linhagem Geek,12972,
Linhagem Geek,20616,
Linhagem Geek,24079,
Linhagem Geek,19718,
Linhagem Geek,12734,
Linhagem Geek,28143,
Linhagem Geek,18135,
Linhagem Geek,55531,
Linhagem Geek,112100,
Linhagem Geek,21191,
Linhagem Geek,18851,
Linhagem Geek,39996,
Linhagem Geek,28295,
Linhagem Geek,63772,
Linhagem Geek,20892,
Linhagem Geek,23494,
Linhagem Geek,44560,
Linhagem Geek,58090,
Linhagem Geek,20708,
Linhagem Geek,31949,
Linhagem Geek,27111,
Linhagem Geek,23972,
Linhagem Geek,73715,
Linhagem Geek,30100,
Linhagem Geek,11284,
Linhagem Geek,22943,
Linhagem Geek,7776,
Linhagem Geek,11153,
Linhagem Geek,8356,
Linhagem Geek,6669,
Linhagem Geek,1151,
Linhagem Geek,36361,
Linhagem Geek,18094,
Linhagem Geek,19707,
Linhagem Geek,45822,
Linhagem Geek,42752,
Linhagem Geek,63456,
Linhagem Geek,7436,
Linhagem Geek,30018,
Linhagem Geek,33535,
Linhagem Geek,12064,
Linhagem Geek,9123,
Linhagem Geek,15047,
Linhagem Geek,22351,
Linhagem Geek,67145,
Linhagem Geek,53318,
Linhagem Geek,51384,
Linhagem Geek,17318,
Linhagem Geek,19750,
Linhagem Geek,42854,
Linhagem Geek,15598,
Linhagem Geek,26880,
Linhagem Geek,16146,
Linhagem Geek,22271,
Linhagem Geek,39427,
Linhagem Geek,51923,
Linhagem Geek,35385,
Linhagem Geek,27133,
Linhagem Geek,7620,
Linhagem Geek,14511,
Linhagem Geek,21321,
Linhagem Geek,63583,
Linhagem Geek,31976,
Linhagem Geek,14251,
Linhagem Geek,30430,
Linhagem Geek,31714,
Linhagem Geek,5411,
Linhagem Geek,22102,
Linhagem Geek,69873,
Linhagem Geek,29097,
Linhagem Geek,11925,
Linhagem Geek,7176,
Linhagem Geek,15443,
Linhagem Geek,23437,
Linhagem Geek,30162,
Linhagem Geek,23178,
Linhagem Geek,20316,
Linhagem Geek,28306,
Linhagem Geek,59710,
Linhagem Geek,32951,
Linhagem Geek,22962,
Linhagem Geek,6089,
Linhagem Geek,17639,
Linhagem Geek,11551,
Linhagem Geek,7892,
Linhagem Geek,20129,
Linhagem Geek,18549,
Linhagem Geek,19884,
Linhagem Geek,16547,
Linhagem Geek,16507,
Linhagem Geek,10394,
Linhagem Geek,6250,
Linhagem Geek,19694,
Linhagem Geek,25027,
Linhagem Geek,6299,
Linhagem Geek,22598,
Linhagem Geek,12765,
Linhagem Geek,1081,
Linhagem Geek,1832,
Linhagem Geek,18472,
Linhagem Geek,20792,
Linhagem Geek,18523,
Linhagem Geek,17752,
Linhagem Geek,32909,
Linhagem Geek,17743,
Linhagem Geek,25123,
Linhagem Geek,20685,
Linhagem Geek,25312,
Linhagem Geek,19969,
Linhagem Geek,26435,
Linhagem Geek,16838,
Linhagem Geek,19980,
Linhagem Geek,9970,
Linhagem Geek,20162,
Linhagem Geek,6950,
Linhagem Geek,23731,
Linhagem Geek,17266,
Linhagem Geek,10330,
Linhagem Geek,22629,
Linhagem Geek,21950,
Linhagem Geek,21684,
Linhagem Geek,63572,
Linhagem Geek,8256,
Linhagem Geek,14538,
Linhagem Geek,57622,
Linhagem Geek,39379,
Linhagem Geek,26376,
Linhagem Geek,16044,
Linhagem Geek,7510,
Linhagem Geek,31956,
Linhagem Geek,18622,
Linhagem Geek,19628,
Linhagem Geek,59940,
Linhagem Geek,29154,
Linhagem Geek,16205,
Linhagem Geek,21621,
Linhagem Geek,41733,
Linhagem Geek,31809,
Linhagem Geek,9273,
Linhagem Geek,14381,
Linhagem Geek,3786,
Linhagem Geek,6446,
Linhagem Geek,33074,
Linhagem Geek,19915,
Linhagem Geek,35483,
Linhagem Geek,8077,
Linhagem Geek,70028,
Linhagem Geek,16849,
Linhagem Geek,22276,
Linhagem Geek,33764,
Linhagem Geek,24189,
Linhagem Geek,24167,
Linhagem Geek,22078,
Linhagem Geek,10964,
Linhagem Geek,19633,
Linhagem Geek,12724,
Linhagem Geek,8795,
Linhagem Geek,33824,
Linhagem Geek,20554,
Linhagem Geek,11227,
Linhagem Geek,2826,
Linhagem Geek,2507,
Linhagem Geek,1965,
Linhagem Geek,1299,
Linhagem Geek,5367,
Linhagem Geek,19935,
Linhagem Geek,24183,
Linhagem Geek,9553,
Linhagem Geek,18404,
Linhagem Geek,24260,
Linhagem Geek,19734,
Linhagem Geek,40901,
Linhagem Geek,22025,
Linhagem Geek,5912,
Linhagem Geek,35018,
Linhagem Geek,38597,
Linhagem Geek,19912,
Linhagem Geek,18802,
Linhagem Geek,21013,
Linhagem Geek,22160,
Linhagem Geek,16697,
Linhagem Geek,11621,
Linhagem Geek,36606,
Linhagem Geek,26284,
Linhagem Geek,23469,
Linhagem Geek,17191,
Linhagem Geek,8375,
Linhagem Geek,29395,
Linhagem Geek,22531,
Linhagem Geek,8188,
Linhagem Geek,62933,
Linhagem Geek,9663,
Linhagem Geek,65199,
Linhagem Geek,27111,
Linhagem Geek,18575,
Linhagem Geek,14835,
Linhagem Geek,11524,
Linhagem Geek,3073,
Linhagem Geek,13904,
Linhagem Geek,4084,
Linhagem Geek,1369,
Linhagem Geek,3237,
Linhagem Geek,18513,
Linhagem Geek,10576,
Linhagem Geek,14343,
Linhagem Geek,24308,
Linhagem Geek,31621,
Linhagem Geek,6380,
Linhagem Geek,62241,
Linhagem Geek,14796,
Linhagem Geek,11274,
Linhagem Geek,13997,
Linhagem Geek,30459,
Linhagem Geek,7993,
Linhagem Geek,26769,
Linhagem Geek,8650,
Linhagem Geek,8659,
Linhagem Geek,1733,
Linhagem Geek,1964,
Linhagem Geek,4056,
Linhagem Geek,14048,
Linhagem Geek,47950,
Linhagem Geek,7761,
Linhagem Geek,34681,
Linhagem Geek,24803,
Linhagem Geek,68205,
Linhagem Geek,11513,
Linhagem Geek,27050,
Linhagem Geek,29485,
Linhagem Geek,5807,
Linhagem Geek,3871,
Linhagem Geek,2250,
Linhagem Geek,2276,
Linhagem Geek,24791,
Linhagem Geek,31166,
Linhagem Geek,30653,
Linhagem Geek,7228,
Linhagem Geek,20872,
Linhagem Geek,20963,
Linhagem Geek,12716,
Linhagem Geek,7632,
Linhagem Geek,29199,
Linhagem Geek,10493,
Linhagem Geek,40405,
Linhagem Geek,11288,
Linhagem Geek,12088,
Linhagem Geek,25276,
Linhagem Geek,26381,
Linhagem Geek,8348,
Linhagem Geek,16309,
Linhagem Geek,74414,
Linhagem Geek,11664,
Linhagem Geek,44301,
Linhagem Geek,21499,
Linhagem Geek,6610,
Linhagem Geek,7655,
Linhagem Geek,13520,
Linhagem Geek,22892,
Linhagem Geek,9211,
Linhagem Geek,11913,
Linhagem Geek,3045,
Linhagem Geek,3193,
Linhagem Geek,12694,
Linhagem Geek,15166,
Linhagem Geek,21993,
Linhagem Geek,21476,
Linhagem Geek,8279,
Linhagem Geek,15930,
Linhagem Geek,10377,
Linhagem Geek,37526,
Linhagem Geek,46539,
Linhagem Geek,7149,
Linhagem Geek,13639,
Linhagem Geek,20457,
Linhagem Geek,6635,
Linhagem Geek,5980,
Linhagem Geek,7854,
Linhagem Geek,23977,
Linhagem Geek,18760,
Linhagem Geek,19204,
Linhagem Geek,11683,
Linhagem Geek,9040,
Linhagem Geek,11970,
Linhagem Geek,2138,
Linhagem Geek,1378,
Linhagem Geek,3333,
Linhagem Geek,2165,
Linhagem Geek,8546,
Linhagem Geek,10110,
Linhagem Geek,108660,
Linhagem Geek,37088,
Linhagem Geek,21797,
Linhagem Geek,8343,
Linhagem Geek,9707,
Linhagem Geek,38867,
Linhagem Geek,11877,
Linhagem Geek,10536,
Linhagem Geek,8892,
Linhagem Geek,4888,
Linhagem Geek,3948,
Linhagem Geek,3705,
Linhagem Geek,10637,
Linhagem Geek,26786,
Linhagem Geek,24539,
Linhagem Geek,10153,
Linhagem Geek,1904,
Linhagem Geek,9804,
Linhagem Geek,7222,
Linhagem Geek,10202,
Linhagem Geek,22411,
Linhagem Geek,26561,
Linhagem Geek,11348,
Linhagem Geek,17007,
Linhagem Geek,9898,
Linhagem Geek,10983,
Linhagem Geek,6551,
Linhagem Geek,2260,
Linhagem Geek,12552,
Linhagem Geek,27045,
Linhagem Geek,14332,
Linhagem Geek,14295,
Linhagem Geek,18087,
Linhagem Geek,10516,
Linhagem Geek,28420,
Linhagem Geek,21501,
Linhagem Geek,11440,
Linhagem Geek,2256,
Linhagem Geek,1339,
Linhagem Geek,13766,
Linhagem Geek,8908,
Linhagem Geek,30924,
Linhagem Geek,8157,
Linhagem Geek,21856,
Linhagem Geek,13370,
Linhagem Geek,15514,
Linhagem Geek,8609,
Linhagem Geek,14914,
Linhagem Geek,17063,
Linhagem Geek,14581,
Linhagem Geek,22002,
Linhagem Geek,6549,
Linhagem Geek,11585,
Linhagem Geek,6470,
Linhagem Geek,13761,
Linhagem Geek,9089,
Linhagem Geek,6082,
Linhagem Geek,20750,
Linhagem Geek,15929,
Linhagem Geek,16095,
Linhagem Geek,13043,
Linhagem Geek,12660,
Linhagem Geek,7355,
Linhagem Geek,4743,
Linhagem Geek,11512,
Linhagem Geek,15283,
Linhagem Geek,12065,
Linhagem Geek,18887,
Linhagem Geek,25797,
Linhagem Geek,10844,
Linhagem Geek,18304,
Linhagem Geek,9647,
Linhagem Geek,10711,
Linhagem Geek,16995,
Linhagem Geek,4232,
Linhagem Geek,11536,
Linhagem Geek,32305,
Linhagem Geek,2300,
Linhagem Geek,3159,
Linhagem Geek,23839,
Linhagem Geek,30594,
Linhagem Geek,11611,
Linhagem Geek,8857,
Linhagem Geek,6113,
Linhagem Geek,14201,
Linhagem Geek,44167,
Linhagem Geek,15040,
Linhagem Geek,30301,
Linhagem Geek,13144,
Linhagem Geek,8203,
Linhagem Geek,33579,
Linhagem Geek,39145,
Linhagem Geek,19189,
Linhagem Geek,13006,
Linhagem Geek,16372,
Linhagem Geek,42723,
Linhagem Geek,36296,
Linhagem Geek,6231,
Linhagem Geek,17079,
Linhagem Geek,18767,
Linhagem Geek,2678,
Linhagem Geek,2084,
Linhagem Geek,11974,
Linhagem Geek,19065,
Linhagem Geek,38209,
Linhagem Geek,24158,
Linhagem Geek,25947,
Linhagem Geek,7312,
Linhagem Geek,11940,
Linhagem Geek,4552,
Linhagem Geek,9075,
Linhagem Geek,3211,
Linhagem Geek,5357,
Linhagem Geek,27348,
Linhagem Geek,30536,
BRKsEDU,7398,
BRKsEDU,234917,
BRKsEDU,18993,
BRKsEDU,40887,
BRKsEDU,35442,
BRKsEDU,72355,
BRKsEDU,43647,
BRKsEDU,47375,
BRKsEDU,145424,
BRKsEDU,960843,
BRKsEDU,162579,
BRKsEDU,48735,
BRKsEDU,68272,
BRKsEDU,71537,
BRKsEDU,187201,
BRKsEDU,245100,
BRKsEDU,21620,
BRKsEDU,35594,
BRKsEDU,39083,
BRKsEDU,71965,
BRKsEDU,20065,
BRKsEDU,50317,
BRKsEDU,45472,
BRKsEDU,120741,
BRKsEDU,68704,
BRKsEDU,36653,
BRKsEDU,184239,
BRKsEDU,303192,
BRKsEDU,181598,
BRKsEDU,34650,
BRKsEDU,43407,
BRKsEDU,81774,
BRKsEDU,178657,
BRKsEDU,39526,
BRKsEDU,53318,
BRKsEDU,115617,
BRKsEDU,325708,
BRKsEDU,84704,
BRKsEDU,122839,
BRKsEDU,35572,
BRKsEDU,33232,
BRKsEDU,131789,
BRKsEDU,99705,
BRKsEDU,278177,
BRKsEDU,75572,
BRKsEDU,103182,
BRKsEDU,586341,
BRKsEDU,98521,
BRKsEDU,185474,
BRKsEDU,154540,
BRKsEDU,33384,
BRKsEDU,45625,
BRKsEDU,84074,
BRKsEDU,153847,
BRKsEDU,56137,
BRKsEDU,55824,
BRKsEDU,51579,
BRKsEDU,336195,
BRKsEDU,74595,
BRKsEDU,193532,
BRKsEDU,78062,
BRKsEDU,273513,
BRKsEDU,257175,
BRKsEDU,330032,
BRKsEDU,103896,
BRKsEDU,113615,
BRKsEDU,76143,
BRKsEDU,87437,
BRKsEDU,81989,
BRKsEDU,82843,
BRKsEDU,114720,
BRKsEDU,190051,
BRKsEDU,85162,
BRKsEDU,130816,
BRKsEDU,427205,
BRKsEDU,148943,
BRKsEDU,203447,
BRKsEDU,47298,
BRKsEDU,178255,
BRKsEDU,36182,
BRKsEDU,39265,
BRKsEDU,35859,
BRKsEDU,67743,
BRKsEDU,38223,
BRKsEDU,42160,
BRKsEDU,42879,
BRKsEDU,45207,
BRKsEDU,463535,
BRKsEDU,39220,
BRKsEDU,50441,
BRKsEDU,52173,
BRKsEDU,59727,
BRKsEDU,64450,
BRKsEDU,115691,
BRKsEDU,75069,
BRKsEDU,359501,
BRKsEDU,103523,
BRKsEDU,171467,
BRKsEDU,129101,
BRKsEDU,336457,
BRKsEDU,134470,
BRKsEDU,33949,
BRKsEDU,37517,
BRKsEDU,432507,
BRKsEDU,110241,
BRKsEDU,43658,
BRKsEDU,58045,
BRKsEDU,48229,
BRKsEDU,65166,
BRKsEDU,48430,
BRKsEDU,101064,
BRKsEDU,58030,
BRKsEDU,335801,
BRKsEDU,51941,
BRKsEDU,38626,
BRKsEDU,73478,
BRKsEDU,89404,
BRKsEDU,28706,
BRKsEDU,95277,
BRKsEDU,99082,
BRKsEDU,150553,
BRKsEDU,290040,
BRKsEDU,62764,
BRKsEDU,126654,
BRKsEDU,98746,
BRKsEDU,21554,
BRKsEDU,137608,
BRKsEDU,60439,
BRKsEDU,27163,
BRKsEDU,55638,
BRKsEDU,59512,
BRKsEDU,56728,
BRKsEDU,218030,
BRKsEDU,176634,
BRKsEDU,319311,
BRKsEDU,28951,
BRKsEDU,533625,
BRKsEDU,25468,
BRKsEDU,26227,
BRKsEDU,30801,
BRKsEDU,129943,
BRKsEDU,115566,
BRKsEDU,43484,
BRKsEDU,183684,
BRKsEDU,38115,
BRKsEDU,34791,
BRKsEDU,36151,
BRKsEDU,36748,
BRKsEDU,39312,
BRKsEDU,854513,
BRKsEDU,38768,
BRKsEDU,40111,
BRKsEDU,40643,
BRKsEDU,147582,
BRKsEDU,45562,
BRKsEDU,145775,
BRKsEDU,50015,
BRKsEDU,58850,
BRKsEDU,141984,
BRKsEDU,69810,
BRKsEDU,92799,
BRKsEDU,131909,
BRKsEDU,124702,
BRKsEDU,396052,
BRKsEDU,210062,
BRKsEDU,56098,
BRKsEDU,158984,
BRKsEDU,118572,
BRKsEDU,214808,
BRKsEDU,137216,
BRKsEDU,125112,
BRKsEDU,184637,
BRKsEDU,1109992,
BRKsEDU,107979,
BRKsEDU,96062,
BRKsEDU,108720,
BRKsEDU,111443,
BRKsEDU,110556,
BRKsEDU,104211,
BRKsEDU,142599,
BRKsEDU,100721,
BRKsEDU,160823,
BRKsEDU,473782,
BRKsEDU,59680,
BRKsEDU,157236,
BRKsEDU,255406,
BRKsEDU,164294,
BRKsEDU,196016,
BRKsEDU,25023,
BRKsEDU,143005,
BRKsEDU,140918,
BRKsEDU,260305,
BRKsEDU,184868,
BRKsEDU,117223,
BRKsEDU,298705,
BRKsEDU,647479,
BRKsEDU,502784,
BRKsEDU,54884,
BRKsEDU,126857,
BRKsEDU,21784,
BRKsEDU,88036,
BRKsEDU,25471,
BRKsEDU,52145,
BRKsEDU,180534,
BRKsEDU,74060,
BRKsEDU,24705,
BRKsEDU,74898,
BRKsEDU,157655,
BRKsEDU,108690,
BRKsEDU,473044,
BRKsEDU,32929,
BRKsEDU,40699,
BRKsEDU,56684,
BRKsEDU,30428,
BRKsEDU,159785,
BRKsEDU,29859,
BRKsEDU,49185,
BRKsEDU,38493,
BRKsEDU,92417,
BRKsEDU,35100,
BRKsEDU,18815,
BRKsEDU,121898,
BRKsEDU,221034,
BRKsEDU,31954,
BRKsEDU,160498,
BRKsEDU,36648,
BRKsEDU,80830,
BRKsEDU,104617,
BRKsEDU,44467,
BRKsEDU,40152,
BRKsEDU,33996,
BRKsEDU,825711,
BRKsEDU,36424,
BRKsEDU,33699,
BRKsEDU,123215,
BRKsEDU,51728,
BRKsEDU,29337,
BRKsEDU,32705,
BRKsEDU,69862,
BRKsEDU,34263,
BRKsEDU,36937,
BRKsEDU,92394,
BRKsEDU,45697,
BRKsEDU,55127,
BRKsEDU,23533,
BRKsEDU,48408,
BRKsEDU,337053,
BRKsEDU,51562,
BRKsEDU,123515,
BRKsEDU,62496,
BRKsEDU,196406,
BRKsEDU,77021,
BRKsEDU,635539,
BRKsEDU,826058,
BRKsEDU,119324,
BRKsEDU,429121,
BRKsEDU,378446,
BRKsEDU,372851,
BRKsEDU,68517,
BRKsEDU,102016,
BRKsEDU,64167,
BRKsEDU,161622,
BRKsEDU,479579,
BRKsEDU,266538,
BRKsEDU,87244,
BRKsEDU,296433,
BRKsEDU,224739,
BRKsEDU,30812,
BRKsEDU,130308,
BRKsEDU,37380,
BRKsEDU,75436,
BRKsEDU,181080,
BRKsEDU,345922,
BRKsEDU,93138,
BRKsEDU,33110,
BRKsEDU,87841,
BRKsEDU,297334,
BRKsEDU,574854,
BRKsEDU,96191,
BRKsEDU,150871,
BRKsEDU,104417,
BRKsEDU,127567,
BRKsEDU,100677,
BRKsEDU,115147,
BRKsEDU,54601,
BRKsEDU,305412,
BRKsEDU,361043,
BRKsEDU,74428,
BRKsEDU,70389,
BRKsEDU,141070,
BRKsEDU,316846,
BRKsEDU,224986,
BRKsEDU,160271,
BRKsEDU,102430,
BRKsEDU,183764,
BRKsEDU,263786,
BRKsEDU,913514,
BRKsEDU,84373,
BRKsEDU,331812,
BRKsEDU,403354,
BRKsEDU,136551,
BRKsEDU,92174,
BRKsEDU,178028,
BRKsEDU,332431,
BRKsEDU,112830,
BRKsEDU,589477,
BRKsEDU,76904,
BRKsEDU,42131,
BRKsEDU,49821,
BRKsEDU,60316,
BRKsEDU,77046,
BRKsEDU,87918,
BRKsEDU,166117,
BRKsEDU,442815,
BRKsEDU,63584,
BRKsEDU,64168,
BRKsEDU,75310,
BRKsEDU,27614,
BRKsEDU,75882,
BRKsEDU,63122,
BRKsEDU,62121,
BRKsEDU,65249,
BRKsEDU,77624,
BRKsEDU,75157,
BRKsEDU,85611,
BRKsEDU,176414,
BRKsEDU,89002,
BRKsEDU,110894,
BRKsEDU,152631,
BRKsEDU,233105,
BRKsEDU,540035,
BRKsEDU,279134,
BRKsEDU,691161,
BRKsEDU,186730,
BRKsEDU,101140,
BRKsEDU,555369,
BRKsEDU,710042,
BRKsEDU,69864,
BRKsEDU,56479,
BRKsEDU,269531,
BRKsEDU,62367,
BRKsEDU,76907,
BRKsEDU,234141,
BRKsEDU,92167,
BRKsEDU,338777,
BRKsEDU,305662,
BRKsEDU,645480,
BRKsEDU,100152,
BRKsEDU,144099,
BRKsEDU,280504,
BRKsEDU,48379,
BRKsEDU,27582,
BRKsEDU,187025,
BRKsEDU,27052,
BRKsEDU,156371,
BRKsEDU,31698,
BRKsEDU,46679,
BRKsEDU,32101,
BRKsEDU,146337,
BRKsEDU,144156,
BRKsEDU,156410,
BRKsEDU,31955,
BRKsEDU,118756,
BRKsEDU,75539,
BRKsEDU,1024523,
BRKsEDU,97967,
BRKsEDU,76933,
BRKsEDU,77265,
BRKsEDU,36969,
BRKsEDU,76554,
BRKsEDU,37709,
BRKsEDU,89535,
BRKsEDU,44131,
BRKsEDU,83137,
BRKsEDU,50154,
BRKsEDU,96579,
BRKsEDU,56512,
BRKsEDU,111028,
BRKsEDU,64866,
BRKsEDU,98186,
BRKsEDU,210368,
BRKsEDU,100101,
BRKsEDU,71335,
BRKsEDU,35831,
BRKsEDU,97534,
BRKsEDU,107692,
BRKsEDU,115357,
BRKsEDU,127545,
BRKsEDU,118736,
BRKsEDU,30875,
BRKsEDU,54831,
BRKsEDU,137328,
BRKsEDU,24604,
BRKsEDU,155595,
BRKsEDU,20972,
BRKsEDU,178408,
BRKsEDU,24431,
BRKsEDU,244484,
BRKsEDU,29436,
BRKsEDU,580288,
BRKsEDU,186493,
BRKsEDU,413085,
BRKsEDU,22430,
BRKsEDU,144347,
BRKsEDU,22731,
BRKsEDU,1036621,
BRKsEDU,64655,
BRKsEDU,23728,
BRKsEDU,223435,
BRKsEDU,203738,
BRKsEDU,23550,
BRKsEDU,23412,
BRKsEDU,23949,
BRKsEDU,27910,
BRKsEDU,31340,
BRKsEDU,35474,
BRKsEDU,41066,
BRKsEDU,48498,
BRKsEDU,57399,
BRKsEDU,135884,
BRKsEDU,123191,
BRKsEDU,134287,
BRKsEDU,609877,
BRKsEDU,105856,
BRKsEDU,60705,
BRKsEDU,59616,
BRKsEDU,93953,
BRKsEDU,125671,
BRKsEDU,133992,
BRKsEDU,81886,
BRKsEDU,85177,
BRKsEDU,59881,
BRKsEDU,100413,
BRKsEDU,1226058,
BRKsEDU,122676,
BRKsEDU,109006,
BRKsEDU,90242,
BRKsEDU,156947,
BRKsEDU,70688,
BRKsEDU,155356,
BRKsEDU,76673,
BRKsEDU,260902,
BRKsEDU,164267,
BRKsEDU,91531,
BRKsEDU,106524,
BRKsEDU,504378,
BRKsEDU,183270,
BRKsEDU,161398,
BRKsEDU,330119,
BRKsEDU,46668,
BRKsEDU,302621,
BRKsEDU,222210,
BRKsEDU,401963,
BRKsEDU,119792,
BRKsEDU,132861,
BRKsEDU,144228,
BRKsEDU,305527,
BRKsEDU,170479,
BRKsEDU,85341,
BRKsEDU,236939,
BRKsEDU,302180,
BRKsEDU,342766,
BRKsEDU,246181,
BRKsEDU,341864,
BRKsEDU,530255,
BRKsEDU,80149,
BRKsEDU,274811,
BRKsEDU,1639516,
BRKsEDU,71168,
BRKsEDU,368593,
BRKsEDU,76106,
BRKsEDU,63022,
BRKsEDU,59656,
BRKsEDU,36032,
BRKsEDU,109910,
BRKsEDU,129879,
BRKsEDU,168335,
BRKsEDU,455305,
BRKsEDU,81562,
BRKsEDU,30414,
BRKsEDU,113969,
BRKsEDU,97936,
BRKsEDU,261762,
BRKsEDU,52924,
BRKsEDU,249899,
BRKsEDU,242726,
BRKsEDU,283001,
BRKsEDU,35901,
BRKsEDU,1052682,
BRKsEDU,36459,
BRKsEDU,95236,
BRKsEDU,39931,
BRKsEDU,82924,
BRKsEDU,78522,
BRKsEDU,49054,
BRKsEDU,52597,
BRKsEDU,68208,
BRKsEDU,83632,
BRKsEDU,161029,
Vitor Fernandes,296,
Vitor Fernandes,1533,
Vitor Fernandes,5443,
Vitor Fernandes,5565,
Vitor Fernandes,11713,
Vitor Fernandes,4329,
Vitor Fernandes,0,
Vitor Fernandes,4094,
Vitor Fernandes,21,
Vitor Fernandes,0,
Vitor Fernandes,9,
Vitor Fernandes,0,
Vitor Fernandes,0,
Vitor Fernandes,0,
Vitor Fernandes,0,
Vitor Fernandes,0,
Vitor Fernandes,20307,
Vitor Fernandes,5917,
Vitor Fernandes,21230,
Vitor Fernandes,2872,
Vitor Fernandes,11161,
Vitor Fernandes,6724,
Vitor Fernandes,5367,
Vitor Fernandes,8404,
Vitor Fernandes,4409,
Vitor Fernandes,4283,
Vitor Fernandes,4306,
Vitor Fernandes,8291,
Vitor Fernandes,5414,
Vitor Fernandes,4000,
Vitor Fernandes,3958,
Vitor Fernandes,4052,
Vitor Fernandes,4340,
Vitor Fernandes,5894,
Vitor Fernandes,4993,
Vitor Fernandes,7976,
Vitor Fernandes,14087,
Vitor Fernandes,208269,
Vitor Fernandes,179788,
Vitor Fernandes,62787,
Vitor Fernandes,275925,
Vitor Fernandes,48633,
Vitor Fernandes,52752,
Vitor Fernandes,104312,
Vitor Fernandes,258011,
Vitor Fernandes,13187,
Vitor Fernandes,14434,
Vitor Fernandes,9481,
Vitor Fernandes,13484,
Vitor Fernandes,1653105,
Vitor Fernandes,428283,
Vitor Fernandes,17192,
Vitor Fernandes,9202,
Vitor Fernandes,15519,
Vitor Fernandes,2741714,
Vitor Fernandes,5654727,
Vitor Fernandes,1292418,
Vitor Fernandes,3518208,
Vitor Fernandes,1497252,
Vitor Fernandes,1001616,
Vitor Fernandes,8219,
Vitor Fernandes,589210,
Vitor Fernandes,1475451,
Vitor Fernandes,530290,
Vitor Fernandes,2496339,
Vitor Fernandes,634405,
Vitor Fernandes,1745389,
Vitor Fernandes,743473,
Vitor Fernandes,11128,
Vitor Fernandes,23272,
Vitor Fernandes,908789,
Vitor Fernandes,2480955,
Vitor Fernandes,1464491,
Vitor Fernandes,1234149,
Vitor Fernandes,10699642,
Vitor Fernandes,1503921,
Vitor Fernandes,879151,
Vitor Fernandes,1068264,
Vitor Fernandes,4387979,
Vitor Fernandes,239941,
Vitor Fernandes,6493017,
Vitor Fernandes,1098252,
Vitor Fernandes,18642,
Vitor Fernandes,21838,
Vitor Fernandes,9504,
Vitor Fernandes,5982,
Vitor Fernandes,10633,
Vitor Fernandes,30011,
Vitor Fernandes,8442,
Vitor Fernandes,15221,
Vitor Fernandes,14719,
Vitor Fernandes,10392,
Vitor Fernandes,9622,
Vitor Fernandes,8059,
Vitor Fernandes,10404,
Vitor Fernandes,10383,
Vitor Fernandes,21251,
Vitor Fernandes,27215,
Vitor Fernandes,14448,
Vitor Fernandes,23616,
Vitor Fernandes,6343,
Vitor Fernandes,8771,
Vitor Fernandes,6561,
Vitor Fernandes,17243,
Vitor Fernandes,5310,
Vitor Fernandes,5871,
Vitor Fernandes,5308,
Vitor Fernandes,7136,
Vitor Fernandes,9879,
Vitor Fernandes,6179,
Vitor Fernandes,5808,
Vitor Fernandes,9847,
Vitor Fernandes,5416,
Vitor Fernandes,5818,
Vitor Fernandes,9852,
Vitor Fernandes,6222,
Vitor Fernandes,4424,
Vitor Fernandes,6335,
Vitor Fernandes,5978,
Vitor Fernandes,6322,
Vitor Fernandes,7571,
Vitor Fernandes,11713,
Vitor Fernandes,5804,
Vitor Fernandes,5519,
Vitor Fernandes,5600,
Vitor Fernandes,7849,
Vitor Fernandes,7970,
Vitor Fernandes,8684,
Vitor Fernandes,11408,
Vitor Fernandes,3919,
Vitor Fernandes,5833,
Vitor Fernandes,7142,
Vitor Fernandes,6602,
Vitor Fernandes,6420,
Vitor Fernandes,4765,
Vitor Fernandes,7927,
Vitor Fernandes,8367,
Vitor Fernandes,7851,
Vitor Fernandes,8334,
Vitor Fernandes,6784,
Vitor Fernandes,15226,
Vitor Fernandes,13609,
Vitor Fernandes,15296,
Vitor Fernandes,7062,
Vitor Fernandes,726186,
Vitor Fernandes,9008,
Vitor Fernandes,13686,
Vitor Fernandes,7356,
Vitor Fernandes,8460,
Vitor Fernandes,6063,
Vitor Fernandes,6413,
Vitor Fernandes,6597,
Vitor Fernandes,5710,
Vitor Fernandes,5132,
Vitor Fernandes,6409,
Vitor Fernandes,9882,
Vitor Fernandes,7908,
Vitor Fernandes,10201,
Vitor Fernandes,7761,
Vitor Fernandes,7413,
Vitor Fernandes,9165,
Vitor Fernandes,11708,
Vitor Fernandes,56874,
Vitor Fernandes,8121,
Vitor Fernandes,6064,
Vitor Fernandes,6181,
Vitor Fernandes,15271,
Vitor Fernandes,687338,
Vitor Fernandes,298807,
Vitor Fernandes,4124558,
Vitor Fernandes,760566,
Vitor Fernandes,1496060,
Vitor Fernandes,1344008,
Vitor Fernandes,434302,
Vitor Fernandes,975042,
Vitor Fernandes,1405984,
Vitor Fernandes,678466,
Vitor Fernandes,558925,
Vitor Fernandes,257207,
Vitor Fernandes,368095,
Vitor Fernandes,330995,
Vitor Fernandes,481463,
Vitor Fernandes,1084003,
Vitor Fernandes,640922,
Vitor Fernandes,7132631,
Vitor Fernandes,9885223,
Vitor Fernandes,3937573,
Vitor Fernandes,3495806,
Vitor Fernandes,9878184,
Vitor Fernandes,42302872,
Vitor Fernandes,15862358,
Vitor Fernandes,6438302,
Vitor Fernandes,5210931,
Vitor Fernandes,25633352,
Vitor Fernandes,1534646,
Vitor Fernandes,60736347,
Vitor Fernandes,28704539,
Vitor Fernandes,4145937,
Vitor Fernandes,23431158,
Vitor Fernandes,9023916,
Vitor Fernandes,2790274,
Vitor Fernandes,5415268,
Vitor Fernandes,1643874,
Vitor Fernandes,547727,
Vitor Fernandes,14445165,
Vitor Fernandes,38748071,
Vitor Fernandes,274328,
Vitor Fernandes,360501,
Vitor Fernandes,134743,
Vitor Fernandes,222426,
Vitor Fernandes,403809,
Vitor Fernandes,257077,
Vitor Fernandes,554718,
Vitor Fernandes,536267,
Vitor Fernandes,1078591,
Vitor Fernandes,1257200,
Vitor Fernandes,2464319,
Vitor Fernandes,7086018,
Vitor Fernandes,7125810,
Vitor Fernandes,3040726,
Vitor Fernandes,5061722,
Vitor Fernandes,3891446,
Vitor Fernandes,5025763,
Vitor Fernandes,9919014,
Vitor Fernandes,2455652,
Vitor Fernandes,13366208,
Vitor Fernandes,124623544,
Vitor Fernandes,4963813,
Vitor Fernandes,2072677,
Vitor Fernandes,391224,
Vitor Fernandes,13138696,
Vitor Fernandes,1069014,
Vitor Fernandes,1838891,
Vitor Fernandes,1051031,
Vitor Fernandes,330741,
Vitor Fernandes,2828656,
Vitor Fernandes,24212575,
Vitor Fernandes,402627,
Vitor Fernandes,916944,
Vitor Fernandes,76074850,
Vitor Fernandes,11637720,
Vitor Fernandes,10124087,
Vitor Fernandes,4926294,
Vitor Fernandes,2884210,
Vitor Fernandes,5803865,
Vitor Fernandes,37241521,
Vitor Fernandes,27546320,
Vitor Fernandes,87455198,
Vitor Fernandes,112172761,
Vitor Fernandes,31867215,
Vitor Fernandes,14716604,
Vitor Fernandes,5547754,
Vitor Fernandes,14556702,
Vitor Fernandes,8953892,
Vitor Fernandes,935461,
Vitor Fernandes,888592,
Vitor Fernandes,6365635,
Vitor Fernandes,3348456,
Vitor Fernandes,120824369,
Vitor Fernandes,6142412,
Vitor Fernandes,1619508,
Vitor Fernandes,38003569,
Vitor Fernandes,908855,
Vitor Fernandes,2486414,
Vitor Fernandes,143730258,
Vitor Fernandes,186020100,
Vitor Fernandes,20992090,
Vitor Fernandes,0,
Vitor Fernandes,17939368,
Vitor Fernandes,12745130,
Vitor Fernandes,356190719,
Vitor Fernandes,20388215,
Vitor Fernandes,142147,
Vitor Fernandes,2211,
Vitor Fernandes,1067850,
Vitor Fernandes,3406803,
Vitor Fernandes,4295776,
Vitor Fernandes,12007641,
Vitor Fernandes,18926589,
Vitor Fernandes,13924929,
My Singing Monsters,60805,
My Singing Monsters,43514,
My Singing Monsters,214488,
My Singing Monsters,87875,
My Singing Monsters,64299,
My Singing Monsters,57566,
My Singing Monsters,115692,
My Singing Monsters,71252,
My Singing Monsters,87774,
My Singing Monsters,105071,
My Singing Monsters,133357,
My Singing Monsters,49954,
My Singing Monsters,82692,
My Singing Monsters,137874,
My Singing Monsters,106455,
My Singing Monsters,146700,
My Singing Monsters,263041,
My Singing Monsters,386281,
My Singing Monsters,232608,
My Singing Monsters,256347,
My Singing Monsters,221027,
My Singing Monsters,77344,
My Singing Monsters,686871,
My Singing Monsters,110972,
My Singing Monsters,321793,
My Singing Monsters,128255,
My Singing Monsters,99005,
My Singing Monsters,312485,
My Singing Monsters,487647,
My Singing Monsters,125295,
My Singing Monsters,187445,
My Singing Monsters,317705,
My Singing Monsters,191354,
My Singing Monsters,101170,
My Singing Monsters,1455575,
My Singing Monsters,332137,
My Singing Monsters,254564,
My Singing Monsters,118377,
My Singing Monsters,262116,
My Singing Monsters,213838,
My Singing Monsters,1212514,
My Singing Monsters,742033,
My Singing Monsters,760424,
My Singing Monsters,451957,
My Singing Monsters,289156,
My Singing Monsters,516958,
My Singing Monsters,79280,
My Singing Monsters,663176,
My Singing Monsters,195425,
My Singing Monsters,290888,
My Singing Monsters,223392,
My Singing Monsters,297946,
My Singing Monsters,171179,
My Singing Monsters,263608,
My Singing Monsters,206175,
My Singing Monsters,270249,
My Singing Monsters,340235,
My Singing Monsters,334685,
My Singing Monsters,199980,
My Singing Monsters,457845,
My Singing Monsters,961131,
My Singing Monsters,182284,
My Singing Monsters,378608,
My Singing Monsters,346942,
My Singing Monsters,248145,
My Singing Monsters,280103,
My Singing Monsters,852378,
My Singing Monsters,228819,
My Singing Monsters,191818,
My Singing Monsters,190891,
My Singing Monsters,156046,
My Singing Monsters,189201,
My Singing Monsters,312262,
My Singing Monsters,364509,
My Singing Monsters,803583,
My Singing Monsters,1347752,
My Singing Monsters,197330,
My Singing Monsters,223006,
My Singing Monsters,212836,
My Singing Monsters,217708,
My Singing Monsters,186353,
My Singing Monsters,200726,
My Singing Monsters,226263,
My Singing Monsters,153717,
My Singing Monsters,1123303,
My Singing Monsters,662255,
My Singing Monsters,70252,
My Singing Monsters,692189,
My Singing Monsters,231040,
My Singing Monsters,1180499,
My Singing Monsters,190040,
My Singing Monsters,424955,
My Singing Monsters,200906,
My Singing Monsters,204581,
My Singing Monsters,253123,
My Singing Monsters,51493,
My Singing Monsters,340559,
My Singing Monsters,75293,
My Singing Monsters,137464,
My Singing Monsters,139226,
My Singing Monsters,154380,
My Singing Monsters,127068,
My Singing Monsters,139493,
My Singing Monsters,133501,
My Singing Monsters,222634,
My Singing Monsters,56719,
My Singing Monsters,153738,
My Singing Monsters,140804,
My Singing Monsters,188385,
My Singing Monsters,167125,
My Singing Monsters,334245,
My Singing Monsters,616785,
My Singing Monsters,139735,
My Singing Monsters,166834,
My Singing Monsters,132033,
My Singing Monsters,242760,
My Singing Monsters,135715,
My Singing Monsters,136377,
My Singing Monsters,821259,
My Singing Monsters,144823,
My Singing Monsters,148900,
My Singing Monsters,155059,
My Singing Monsters,318381,
My Singing Monsters,156718,
My Singing Monsters,335097,
My Singing Monsters,140695,
My Singing Monsters,101193,
My Singing Monsters,114053,
My Singing Monsters,139152,
My Singing Monsters,144584,
My Singing Monsters,161704,
My Singing Monsters,132131,
My Singing Monsters,212102,
My Singing Monsters,390149,
My Singing Monsters,373942,
My Singing Monsters,171682,
My Singing Monsters,409781,
My Singing Monsters,194681,
My Singing Monsters,187746,
My Singing Monsters,185761,
My Singing Monsters,213378,
My Singing Monsters,144824,
My Singing Monsters,175271,
My Singing Monsters,148569,
My Singing Monsters,201697,
My Singing Monsters,138536,
My Singing Monsters,132577,
My Singing Monsters,155941,
My Singing Monsters,157965,
My Singing Monsters,178100,
My Singing Monsters,295600,
My Singing Monsters,110241,
My Singing Monsters,388271,
My Singing Monsters,583309,
My Singing Monsters,139603,
My Singing Monsters,91885,
My Singing Monsters,504338,
My Singing Monsters,352116,
My Singing Monsters,104204,
My Singing Monsters,143659,
My Singing Monsters,124626,
My Singing Monsters,63416,
My Singing Monsters,398711,
My Singing Monsters,163986,
My Singing Monsters,203125,
My Singing Monsters,117242,
My Singing Monsters,197652,
My Singing Monsters,100938,
My Singing Monsters,96718,
My Singing Monsters,231359,
My Singing Monsters,390388,
My Singing Monsters,272761,
My Singing Monsters,90973,
My Singing Monsters,152623,
My Singing Monsters,123395,
My Singing Monsters,216332,
My Singing Monsters,48817,
My Singing Monsters,190823,
My Singing Monsters,224034,
My Singing Monsters,412517,
My Singing Monsters,161935,
My Singing Monsters,247233,
My Singing Monsters,135112,
My Singing Monsters,87462,
My Singing Monsters,91226,
My Singing Monsters,172894,
My Singing Monsters,257868,
My Singing Monsters,142433,
My Singing Monsters,126375,
My Singing Monsters,121817,
My Singing Monsters,157507,
My Singing Monsters,234065,
My Singing Monsters,159483,
My Singing Monsters,52094,
My Singing Monsters,123411,
My Singing Monsters,63849,
My Singing Monsters,200151,
My Singing Monsters,139548,
My Singing Monsters,345056,
My Singing Monsters,166150,
My Singing Monsters,686577,
My Singing Monsters,96972,
My Singing Monsters,137972,
My Singing Monsters,380625,
My Singing Monsters,79797,
My Singing Monsters,391095,
My Singing Monsters,181745,
My Singing Monsters,1102991,
My Singing Monsters,248991,
My Singing Monsters,190127,
My Singing Monsters,149823,
My Singing Monsters,148769,
My Singing Monsters,134299,
My Singing Monsters,156320,
My Singing Monsters,229751,
My Singing Monsters,54317,
My Singing Monsters,172156,
My Singing Monsters,1514556,
My Singing Monsters,247146,
My Singing Monsters,317113,
My Singing Monsters,105959,
My Singing Monsters,177949,
My Singing Monsters,124444,
My Singing Monsters,216916,
My Singing Monsters,214157,
My Singing Monsters,424523,
My Singing Monsters,120731,
My Singing Monsters,112489,
My Singing Monsters,109289,
My Singing Monsters,164154,
My Singing Monsters,128157,
My Singing Monsters,161459,
My Singing Monsters,146000,
My Singing Monsters,186631,
My Singing Monsters,407216,
My Singing Monsters,294162,
My Singing Monsters,189325,
My Singing Monsters,166911,
My Singing Monsters,42364,
My Singing Monsters,534628,
My Singing Monsters,992157,
My Singing Monsters,215106,
My Singing Monsters,274718,
My Singing Monsters,320530,
My Singing Monsters,85987,
My Singing Monsters,121094,
My Singing Monsters,114715,
My Singing Monsters,312966,
My Singing Monsters,145445,
My Singing Monsters,244930,
My Singing Monsters,120138,
My Singing Monsters,163532,
My Singing Monsters,287444,
My Singing Monsters,214144,
My Singing Monsters,175095,
My Singing Monsters,229446,
My Singing Monsters,323014,
My Singing Monsters,636231,
My Singing Monsters,77252,
My Singing Monsters,227208,
My Singing Monsters,3530307,
My Singing Monsters,296478,
My Singing Monsters,706526,
My Singing Monsters,340905,
My Singing Monsters,190195,
My Singing Monsters,296803,
My Singing Monsters,184602,
My Singing Monsters,279076,
My Singing Monsters,371874,
My Singing Monsters,214209,
My Singing Monsters,169229,
My Singing Monsters,199306,
My Singing Monsters,123448,
My Singing Monsters,62958,
My Singing Monsters,136424,
My Singing Monsters,119723,
My Singing Monsters,177947,
My Singing Monsters,234980,
My Singing Monsters,94571,
My Singing Monsters,224757,
My Singing Monsters,112357,
My Singing Monsters,167354,
My Singing Monsters,292715,
My Singing Monsters,441682,
My Singing Monsters,107428,
My Singing Monsters,251499,
My Singing Monsters,206897,
My Singing Monsters,839044,
My Singing Monsters,227459,
My Singing Monsters,173979,
My Singing Monsters,216649,
My Singing Monsters,163028,
My Singing Monsters,92161,
My Singing Monsters,80809,
My Singing Monsters,1978901,
My Singing Monsters,239488,
My Singing Monsters,173042,
My Singing Monsters,102711,
My Singing Monsters,429284,
My Singing Monsters,179347,
My Singing Monsters,109004,
My Singing Monsters,331661,
My Singing Monsters,79156,
My Singing Monsters,74146,
My Singing Monsters,325852,
My Singing Monsters,258565,
My Singing Monsters,324944,
My Singing Monsters,321136,
My Singing Monsters,208733,
My Singing Monsters,461637,
My Singing Monsters,181301,
My Singing Monsters,139539,
My Singing Monsters,253270,
My Singing Monsters,276920,
My Singing Monsters,1521705,
My Singing Monsters,169149,
My Singing Monsters,92242,
My Singing Monsters,259248,
My Singing Monsters,334947,
My Singing Monsters,180635,
My Singing Monsters,620473,
My Singing Monsters,125674,
My Singing Monsters,935285,
My Singing Monsters,85588,
My Singing Monsters,263416,
My Singing Monsters,418699,
My Singing Monsters,124220,
My Singing Monsters,220156,
My Singing Monsters,353081,
My Singing Monsters,93330,
My Singing Monsters,188690,
My Singing Monsters,461671,
My Singing Monsters,120157,
My Singing Monsters,1964089,
My Singing Monsters,152256,
My Singing Monsters,1877949,
My Singing Monsters,153147,
My Singing Monsters,349278,
My Singing Monsters,1197909,
My Singing Monsters,296121,
My Singing Monsters,552706,
My Singing Monsters,97570,
My Singing Monsters,255310,
My Singing Monsters,145664,
My Singing Monsters,344297,
My Singing Monsters,121041,
My Singing Monsters,377576,
My Singing Monsters,248679,
My Singing Monsters,848770,
My Singing Monsters,364229,
My Singing Monsters,332347,
My Singing Monsters,7614312,
My Singing Monsters,258006,
My Singing Monsters,112701,
My Singing Monsters,213046,
My Singing Monsters,443084,
My Singing Monsters,408792,
My Singing Monsters,94444,
My Singing Monsters,304079,
My Singing Monsters,160065,
My Singing Monsters,170521,
My Singing Monsters,160069,
My Singing Monsters,412767,
My Singing Monsters,400674,
My Singing Monsters,285721,
My Singing Monsters,226567,
My Singing Monsters,4833241,
My Singing Monsters,338625,
My Singing Monsters,172173,
My Singing Monsters,744722,
My Singing Monsters,612381,
My Singing Monsters,113690,
My Singing Monsters,501748,
My Singing Monsters,187744,
My Singing Monsters,147606,
My Singing Monsters,124013,
My Singing Monsters,213978,
My Singing Monsters,587163,
My Singing Monsters,331629,
My Singing Monsters,452149,
My Singing Monsters,1814169,
My Singing Monsters,115712,
My Singing Monsters,155229,
My Singing Monsters,170108,
My Singing Monsters,311589,
My Singing Monsters,1158781,
My Singing Monsters,2679339,
My Singing Monsters,369943,
My Singing Monsters,310137,
My Singing Monsters,250651,
My Singing Monsters,610771,
My Singing Monsters,827351,
My Singing Monsters,1634428,
My Singing Monsters,112015,
My Singing Monsters,128651,
My Singing Monsters,465863,
My Singing Monsters,1235126,
My Singing Monsters,164020,
My Singing Monsters,157284,
My Singing Monsters,237052,
My Singing Monsters,372152,
My Singing Monsters,424838,
My Singing Monsters,260921,
My Singing Monsters,321479,
My Singing Monsters,220285,
My Singing Monsters,169171,
My Singing Monsters,307059,
My Singing Monsters,268511,
My Singing Monsters,111629,
My Singing Monsters,338799,
My Singing Monsters,2804606,
My Singing Monsters,127285,
My Singing Monsters,271069,
My Singing Monsters,1613951,
My Singing Monsters,309865,
My Singing Monsters,67443,
My Singing Monsters,132984,
My Singing Monsters,288595,
My Singing Monsters,76401,
My Singing Monsters,179561,
My Singing Monsters,98897,
My Singing Monsters,437851,
My Singing Monsters,380804,
My Singing Monsters,417182,
My Singing Monsters,726632,
My Singing Monsters,160772,
My Singing Monsters,416320,
My Singing Monsters,216969,
My Singing Monsters,64599,
My Singing Monsters,87341,
My Singing Monsters,208531,
My Singing Monsters,109148,
My Singing Monsters,132616,
My Singing Monsters,82439,
My Singing Monsters,81697,
My Singing Monsters,81363,
My Singing Monsters,74878,
My Singing Monsters,68096,
My Singing Monsters,86986,
My Singing Monsters,78657,
My Singing Monsters,584732,
My Singing Monsters,83317,
My Singing Monsters,109906,
My Singing Monsters,594580,
My Singing Monsters,98867,
My Singing Monsters,93618,
My Singing Monsters,104565,
My Singing Monsters,96708,
My Singing Monsters,60959,
My Singing Monsters,112068,
My Singing Monsters,153134,
My Singing Monsters,117714,
My Singing Monsters,223912,
My Singing Monsters,160247,
My Singing Monsters,104683,
My Singing Monsters,190964,
My Singing Monsters,204062,
My Singing Monsters,96180,
My Singing Monsters,180421,
My Singing Monsters,330355,
My Singing Monsters,70140,
My Singing Monsters,156297,
My Singing Monsters,78004,
My Singing Monsters,100561,
My Singing Monsters,118926,
My Singing Monsters,68194,
My Singing Monsters,60090,
My Singing Monsters,63600,
My Singing Monsters,50864,
My Singing Monsters,238692,
My Singing Monsters,293202,
My Singing Monsters,35919,
My Singing Monsters,65958,
My Singing Monsters,88423,
My Singing Monsters,67900,
My Singing Monsters,61279,
My Singing Monsters,277062,
My Singing Monsters,64940,
My Singing Monsters,174402,
My Singing Monsters,57625,
My Singing Monsters,188987,
My Singing Monsters,160632,
My Singing Monsters,86283,
My Singing Monsters,185765,
My Singing Monsters,337184,
My Singing Monsters,98282,
My Singing Monsters,252292,
My Singing Monsters,76867,
My Singing Monsters,99317,
My Singing Monsters,201303,
My Singing Monsters,814804,
My Singing Monsters,86234,
My Singing Monsters,101744,
My Singing Monsters,121555,
My Singing Monsters,94370,
My Singing Monsters,77857,
My Singing Monsters,154258,
My Singing Monsters,86792,
My Singing Monsters,453048,
Funky Black Cat,6112,
Funky Black Cat,43539,
Funky Black Cat,154371,
Funky Black Cat,34962,
Funky Black Cat,33525,
Funky Black Cat,41139,
Funky Black Cat,54356,
Funky Black Cat,52635,
Funky Black Cat,66463,
Funky Black Cat,79288,
Funky Black Cat,170883,
Funky Black Cat,55097,
Funky Black Cat,36607,
Funky Black Cat,41707,
Funky Black Cat,38704,
Funky Black Cat,46343,
Funky Black Cat,57388,
Funky Black Cat,53132,
Funky Black Cat,62914,
Funky Black Cat,75721,
Funky Black Cat,93973,
Funky Black Cat,106225,
Funky Black Cat,199420,
Funky Black Cat,86609,
Funky Black Cat,109780,
Funky Black Cat,135698,
Funky Black Cat,176687,
Funky Black Cat,78724,
Funky Black Cat,29167,
Funky Black Cat,84570,
Funky Black Cat,42793,
Funky Black Cat,42599,
Funky Black Cat,27661,
Funky Black Cat,56654,
Funky Black Cat,163576,
Funky Black Cat,66416,
Funky Black Cat,39742,
Funky Black Cat,43164,
Funky Black Cat,44308,
Funky Black Cat,31296,
Funky Black Cat,48527,
Funky Black Cat,81374,
Funky Black Cat,40247,
Funky Black Cat,74845,
Funky Black Cat,140388,
Funky Black Cat,56212,
Funky Black Cat,136238,
Funky Black Cat,50433,
Funky Black Cat,70452,
Funky Black Cat,53085,
Funky Black Cat,62151,
Funky Black Cat,67777,
Funky Black Cat,72163,
Funky Black Cat,86025,
Funky Black Cat,89214,
Funky Black Cat,192434,
Funky Black Cat,61647,
Funky Black Cat,26849,
Funky Black Cat,63601,
Funky Black Cat,341054,
Funky Black Cat,76161,
Funky Black Cat,45138,
Funky Black Cat,37990,
Funky Black Cat,46078,
Funky Black Cat,51635,
Funky Black Cat,53291,
Funky Black Cat,104022,
Funky Black Cat,31651,
Funky Black Cat,34599,
Funky Black Cat,26957,
Funky Black Cat,30553,
Funky Black Cat,35906,
Funky Black Cat,37302,
Funky Black Cat,35477,
Funky Black Cat,91043,
Funky Black Cat,38791,
Funky Black Cat,44428,
Funky Black Cat,56651,
Funky Black Cat,46493,
Funky Black Cat,60217,
Funky Black Cat,65243,
Funky Black Cat,222262,
Funky Black Cat,59760,
Funky Black Cat,59457,
Funky Black Cat,55942,
Funky Black Cat,76773,
Funky Black Cat,133662,
Funky Black Cat,58366,
Funky Black Cat,47358,
Funky Black Cat,86839,
Funky Black Cat,84260,
Funky Black Cat,100825,
Funky Black Cat,63036,
Funky Black Cat,80442,
Funky Black Cat,40597,
Funky Black Cat,41091,
Funky Black Cat,47228,
Funky Black Cat,76852,
Funky Black Cat,40548,
Funky Black Cat,76867,
Funky Black Cat,52817,
Funky Black Cat,70622,
Funky Black Cat,98729,
Funky Black Cat,154362,
Funky Black Cat,206255,
Funky Black Cat,291665,
Funky Black Cat,147551,
Funky Black Cat,96584,
Funky Black Cat,92980,
Funky Black Cat,127299,
Funky Black Cat,70244,
Funky Black Cat,43891,
Funky Black Cat,39927,
Funky Black Cat,89420,
Funky Black Cat,103482,
Funky Black Cat,48210,
Funky Black Cat,39483,
Funky Black Cat,32382,
Funky Black Cat,67749,
Funky Black Cat,75403,
Funky Black Cat,107684,
Funky Black Cat,142907,
Funky Black Cat,165192,
Funky Black Cat,44828,
Funky Black Cat,43542,
Funky Black Cat,40457,
Funky Black Cat,62778,
Funky Black Cat,50209,
Funky Black Cat,54317,
Funky Black Cat,85916,
Funky Black Cat,65012,
Funky Black Cat,67269,
Funky Black Cat,87271,
Funky Black Cat,93633,
Funky Black Cat,135797,
Funky Black Cat,148165,
Funky Black Cat,75040,
Funky Black Cat,43360,
Funky Black Cat,121425,
Funky Black Cat,39193,
Funky Black Cat,42791,
Funky Black Cat,80497,
Funky Black Cat,58330,
Funky Black Cat,76243,
Funky Black Cat,53788,
Funky Black Cat,43531,
Funky Black Cat,68357,
Funky Black Cat,45825,
Funky Black Cat,86569,
Funky Black Cat,85166,
Funky Black Cat,76428,
Funky Black Cat,109493,
Funky Black Cat,192560,
Funky Black Cat,67436,
Funky Black Cat,54415,
Funky Black Cat,39860,
Funky Black Cat,46380,
Funky Black Cat,184491,
Funky Black Cat,50791,
Funky Black Cat,88555,
Funky Black Cat,58231,
Funky Black Cat,65006,
Funky Black Cat,146597,
Funky Black Cat,52734,
Funky Black Cat,293463,
Funky Black Cat,64792,
Funky Black Cat,68824,
Funky Black Cat,68257,
Funky Black Cat,82999,
Funky Black Cat,115628,
Funky Black Cat,179136,
Funky Black Cat,62098,
Funky Black Cat,45418,
Funky Black Cat,77586,
Funky Black Cat,178977,
Funky Black Cat,34908,
Funky Black Cat,87367,
Funky Black Cat,21699,
Funky Black Cat,29027,
Funky Black Cat,35848,
Funky Black Cat,30977,
Funky Black Cat,29397,
Funky Black Cat,38585,
Funky Black Cat,28602,
Funky Black Cat,27147,
Funky Black Cat,38078,
Funky Black Cat,37081,
Funky Black Cat,38272,
Funky Black Cat,32528,
Funky Black Cat,38084,
Funky Black Cat,46722,
Funky Black Cat,66887,
Funky Black Cat,66433,
Funky Black Cat,76349,
Funky Black Cat,213618,
Funky Black Cat,56416,
Funky Black Cat,85534,
Funky Black Cat,98514,
Funky Black Cat,135990,
Funky Black Cat,106957,
Funky Black Cat,78266,
Funky Black Cat,49742,
Funky Black Cat,51050,
Funky Black Cat,42483,
Funky Black Cat,67978,
Funky Black Cat,85690,
Funky Black Cat,71701,
Funky Black Cat,104310,
Funky Black Cat,238676,
Funky Black Cat,30967,
Funky Black Cat,92773,
Funky Black Cat,64086,
Funky Black Cat,27431,
Funky Black Cat,21321,
Funky Black Cat,26858,
Funky Black Cat,93575,
Funky Black Cat,36800,
Funky Black Cat,34664,
Funky Black Cat,35021,
Funky Black Cat,52980,
Funky Black Cat,61901,
Funky Black Cat,66276,
Funky Black Cat,130374,
Funky Black Cat,84114,
Funky Black Cat,76532,
Funky Black Cat,97562,
Funky Black Cat,212094,
Funky Black Cat,117094,
Funky Black Cat,102589,
Funky Black Cat,97299,
Funky Black Cat,46390,
Funky Black Cat,46296,
Funky Black Cat,48611,
Funky Black Cat,44068,
Funky Black Cat,97840,
Funky Black Cat,45215,
Funky Black Cat,52750,
Funky Black Cat,48943,
Funky Black Cat,60482,
Funky Black Cat,67055,
Funky Black Cat,48391,
Funky Black Cat,56947,
Funky Black Cat,83703,
Funky Black Cat,116752,
Funky Black Cat,70014,
Funky Black Cat,62012,
Funky Black Cat,70256,
Funky Black Cat,207193,
Funky Black Cat,72241,
Funky Black Cat,80053,
Funky Black Cat,83261,
Funky Black Cat,63894,
Funky Black Cat,72310,
Funky Black Cat,61425,
Funky Black Cat,67051,
Funky Black Cat,73368,
Funky Black Cat,95891,
Funky Black Cat,66551,
Funky Black Cat,54698,
Funky Black Cat,95532,
Funky Black Cat,46499,
Funky Black Cat,40949,
Funky Black Cat,69896,
Funky Black Cat,53426,
Funky Black Cat,140190,
Funky Black Cat,211718,
Funky Black Cat,67298,
Funky Black Cat,218321,
Funky Black Cat,57586,
Funky Black Cat,256775,
Funky Black Cat,130813,
Funky Black Cat,60143,
Funky Black Cat,45593,
Funky Black Cat,69005,
Funky Black Cat,63112,
Funky Black Cat,52955,
Funky Black Cat,66317,
Funky Black Cat,81885,
Funky Black Cat,84915,
Funky Black Cat,150239,
Funky Black Cat,155229,
Funky Black Cat,93782,
Funky Black Cat,169024,
Funky Black Cat,91865,
Funky Black Cat,454790,
Funky Black Cat,90756,
Funky Black Cat,21939,
Funky Black Cat,89399,
Funky Black Cat,106606,
Funky Black Cat,113931,
Funky Black Cat,122798,
Funky Black Cat,156559,
Funky Black Cat,322896,
Funky Black Cat,87034,
Funky Black Cat,94012,
Funky Black Cat,49224,
Funky Black Cat,42438,
Funky Black Cat,53484,
Funky Black Cat,234618,
Funky Black Cat,377219,
Funky Black Cat,179965,
Funky Black Cat,132872,
Funky Black Cat,243474,
Funky Black Cat,105287,
Funky Black Cat,92107,
Funky Black Cat,136790,
Funky Black Cat,89240,
Funky Black Cat,125825,
Funky Black Cat,126947,
Funky Black Cat,147109,
Funky Black Cat,187550,
Funky Black Cat,303835,
Funky Black Cat,306677,
Funky Black Cat,90280,
Funky Black Cat,197099,
Funky Black Cat,85548,
Funky Black Cat,61369,
Funky Black Cat,49899,
Funky Black Cat,64987,
Funky Black Cat,64354,
Funky Black Cat,75978,
Funky Black Cat,102908,
Funky Black Cat,63210,
Funky Black Cat,37849,
Funky Black Cat,69033,
Funky Black Cat,64027,
Funky Black Cat,56685,
Funky Black Cat,103587,
Funky Black Cat,142495,
Funky Black Cat,107791,
Funky Black Cat,118194,
Funky Black Cat,130311,
Funky Black Cat,140457,
Funky Black Cat,156544,
Funky Black Cat,138173,
Funky Black Cat,199403,
Funky Black Cat,163714,
Funky Black Cat,260576,
Funky Black Cat,47393,
Funky Black Cat,101424,
Funky Black Cat,312320,
Funky Black Cat,58161,
Funky Black Cat,104444,
Funky Black Cat,89172,
Funky Black Cat,70355,
Funky Black Cat,75554,
Funky Black Cat,83113,
Funky Black Cat,71774,
Funky Black Cat,266461,
Funky Black Cat,103606,
Funky Black Cat,117461,
Funky Black Cat,128631,
Funky Black Cat,143450,
Funky Black Cat,111887,
Funky Black Cat,209922,
Funky Black Cat,324801,
Funky Black Cat,122035,
Funky Black Cat,68065,
Funky Black Cat,31237,
Funky Black Cat,52249,
Funky Black Cat,24563,
Funky Black Cat,31988,
Funky Black Cat,28448,
Funky Black Cat,64327,
Funky Black Cat,68821,
Funky Black Cat,186187,
Funky Black Cat,72840,
Funky Black Cat,84044,
Funky Black Cat,111517,
Funky Black Cat,105308,
Funky Black Cat,157281,
Funky Black Cat,531833,
Funky Black Cat,68375,
Funky Black Cat,118679,
Funky Black Cat,165521,
Funky Black Cat,135344,
Funky Black Cat,88572,
Funky Black Cat,56804,
Funky Black Cat,156333,
Funky Black Cat,61377,
Funky Black Cat,93924,
Funky Black Cat,55346,
Funky Black Cat,68947,
Funky Black Cat,51641,
Funky Black Cat,50318,
Funky Black Cat,60272,
Funky Black Cat,161467,
Funky Black Cat,69010,
Funky Black Cat,66253,
Funky Black Cat,99664,
Funky Black Cat,360182,
Funky Black Cat,77997,
Funky Black Cat,98487,
Funky Black Cat,114799,
Funky Black Cat,125300,
Funky Black Cat,106625,
Funky Black Cat,56875,
Funky Black Cat,22665,
Funky Black Cat,77241,
Funky Black Cat,50232,
Funky Black Cat,88006,
Funky Black Cat,82343,
Funky Black Cat,95177,
Funky Black Cat,94936,
Funky Black Cat,136356,
Funky Black Cat,787136,
Funky Black Cat,150038,
Funky Black Cat,230127,
Funky Black Cat,146536,
Funky Black Cat,136151,
Funky Black Cat,243454,
Funky Black Cat,352758,
Funky Black Cat,263521,
Funky Black Cat,648410,
Funky Black Cat,112039,
Funky Black Cat,198600,
Funky Black Cat,83729,
Funky Black Cat,77676,
Funky Black Cat,85188,
Funky Black Cat,71127,
Funky Black Cat,74349,
Funky Black Cat,69841,
Funky Black Cat,241056,
Funky Black Cat,48758,
Funky Black Cat,444014,
Funky Black Cat,103602,
Funky Black Cat,99042,
Funky Black Cat,113051,
Funky Black Cat,191790,
Funky Black Cat,517865,
Funky Black Cat,110998,
Funky Black Cat,101946,
Funky Black Cat,121292,
Funky Black Cat,147929,
Funky Black Cat,79484,
Funky Black Cat,114712,
Funky Black Cat,132707,
Funky Black Cat,136526,
Funky Black Cat,146577,
Funky Black Cat,125706,
Funky Black Cat,158328,
Funky Black Cat,190792,
Funky Black Cat,273905,
Funky Black Cat,52767,
Funky Black Cat,61011,
Funky Black Cat,79968,
Funky Black Cat,108970,
Funky Black Cat,138310,
Funky Black Cat,83396,
Funky Black Cat,81090,
Funky Black Cat,60504,
Funky Black Cat,126685,
Funky Black Cat,91581,
Funky Black Cat,100490,
Funky Black Cat,113800,
Funky Black Cat,327243,
Funky Black Cat,235855,
Funky Black Cat,178937,
Funky Black Cat,216961,
Funky Black Cat,222877,
Funky Black Cat,255141,
Funky Black Cat,238106,
Funky Black Cat,277070,
Funky Black Cat,344625,
Funky Black Cat,125052,
Funky Black Cat,67855,
Funky Black Cat,565230,
Funky Black Cat,108254,
Funky Black Cat,806491,
Funky Black Cat,45530,
Funky Black Cat,69431,
Funky Black Cat,76653,
Funky Black Cat,195692,
Funky Black Cat,130844,
Funky Black Cat,938650,
Funky Black Cat,185524,
Funky Black Cat,82659,
Funky Black Cat,210999,
Funky Black Cat,86862,
Funky Black Cat,86750,
Funky Black Cat,117218,
Funky Black Cat,316821,
Funky Black Cat,413464,
Funky Black Cat,195338,
Funky Black Cat,37580,
Funky Black Cat,82142,
Funky Black Cat,578205,
Funky Black Cat,189354,
Funky Black Cat,238017,
Funky Black Cat,84756,
Funky Black Cat,99347,
Funky Black Cat,82087,
Funky Black Cat,80202,
Funky Black Cat,91934,
Funky Black Cat,79561,
Funky Black Cat,75756,
Funky Black Cat,80342,
Funky Black Cat,90520,
Funky Black Cat,139321,
Musile Records,21766,
Musile Records,28928,
Musile Records,23497,
Musile Records,14030,
Musile Records,27066,
Musile Records,6354,
Musile Records,6368,
Musile Records,28687,
Musile Records,5826,
Musile Records,6158,
Musile Records,23484,
Musile Records,55109,
Musile Records,5258,
Musile Records,27566,
Musile Records,15196,
Musile Records,25881,
Musile Records,26561,
Musile Records,16495,
Musile Records,9332,
Musile Records,14035,
Musile Records,29878,
Musile Records,8208,
Musile Records,33325,
Musile Records,6314,
Musile Records,39218,
Musile Records,13513,
Musile Records,24696,
Musile Records,9874,
Musile Records,9927,
Musile Records,53759,
Musile Records,8810,
Musile Records,21448,
Musile Records,26501,
Musile Records,24713,
Musile Records,34621,
Musile Records,10157,
Musile Records,38143,
Musile Records,7527,
Musile Records,14028,
Musile Records,14270,
Musile Records,8976,
Musile Records,19667,
Musile Records,11744,
Musile Records,222699,
Musile Records,38933,
Musile Records,12796,
Musile Records,15439,
Musile Records,37886,
Musile Records,8142,
Musile Records,18349,
Musile Records,20055,
Musile Records,31539,
Musile Records,27329,
Musile Records,20805,
Musile Records,12958,
Musile Records,11290,
Musile Records,17005,
Musile Records,22661,
Musile Records,7759,
Musile Records,8375,
Musile Records,5537,
Musile Records,7196,
Musile Records,28788,
Musile Records,4450,
Musile Records,11893,
Musile Records,14237,
Musile Records,23571,
Musile Records,5957,
Musile Records,19276,
Musile Records,15663,
Musile Records,14548,
Musile Records,8200,
Musile Records,12107,
Musile Records,109531,
Musile Records,8344,
Musile Records,82341,
Musile Records,10143,
Musile Records,21772,
Musile Records,32566,
Musile Records,14230,
Musile Records,25683,
Musile Records,22564,
Musile Records,12527,
Musile Records,25947,
Musile Records,25039,
Musile Records,27930,
Musile Records,611797,
Musile Records,40706,
Musile Records,30080,
Musile Records,17556,
Musile Records,9514,
Musile Records,36576,
Musile Records,4876,
Musile Records,10995,
Musile Records,66813,
Musile Records,21612,
Musile Records,78211,
Musile Records,15569,
Musile Records,112020,
Musile Records,22011,
Musile Records,566031,
Musile Records,135071,
Musile Records,72376,
Musile Records,117055,
Musile Records,139482,
Musile Records,10089,
Musile Records,185313,
Musile Records,172900,
Musile Records,24806,
Musile Records,363322,
Musile Records,23857,
Musile Records,24594,
Musile Records,2148037,
Musile Records,6462,
Musile Records,9544,
Musile Records,11653,
Musile Records,11499,
Musile Records,791644,
Musile Records,16795,
Musile Records,563134,
Musile Records,8492,
Musile Records,14529,
Musile Records,27690,
Musile Records,32439,
Musile Records,13405,
Musile Records,811801,
Musile Records,8981,
Musile Records,13691,
Musile Records,335463,
Musile Records,70724,
Musile Records,10823277,
Musile Records,18532,
Musile Records,77711,
Musile Records,9884,
Musile Records,50929,
Musile Records,25321314,
Musile Records,19678,
Musile Records,28847,
Musile Records,21026,
Musile Records,8736,
Musile Records,13894,
Musile Records,15482,
Musile Records,11441,
Musile Records,18177,
Musile Records,648948,
Musile Records,9345,
Musile Records,22064,
Musile Records,15133,
Musile Records,10953,
Musile Records,8436,
Musile Records,10831,
Musile Records,24816,
Musile Records,1244124,
Musile Records,45713,
Musile Records,7282,
Musile Records,18725,
Musile Records,371028,
Musile Records,17239,
Musile Records,8838,
Musile Records,7047,
Musile Records,7051,
Musile Records,8753,
Musile Records,7453,
Musile Records,991059,
Musile Records,17334,
Musile Records,8383428,
Musile Records,3659,
Musile Records,14525,
Musile Records,5237,
Musile Records,6363,
Musile Records,13783,
Musile Records,724725,
Musile Records,10525,
Musile Records,878093,
Musile Records,6395,
Musile Records,304682,
Musile Records,5452,
Musile Records,5151,
Musile Records,786907,
Musile Records,425893,
Musile Records,7669,
Musile Records,321875,
Musile Records,3664,
Musile Records,18087,
Musile Records,7574,
Musile Records,2630,
Musile Records,18570,
Musile Records,895149,
Musile Records,10175,
Musile Records,818435,
Musile Records,233206,
Musile Records,6551,
Musile Records,804468,
Musile Records,5818,
Musile Records,1083175,
Musile Records,1853433,
Musile Records,7100,
Musile Records,604327,
Musile Records,15954,
Musile Records,7490,
Musile Records,1095132,
Musile Records,14055,
Musile Records,6286,
Musile Records,6029,
Musile Records,1183719,
Musile Records,4137,
Musile Records,349073,
Musile Records,9284,
Musile Records,1028810,
Musile Records,26262,
Musile Records,10234,
Musile Records,1753247,
Musile Records,3778,
Musile Records,40218,
Musile Records,2892090,
Musile Records,6058,
Musile Records,15428,
Musile Records,6295,
Musile Records,98740,
Musile Records,3483,
Musile Records,14238,
Musile Records,4509576,
Musile Records,4189,
Musile Records,3821,
Musile Records,14344,
Musile Records,20917,
Musile Records,4522,
Musile Records,2653762,
Musile Records,9604,
Musile Records,3536,
Musile Records,4735,
Musile Records,3577,
Musile Records,6020,
Musile Records,4910304,
Musile Records,5798,
Musile Records,4904,
Musile Records,14913,
Musile Records,4863,
Musile Records,7871,
Musile Records,112911,
Musile Records,7388,
Musile Records,15198,
Musile Records,2447100,
Musile Records,3092,
Musile Records,5112,
Musile Records,2117,
Musile Records,5832,
Musile Records,3430,
Musile Records,25412,
Musile Records,10060,
Musile Records,7996,
Musile Records,5405,
Musile Records,9160,
Musile Records,8056,
Musile Records,2538327,
Musile Records,2358,
Musile Records,61855,
Musile Records,3957,
Musile Records,2489,
Musile Records,1940,
Musile Records,1952,
Musile Records,2320,
Musile Records,4763,
Musile Records,3516,
Musile Records,5666,
Musile Records,9893,
Musile Records,3365,
Musile Records,3584,
Musile Records,6111,
Musile Records,2257,
Musile Records,3303,
Musile Records,4182,
Musile Records,78725,
Musile Records,2503,
Musile Records,101553,
Musile Records,4897,
Musile Records,1813,
Musile Records,2611,
Musile Records,5449,
Musile Records,3160,
Musile Records,3770,
Musile Records,10246,
Musile Records,15127,
Musile Records,9531,
Musile Records,8376,
Musile Records,2438,
Musile Records,2802,
Musile Records,9028,
Musile Records,4913,
Musile Records,4496,
Musile Records,5866,
Musile Records,9345,
Musile Records,4115,
Musile Records,1537897,
Musile Records,8297,
Musile Records,6209,
Musile Records,4397,
Musile Records,2904,
Musile Records,11047,
Musile Records,2629,
Musile Records,10425,
Musile Records,5804,
Musile Records,4108,
Musile Records,6583,
Musile Records,25315,
Musile Records,6003,
Musile Records,7685,
Musile Records,7355,
Musile Records,6721,
Musile Records,13016,
Musile Records,12610,
Musile Records,6633,
Musile Records,8544170,
Musile Records,3268,
Musile Records,222273,
Musile Records,3012,
Musile Records,23599,
Musile Records,5852,
Musile Records,355077,
Musile Records,81179,
Musile Records,9826,
Musile Records,3598,
Musile Records,8785,
Musile Records,7457,
Musile Records,19948022,
Musile Records,13237,
Musile Records,38854,
Musile Records,4245,
Musile Records,5325,
Musile Records,7573,
Musile Records,6128,
Musile Records,39768,
Musile Records,4225,
Musile Records,3017,
Musile Records,138752,
Musile Records,6702,
Musile Records,3790,
Musile Records,10342,
Musile Records,11196,
Musile Records,4587,
Musile Records,10178,
Musile Records,16429,
Musile Records,6699,
Musile Records,51400,
Musile Records,29686,
Musile Records,6779,
Musile Records,24141,
Musile Records,5289,
Musile Records,13315,
Musile Records,11601,
Musile Records,1018140,
Musile Records,94530,
Musile Records,12716,
Musile Records,693918,
Musile Records,9722,
Musile Records,987773,
Musile Records,13145,
Musile Records,5077,
Musile Records,19937,
Musile Records,6112,
Musile Records,7195,
Musile Records,12790,
Musile Records,6918,
Musile Records,60324,
Musile Records,5942,
Musile Records,6643,
Musile Records,1748035,
Musile Records,24129,
Musile Records,5891,
Musile Records,9672,
Musile Records,8029,
Musile Records,4362,
Musile Records,3989,
Musile Records,14588,
Musile Records,2783900,
Musile Records,6972,
Musile Records,6992,
Musile Records,54536,
Musile Records,9652,
Musile Records,14923,
Musile Records,5361,
Musile Records,3978,
Musile Records,12662,
Musile Records,8122,
Musile Records,28356,
Musile Records,5895,
Musile Records,4538,
Musile Records,8492,
Musile Records,3357,
Musile Records,153836,
Musile Records,14383,
Musile Records,2917324,
Musile Records,13894,
Musile Records,319409,
Musile Records,34207,
Musile Records,6291,
Musile Records,10471,
Musile Records,14153,
Musile Records,6381,
Musile Records,22227,
Musile Records,8379,
Musile Records,11420,
Musile Records,825810,
Musile Records,57041,
Musile Records,8988,
Musile Records,7346,
Musile Records,5455,
Musile Records,7307,
Musile Records,11757,
Musile Records,393139,
Musile Records,13063,
Musile Records,11174,
Musile Records,25815,
Musile Records,18228,
Musile Records,7526,
Musile Records,61627,
Musile Records,13527,
Musile Records,8970,
Musile Records,11826,
Musile Records,8507,
Musile Records,11501,
Musile Records,18020,
Musile Records,14103,
Musile Records,7968,
Musile Records,5873,
Musile Records,4570,
Musile Records,20254,
Musile Records,11294,
Musile Records,60073,
Musile Records,10898,
Musile Records,4153,
Musile Records,12684,
Musile Records,24030,
Musile Records,6666,
Musile Records,6061,
Musile Records,14949,
Musile Records,8495,
Musile Records,20732,
Musile Records,20950,
Musile Records,3231361,
Musile Records,6226,
Musile Records,19320,
Musile Records,7458,
Musile Records,5733,
Musile Records,6200,
Musile Records,66207,
Musile Records,11958,
Musile Records,1484070,
Musile Records,6277,
Musile Records,7358,
Musile Records,180838,
Musile Records,60537,
Musile Records,38121,
Musile Records,9553,
Musile Records,214714,
Musile Records,24402,
Musile Records,6205,
Musile Records,6437,
Musile Records,5499,
Musile Records,21542,
Musile Records,20863,
Musile Records,4562,
Musile Records,16187,
Musile Records,24778,
Musile Records,3833,
Musile Records,3205,
Musile Records,15563,
Musile Records,11304,
Musile Records,7331,
Musile Records,8458,
Musile Records,216032,
Musile Records,9619,
Musile Records,4785,
Musile Records,4627,
Musile Records,7355,
Musile Records,12522,
Musile Records,10435,
Musile Records,25025,
Musile Records,15222,
Musile Records,10525,
Musile Records,56174,
Musile Records,10735,
Musile Records,939293,
Musile Records,6573,
Musile Records,12031,
Musile Records,3530,
Musile Records,9889,
Musile Records,7148,
Musile Records,27602,
Musile Records,5637,
Musile Records,10714,
Musile Records,8711,
Musile Records,44573,
Musile Records,11257,
Musile Records,17022,
Musile Records,4989,
Musile Records,6135,
Musile Records,6556,
Musile Records,7784,
SNK OFFICIAL,25973,
SNK OFFICIAL,2977,
SNK OFFICIAL,2949,
SNK OFFICIAL,2403,
SNK OFFICIAL,3163,
SNK OFFICIAL,7279,
SNK OFFICIAL,4794,
SNK OFFICIAL,5929,
SNK OFFICIAL,2440,
SNK OFFICIAL,9461,
SNK OFFICIAL,48480,
SNK OFFICIAL,26018,
SNK OFFICIAL,67619,
SNK OFFICIAL,360796,
SNK OFFICIAL,76940,
SNK OFFICIAL,70467,
SNK OFFICIAL,42579,
SNK OFFICIAL,9475,
SNK OFFICIAL,11247,
SNK OFFICIAL,11904,
SNK OFFICIAL,10557,
SNK OFFICIAL,3597,
SNK OFFICIAL,2935,
SNK OFFICIAL,2562,
SNK OFFICIAL,1471,
SNK OFFICIAL,17478,
SNK OFFICIAL,3431,
SNK OFFICIAL,3453,
SNK OFFICIAL,13782,
SNK OFFICIAL,15989,
SNK OFFICIAL,1541030,
SNK OFFICIAL,350130,
SNK OFFICIAL,5720,
SNK OFFICIAL,6535,
SNK OFFICIAL,15131,
SNK OFFICIAL,10330,
SNK OFFICIAL,19127,
SNK OFFICIAL,81920,
SNK OFFICIAL,52283,
SNK OFFICIAL,37248,
SNK OFFICIAL,32827,
SNK OFFICIAL,262256,
SNK OFFICIAL,61638,
SNK OFFICIAL,139388,
SNK OFFICIAL,77337,
SNK OFFICIAL,20228,
SNK OFFICIAL,64401,
SNK OFFICIAL,61890,
SNK OFFICIAL,14764,
SNK OFFICIAL,14225,
SNK OFFICIAL,12271,
SNK OFFICIAL,10755,
SNK OFFICIAL,13201,
SNK OFFICIAL,12996,
SNK OFFICIAL,5484,
SNK OFFICIAL,2399,
SNK OFFICIAL,3816,
SNK OFFICIAL,5743,
SNK OFFICIAL,10630,
SNK OFFICIAL,3309,
SNK OFFICIAL,9703,
SNK OFFICIAL,21019,
SNK OFFICIAL,17291,
SNK OFFICIAL,2715,
SNK OFFICIAL,3995,
SNK OFFICIAL,103449,
SNK OFFICIAL,137838,
SNK OFFICIAL,15041,
SNK OFFICIAL,89313,
SNK OFFICIAL,4945,
SNK OFFICIAL,9174,
SNK OFFICIAL,3836,
SNK OFFICIAL,17420,
SNK OFFICIAL,16149,
SNK OFFICIAL,6681,
SNK OFFICIAL,24049,
SNK OFFICIAL,17708,
SNK OFFICIAL,12605,
SNK OFFICIAL,27742,
SNK OFFICIAL,29539,
SNK OFFICIAL,45963,
SNK OFFICIAL,20817,
SNK OFFICIAL,31478,
SNK OFFICIAL,10431,
SNK OFFICIAL,6097,
SNK OFFICIAL,18214,
SNK OFFICIAL,26639,
SNK OFFICIAL,20084,
SNK OFFICIAL,15077,
SNK OFFICIAL,126404,
SNK OFFICIAL,130221,
SNK OFFICIAL,29097,
SNK OFFICIAL,92929,
SNK OFFICIAL,49757,
SNK OFFICIAL,37643,
SNK OFFICIAL,42239,
SNK OFFICIAL,53408,
SNK OFFICIAL,59236,
SNK OFFICIAL,175332,
SNK OFFICIAL,250014,
SNK OFFICIAL,65055,
SNK OFFICIAL,59168,
SNK OFFICIAL,65929,
SNK OFFICIAL,28798,
SNK OFFICIAL,222158,
SNK OFFICIAL,346382,
SNK OFFICIAL,12056,
SNK OFFICIAL,15464,
SNK OFFICIAL,10746,
SNK OFFICIAL,4864,
SNK OFFICIAL,5560,
SNK OFFICIAL,9456,
SNK OFFICIAL,8670,
SNK OFFICIAL,7787,
SNK OFFICIAL,15000,
SNK OFFICIAL,13149,
SNK OFFICIAL,58757,
SNK OFFICIAL,17064,
SNK OFFICIAL,52314,
SNK OFFICIAL,10213,
SNK OFFICIAL,29893,
SNK OFFICIAL,28785,
SNK OFFICIAL,14523,
SNK OFFICIAL,13218,
SNK OFFICIAL,13892,
SNK OFFICIAL,34204,
SNK OFFICIAL,53676,
SNK OFFICIAL,22195,
SNK OFFICIAL,8338,
SNK OFFICIAL,6991,
SNK OFFICIAL,4847,
SNK OFFICIAL,8096,
SNK OFFICIAL,7207,
SNK OFFICIAL,4274,
SNK OFFICIAL,6755,
SNK OFFICIAL,5991,
SNK OFFICIAL,10183,
SNK OFFICIAL,4136,
SNK OFFICIAL,7325,
SNK OFFICIAL,10098,
SNK OFFICIAL,4036,
SNK OFFICIAL,17931,
SNK OFFICIAL,12791,
SNK OFFICIAL,25616,
SNK OFFICIAL,12119,
SNK OFFICIAL,1717,
SNK OFFICIAL,13733,
SNK OFFICIAL,18103,
SNK OFFICIAL,9258,
SNK OFFICIAL,5126,
SNK OFFICIAL,16181,
SNK OFFICIAL,12074,
SNK OFFICIAL,16452,
SNK OFFICIAL,77652,
SNK OFFICIAL,59040,
SNK OFFICIAL,17109,
SNK OFFICIAL,25244,
SNK OFFICIAL,34859,
SNK OFFICIAL,38551,
SNK OFFICIAL,109122,
SNK OFFICIAL,116959,
SNK OFFICIAL,11224,
SNK OFFICIAL,5866,
SNK OFFICIAL,4966,
SNK OFFICIAL,9098,
SNK OFFICIAL,7015,
SNK OFFICIAL,3059,
SNK OFFICIAL,4375,
SNK OFFICIAL,3299,
SNK OFFICIAL,4974,
SNK OFFICIAL,4202,
SNK OFFICIAL,5897,
SNK OFFICIAL,3499,
SNK OFFICIAL,55581,
SNK OFFICIAL,5562,
SNK OFFICIAL,5437,
SNK OFFICIAL,12939,
SNK OFFICIAL,9671,
SNK OFFICIAL,4174,
SNK OFFICIAL,6024,
SNK OFFICIAL,5740,
SNK OFFICIAL,10209,
SNK OFFICIAL,16894,
SNK OFFICIAL,8163,
SNK OFFICIAL,10254,
SNK OFFICIAL,19057,
SNK OFFICIAL,8019,
SNK OFFICIAL,9590,
SNK OFFICIAL,7997,
SNK OFFICIAL,23966,
SNK OFFICIAL,19779,
SNK OFFICIAL,13460,
SNK OFFICIAL,10190,
SNK OFFICIAL,19411,
SNK OFFICIAL,5729,
SNK OFFICIAL,15959,
SNK OFFICIAL,7219,
SNK OFFICIAL,11734,
SNK OFFICIAL,41652,
SNK OFFICIAL,34980,
SNK OFFICIAL,20908,
SNK OFFICIAL,71420,
SNK OFFICIAL,128379,
SNK OFFICIAL,11085,
SNK OFFICIAL,15294,
SNK OFFICIAL,53784,
SNK OFFICIAL,38519,
SNK OFFICIAL,14761,
SNK OFFICIAL,9628,
SNK OFFICIAL,71810,
SNK OFFICIAL,23154,
SNK OFFICIAL,2143,
SNK OFFICIAL,18993,
SNK OFFICIAL,6227,
SNK OFFICIAL,15553,
SNK OFFICIAL,8380,
SNK OFFICIAL,6213,
SNK OFFICIAL,4262,
SNK OFFICIAL,18450,
SNK OFFICIAL,23617,
SNK OFFICIAL,12926,
SNK OFFICIAL,13756,
SNK OFFICIAL,124023,
SNK OFFICIAL,7867,
SNK OFFICIAL,6893,
SNK OFFICIAL,117460,
SNK OFFICIAL,365683,
SNK OFFICIAL,426229,
SNK OFFICIAL,52011,
SNK OFFICIAL,40614,
SNK OFFICIAL,79686,
SNK OFFICIAL,7414,
SNK OFFICIAL,16501,
SNK OFFICIAL,9109,
SNK OFFICIAL,17721,
SNK OFFICIAL,6218,
SNK OFFICIAL,15722,
SNK OFFICIAL,2381,
SNK OFFICIAL,21483,
SNK OFFICIAL,142760,
SNK OFFICIAL,82314,
SNK OFFICIAL,10340,
SNK OFFICIAL,27008,
SNK OFFICIAL,23694,
SNK OFFICIAL,44675,
SNK OFFICIAL,1033917,
SNK OFFICIAL,446897,
SNK OFFICIAL,11059,
SNK OFFICIAL,17017,
SNK OFFICIAL,2172758,
SNK OFFICIAL,865507,
SNK OFFICIAL,6983,
SNK OFFICIAL,3633551,
SNK OFFICIAL,823704,
SNK OFFICIAL,1256343,
SNK OFFICIAL,2964827,
SNK OFFICIAL,3101,
SNK OFFICIAL,33727,
SNK OFFICIAL,23297,
SNK OFFICIAL,24098,
SNK OFFICIAL,18754,
SNK OFFICIAL,6318,
SNK OFFICIAL,5297,
SNK OFFICIAL,8694,
SNK OFFICIAL,2401148,
SNK OFFICIAL,855123,
SNK OFFICIAL,138855,
SNK OFFICIAL,3577,
SNK OFFICIAL,5212,
SNK OFFICIAL,11044,
SNK OFFICIAL,33027,
SNK OFFICIAL,7389,
SNK OFFICIAL,14092,
SNK OFFICIAL,25901,
SNK OFFICIAL,4625839,
SNK OFFICIAL,9285,
SNK OFFICIAL,4151,
SNK OFFICIAL,5089,
SNK OFFICIAL,5854,
SNK OFFICIAL,4761,
SNK OFFICIAL,7837,
SNK OFFICIAL,5271,
SNK OFFICIAL,5224,
SNK OFFICIAL,31403,
SNK OFFICIAL,17018,
SNK OFFICIAL,13525,
SNK OFFICIAL,9439,
SNK OFFICIAL,11668,
SNK OFFICIAL,10294,
SNK OFFICIAL,35790,
SNK OFFICIAL,1050879,
SNK OFFICIAL,71879,
SNK OFFICIAL,59774,
SNK OFFICIAL,216485,
SNK OFFICIAL,135414,
SNK OFFICIAL,30482,
SNK OFFICIAL,24135,
SNK OFFICIAL,35662,
SNK OFFICIAL,20064,
SNK OFFICIAL,83316,
SNK OFFICIAL,11432,
SNK OFFICIAL,76121,
SNK OFFICIAL,9485,
SNK OFFICIAL,14482,
SNK OFFICIAL,12563,
SNK OFFICIAL,132883,
SNK OFFICIAL,165176,
SNK OFFICIAL,18872,
SNK OFFICIAL,11265,
SNK OFFICIAL,15686,
SNK OFFICIAL,23084,
SNK OFFICIAL,47554,
SNK OFFICIAL,1294882,
SNK OFFICIAL,13572,
SNK OFFICIAL,12618,
SNK OFFICIAL,8698,
SNK OFFICIAL,9630,
SNK OFFICIAL,440624,
SNK OFFICIAL,224778,
SNK OFFICIAL,184970,
SNK OFFICIAL,14080,
SNK OFFICIAL,11066,
SNK OFFICIAL,8774,
SNK OFFICIAL,8738,
SNK OFFICIAL,27883,
SNK OFFICIAL,18929,
SNK OFFICIAL,20563,
SNK OFFICIAL,20364,
SNK OFFICIAL,333072,
SNK OFFICIAL,1000161,
SNK OFFICIAL,4535173,
SNK OFFICIAL,5914,
SNK OFFICIAL,3335,
SNK OFFICIAL,3297,
SNK OFFICIAL,2485,
SNK OFFICIAL,2593,
SNK OFFICIAL,2924,
SNK OFFICIAL,3747,
SNK OFFICIAL,3956,
SNK OFFICIAL,30828,
SNK OFFICIAL,4345,
SNK OFFICIAL,6774,
SNK OFFICIAL,6626,
SNK OFFICIAL,4825,
SNK OFFICIAL,13632,
SNK OFFICIAL,18797,
SNK OFFICIAL,694459,
SNK OFFICIAL,18424,
SNK OFFICIAL,37320,
SNK OFFICIAL,12134,
SNK OFFICIAL,32276,
SNK OFFICIAL,84761,
SNK OFFICIAL,70626,
SNK OFFICIAL,7852,
SNK OFFICIAL,11708,
SNK OFFICIAL,3888,
SNK OFFICIAL,87425,
SNK OFFICIAL,86961,
SNK OFFICIAL,78785,
SNK OFFICIAL,106960,
SNK OFFICIAL,37035,
SNK OFFICIAL,58702,
SNK OFFICIAL,27952,
SNK OFFICIAL,56984,
SNK OFFICIAL,161123,
SNK OFFICIAL,107254,
SNK OFFICIAL,46192,
SNK OFFICIAL,40624,
SNK OFFICIAL,65375,
SNK OFFICIAL,57837,
SNK OFFICIAL,53551,
SNK OFFICIAL,39940,
SNK OFFICIAL,62536,
SNK OFFICIAL,57524,
SNK OFFICIAL,48424,
SNK OFFICIAL,208280,
SNK OFFICIAL,215153,
SNK OFFICIAL,53730,
SNK OFFICIAL,83782,
SNK OFFICIAL,27105,
SNK OFFICIAL,58943,
SNK OFFICIAL,37739,
SNK OFFICIAL,4827,
SNK OFFICIAL,42942,
SNK OFFICIAL,1453,
SNK OFFICIAL,3556,
SNK OFFICIAL,25970,
SNK OFFICIAL,4875,
SNK OFFICIAL,38643,
SNK OFFICIAL,3778,
SNK OFFICIAL,37275,
SNK OFFICIAL,1171,
SNK OFFICIAL,488724,
SNK OFFICIAL,47584,
SNK OFFICIAL,12256,
SNK OFFICIAL,29500,
SNK OFFICIAL,199667,
SNK OFFICIAL,229089,
SNK OFFICIAL,400257,
SNK OFFICIAL,118090,
SNK OFFICIAL,101740,
SNK OFFICIAL,31775,
SNK OFFICIAL,17042,
SNK OFFICIAL,25586,
SNK OFFICIAL,43730,
SNK OFFICIAL,21102,
SNK OFFICIAL,22139,
SNK OFFICIAL,25351,
SNK OFFICIAL,25697,
SNK OFFICIAL,431631,
SNK OFFICIAL,701205,
SNK OFFICIAL,240784,
SNK OFFICIAL,552546,
SNK OFFICIAL,67232,
SNK OFFICIAL,107021,
SNK OFFICIAL,135854,
SNK OFFICIAL,40274,
SNK OFFICIAL,141087,
SNK OFFICIAL,90911,
SNK OFFICIAL,83578,
SNK OFFICIAL,151691,
SNK OFFICIAL,151983,
SNK OFFICIAL,98935,
SNK OFFICIAL,31219,
SNK OFFICIAL,218452,
SNK OFFICIAL,196444,
SNK OFFICIAL,28538,
SNK OFFICIAL,148371,
SNK OFFICIAL,183036,
SNK OFFICIAL,212905,
SNK OFFICIAL,24363,
SNK OFFICIAL,40537,
SNK OFFICIAL,32228,
SNK OFFICIAL,22475,
SNK OFFICIAL,259880,
SNK OFFICIAL,343953,
SNK OFFICIAL,57127,
SNK OFFICIAL,50135,
SNK OFFICIAL,72195,
SNK OFFICIAL,130091,
SNK OFFICIAL,81299,
SNK OFFICIAL,109093,
SNK OFFICIAL,144733,
SNK OFFICIAL,178367,
SNK OFFICIAL,164605,
SNK OFFICIAL,8791,
SNK OFFICIAL,28817,
SNK OFFICIAL,26872,
SNK OFFICIAL,52586,
SNK OFFICIAL,30606,
SNK OFFICIAL,159587,
SNK OFFICIAL,140330,
SNK OFFICIAL,220682,
SNK OFFICIAL,267953,
SNK OFFICIAL,81182,
SNK OFFICIAL,294590,
SNK OFFICIAL,249965,
SNK OFFICIAL,20958,
SNK OFFICIAL,447196,
SNK OFFICIAL,238240,
SNK OFFICIAL,156223,
SNK OFFICIAL,280012,
SNK OFFICIAL,85576,
SNK OFFICIAL,51889,
SNK OFFICIAL,45870,
SNK OFFICIAL,18971,
SNK OFFICIAL,3807,
SNK OFFICIAL,44026,
SNK OFFICIAL,6318,
SNK OFFICIAL,93874,
SNK OFFICIAL,27756,
SNK OFFICIAL,71291,
SNK OFFICIAL,30998,
SNK OFFICIAL,30707,
SNK OFFICIAL,24638,
SNK OFFICIAL,13857,
SNK OFFICIAL,13098,
SNK OFFICIAL,20332,
SNK OFFICIAL,23268,
SNK OFFICIAL,18234,
SNK OFFICIAL,17973,
SNK OFFICIAL,31212,
SNK OFFICIAL,24338,
SNK OFFICIAL,73650,
SNK OFFICIAL,19032,
SNK OFFICIAL,15915,
SNK OFFICIAL,22828,
SNK OFFICIAL,16504,
SNK OFFICIAL,22628,
SNK OFFICIAL,12378,
SNK OFFICIAL,15923,
SNK OFFICIAL,24282,
SNK OFFICIAL,16965,
SNK OFFICIAL,28598,
SNK OFFICIAL,23544,
SNK OFFICIAL,18367,
SNK OFFICIAL,16843,
SNK OFFICIAL,29715,
SNK OFFICIAL,19466,
Roosevan ,39560,
Roosevan ,170026,
Roosevan ,164818,
Roosevan ,360744,
Roosevan ,1001145,
Roosevan ,675711,
Roosevan ,2956713,
Roosevan ,187779,
Roosevan ,428334,
Roosevan ,188997,
Roosevan ,71445,
Roosevan ,1386870,
Roosevan ,5164926,
Roosevan ,324694,
Roosevan ,473774,
Roosevan ,1730653,
Roosevan ,666666,
Roosevan ,753136,
Roosevan ,417820,
Roosevan ,518310,
Roosevan ,2284272,
Roosevan ,102067,
Roosevan ,163425,
Roosevan ,13740766,
Roosevan ,712472,
Roosevan ,1811281,
Roosevan ,1095687,
Roosevan ,1797103,
Roosevan ,887277,
Roosevan ,1002309,
Roosevan ,849738,
Roosevan ,922830,
Roosevan ,1200351,
Roosevan ,1035189,
Roosevan ,1844463,
Roosevan ,793416,
Roosevan ,1041584,
Roosevan ,3809516,
Roosevan ,1003635,
Roosevan ,1319839,
Roosevan ,1011446,
Roosevan ,5611815,
Roosevan ,1044060,
Roosevan ,1079075,
Roosevan ,4162022,
Roosevan ,1335349,
Roosevan ,1450432,
Roosevan ,15036037,
Roosevan ,4187816,
Roosevan ,2619990,
Roosevan ,2849826,
Roosevan ,2187365,
Roosevan ,618038,
Roosevan ,3505105,
Roosevan ,1367871,
Roosevan ,5422855,
Roosevan ,3718943,
Roosevan ,1006954,
Roosevan ,1855248,
Roosevan ,3162471,
Roosevan ,1738025,
Roosevan ,4465686,
Roosevan ,932751,
Roosevan ,4573309,
Roosevan ,6271868,
Roosevan ,446453,
Roosevan ,794762,
Roosevan ,8552283,
Roosevan ,2027449,
Roosevan ,2241717,
Roosevan ,903770,
Roosevan ,2343070,
Roosevan ,2473120,
Roosevan ,4815799,
Roosevan ,1104653,
Roosevan ,3530279,
Roosevan ,2230927,
Roosevan ,22259989,
Roosevan ,19992462,
Roosevan ,1023832,
Roosevan ,1043061,
Roosevan ,887663,
Roosevan ,1009596,
Roosevan ,1262870,
Roosevan ,701499,
Roosevan ,605750,
Roosevan ,5491657,
Roosevan ,2114922,
Roosevan ,2326560,
Roosevan ,6287938,
Roosevan ,1280390,
Roosevan ,13135191,
Roosevan ,797922,
Roosevan ,1142310,
Roosevan ,678607,
Roosevan ,5757842,
Roosevan ,969174,
Roosevan ,1887951,
Roosevan ,1675417,
Roosevan ,4214020,
Roosevan ,1823922,
Roosevan ,978181,
Roosevan ,1278176,
Roosevan ,1247070,
Roosevan ,14065965,
Roosevan ,9985317,
Roosevan ,1893748,
Roosevan ,2497694,
Roosevan ,3272653,
Roosevan ,655284,
Roosevan ,859319,
Roosevan ,994592,
Roosevan ,991614,
Roosevan ,1677131,
Roosevan ,6118256,
Roosevan ,1356129,
Roosevan ,1889885,
Roosevan ,881070,
Roosevan ,1454145,
Roosevan ,2813978,
Roosevan ,1418273,
Roosevan ,5317659,
Roosevan ,6409294,
Roosevan ,1659143,
Roosevan ,4097249,
Roosevan ,2093399,
Roosevan ,1840850,
Roosevan ,1871987,
Roosevan ,2199028,
Roosevan ,1987296,
Roosevan ,2197704,
Roosevan ,1681629,
Roosevan ,2280537,
Roosevan ,2051936,
Roosevan ,4297836,
Roosevan ,1629257,
Roosevan ,1596552,
Roosevan ,3914870,
Roosevan ,1972284,
Roosevan ,1761599,
Roosevan ,2872101,
Roosevan ,1957971,
Roosevan ,3580671,
Roosevan ,1664597,
Roosevan ,2500676,
Roosevan ,1487899,
Roosevan ,2047426,
Roosevan ,2737984,
Roosevan ,1833051,
Roosevan ,4154566,
Roosevan ,10544687,
Roosevan ,5954334,
Roosevan ,17867694,
Roosevan ,10077104,
Roosevan ,2121436,
Roosevan ,3394039,
Roosevan ,3130206,
Roosevan ,995845,
Roosevan ,5586094,
Roosevan ,829644,
Roosevan ,2736663,
Roosevan ,879437,
Roosevan ,1284898,
Roosevan ,858393,
Roosevan ,744390,
Roosevan ,731593,
Roosevan ,444691,
Roosevan ,565468,
Roosevan ,539350,
Roosevan ,453268,
Roosevan ,353247,
Roosevan ,611469,
Roosevan ,477129,
Roosevan ,4486864,
Roosevan ,463070,
Roosevan ,396529,
Roosevan ,1670243,
Roosevan ,1383146,
Roosevan ,351836,
Roosevan ,747818,
Roosevan ,3391817,
Roosevan ,340404,
Roosevan ,445460,
Roosevan ,1004819,
Roosevan ,508007,
Roosevan ,329906,
Roosevan ,208335,
Roosevan ,233316,
Roosevan ,292848,
Roosevan ,330063,
Roosevan ,207914,
Roosevan ,239514,
Roosevan ,352721,
Roosevan ,418486,
Roosevan ,245788,
Roosevan ,610958,
Roosevan ,866761,
Roosevan ,487093,
Roosevan ,1590643,
Roosevan ,701881,
Roosevan ,1325090,
Roosevan ,778637,
Roosevan ,1030070,
Roosevan ,2315471,
Roosevan ,9005925,
Roosevan ,1952840,
Roosevan ,278042,
Roosevan ,247096,
Roosevan ,209875,
Roosevan ,373409,
Roosevan ,557378,
Roosevan ,271531,
Roosevan ,241193,
Roosevan ,222471,
Roosevan ,336580,
Roosevan ,1332605,
Roosevan ,267748,
Roosevan ,267519,
Roosevan ,340937,
Roosevan ,209426,
Roosevan ,258955,
Roosevan ,188036,
Roosevan ,195597,
Roosevan ,178857,
Roosevan ,342383,
Roosevan ,406669,
Roosevan ,202295,
Roosevan ,225466,
Roosevan ,4259273,
Roosevan ,2457079,
Roosevan ,188078,
Roosevan ,186930,
Roosevan ,282500,
Roosevan ,196880,
Roosevan ,281624,
Roosevan ,303882,
Roosevan ,416902,
Roosevan ,534809,
Roosevan ,194438,
Roosevan ,441718,
Roosevan ,214824,
Roosevan ,268610,
Roosevan ,212471,
Roosevan ,365997,
Roosevan ,213402,
Roosevan ,535070,
Roosevan ,249888,
Roosevan ,599729,
Roosevan ,188312,
Aura Serenity,624,
Aura Serenity,19550,
Aura Serenity,10049,
Aura Serenity,566694,
Aura Serenity,75999,
Aura Serenity,10810,
Aura Serenity,198334,
Aura Serenity,3826,
Aura Serenity,15000,
Aura Serenity,52550,
Aura Serenity,31976,
Aura Serenity,66439,
Aura Serenity,3281,
Aura Serenity,94210,
Aura Serenity,5798,
Aura Serenity,8074,
Aura Serenity,250936,
Aura Serenity,825272,
Aura Serenity,297895,
Aura Serenity,31080,
Aura Serenity,5893,
Aura Serenity,94510,
Aura Serenity,1052846,
Aura Serenity,13393,
Aura Serenity,6203,
Aura Serenity,48703,
Aura Serenity,30860,
Aura Serenity,612291,
Aura Serenity,553460,
Aura Serenity,689336,
Aura Serenity,33917,
Aura Serenity,2690,
Aura Serenity,32371,
Aura Serenity,3019,
Aura Serenity,98437,
Aura Serenity,104999,
Aura Serenity,70445,
Aura Serenity,46133,
Aura Serenity,4265,
Aura Serenity,96327,
Aura Serenity,18056,
Aura Serenity,836783,
Aura Serenity,1299664,
Aura Serenity,3430946,
Aura Serenity,193321,
Aura Serenity,574347,
Aura Serenity,274534,
Aura Serenity,2323,
Aura Serenity,18678,
Aura Serenity,69783,
Aura Serenity,17659,
Aura Serenity,3843,
Aura Serenity,6142,
Aura Serenity,198680,
Aura Serenity,19637,
Aura Serenity,2200,
Aura Serenity,4792,
Aura Serenity,3388,
Aura Serenity,4753,
Aura Serenity,722225,
Aura Serenity,29575,
Aura Serenity,4130,
Aura Serenity,2125,
Aura Serenity,3273,
Aura Serenity,44527,
Aura Serenity,1685,
Aura Serenity,1453,
Aura Serenity,779792,
Aura Serenity,31103,
Aura Serenity,1034,
Aura Serenity,102616,
Aura Serenity,410378,
Aura Serenity,2350,
Aura Serenity,1158,
Aura Serenity,449,
Aura Serenity,3525,
Aura Serenity,2144,
Aura Serenity,1489,
Aura Serenity,2001,
Aura Serenity,301,
Aura Serenity,465,
Aura Serenity,2081,
Aura Serenity,98978,
Aura Serenity,401,
Aura Serenity,5386,
Aura Serenity,783,
Aura Serenity,1277,
Aura Serenity,3552,
Aura Serenity,658,
Aura Serenity,6109,
Aura Serenity,2863,
Aura Serenity,5864,
Aura Serenity,620,
Aura Serenity,33562,
Aura Serenity,7013,
Aura Serenity,731,
Aura Serenity,2165,
Aura Serenity,30173,
Aura Serenity,8313,
Aura Serenity,845,
Aura Serenity,2858,
Aura Serenity,816,
Aura Serenity,1593,
Aura Serenity,218926,
Aura Serenity,1276,
Aura Serenity,531,
Aura Serenity,4440,
Aura Serenity,1293,
Aura Serenity,3694,
Aura Serenity,1746,
Aura Serenity,2020,
Aura Serenity,624,
Aura Serenity,754,
Aura Serenity,2975,
Aura Serenity,2325,
Aura Serenity,1567,
Aura Serenity,998,
Aura Serenity,26562,
Aura Serenity,22205,
Aura Serenity,2060,
Aura Serenity,928,
Aura Serenity,442,
Aura Serenity,6328,
Aura Serenity,998,
Aura Serenity,1403,
Aura Serenity,1667,
Aura Serenity,911,
Aura Serenity,2484,
Aura Serenity,889,
Aura Serenity,9816,
Aura Serenity,1050,
Aura Serenity,41936,
Aura Serenity,2081,
Aura Serenity,1960,
Aura Serenity,312618,
Aura Serenity,4177,
Aura Serenity,1776,
Aura Serenity,1296,
Aura Serenity,1552,
Aura Serenity,968,
Aura Serenity,2410,
Aura Serenity,9553,
Aura Serenity,453372,
Aura Serenity,4979,
Aura Serenity,3504,
Aura Serenity,776,
Aura Serenity,1275,
Aura Serenity,1351623,
Aura Serenity,754,
Aura Serenity,68901,
Aura Serenity,489,
Aura Serenity,8390,
Aura Serenity,6898,
Aura Serenity,2733,
Aura Serenity,29967,
Aura Serenity,63901,
Aura Serenity,117064,
Aura Serenity,4772,
Aura Serenity,1562,
Aura Serenity,713,
Aura Serenity,2334196,
Aura Serenity,13732,
Aura Serenity,1094048,
Aura Serenity,1852,
Aura Serenity,229284,
Aura Serenity,13974,
Aura Serenity,1467,
Aura Serenity,1352,
Aura Serenity,19155,
Aura Serenity,24418,
Aura Serenity,1457,
Aura Serenity,578,
Aura Serenity,4500,
Aura Serenity,827,
Aura Serenity,1948,
Aura Serenity,354052,
Aura Serenity,3826,
Aura Serenity,1046,
Aura Serenity,3522,
Aura Serenity,315,
Aura Serenity,467,
Aura Serenity,1987,
Aura Serenity,2460,
Aura Serenity,719,
Aura Serenity,5259,
Aura Serenity,1712,
Aura Serenity,13871,
Aura Serenity,1534,
Aura Serenity,2969,
Aura Serenity,179613,
Aura Serenity,930,
Aura Serenity,2577,
Aura Serenity,388,
Aura Serenity,126139,
Aura Serenity,898,
Aura Serenity,11176,
Aura Serenity,204554,
Aura Serenity,3592,
Aura Serenity,826,
Aura Serenity,1032,
Aura Serenity,702,
Aura Serenity,19596,
Aura Serenity,1124,
Aura Serenity,5238,
Aura Serenity,1003724,
Aura Serenity,993,
Aura Serenity,87121,
Aura Serenity,931,
Aura Serenity,14358,
Aura Serenity,343828,
Aura Serenity,4840,
Aura Serenity,799,
Aura Serenity,728,
Aura Serenity,121856,
Aura Serenity,36285,
Aura Serenity,636279,
Aura Serenity,3359,
Aura Serenity,4271,
Aura Serenity,89791,
Aura Serenity,231535,
Aura Serenity,837,
Aura Serenity,4524,
Aura Serenity,2720,
Aura Serenity,941034,
Aura Serenity,480,
Aura Serenity,1103,
Aura Serenity,855,
Aura Serenity,953,
Aura Serenity,4730,
Aura Serenity,38122,
Aura Serenity,794,
Aura Serenity,89921,
Aura Serenity,680,
Aura Serenity,684456,
Aura Serenity,18489,
Aura Serenity,5445,
Aura Serenity,1765,
Aura Serenity,1389881,
Aura Serenity,2793,
Aura Serenity,1085,
Aura Serenity,4590,
Aura Serenity,379,
Aura Serenity,556,
Aura Serenity,1339,
Aura Serenity,3644,
Aura Serenity,273,
Aura Serenity,152,
Aura Serenity,862185,
Aura Serenity,23477,
Aura Serenity,553,
Aura Serenity,805,
Aura Serenity,4892,
Aura Serenity,746,
Aura Serenity,300,
Aura Serenity,763,
Aura Serenity,291,
Aura Serenity,444,
Aura Serenity,1263,
Aura Serenity,1244,
Aura Serenity,1154,
Aura Serenity,721,
Aura Serenity,195,
Aura Serenity,325,
Aura Serenity,346,
Aura Serenity,5535,
Aura Serenity,266,
Aura Serenity,353,
Aura Serenity,344,
Aura Serenity,35763,
Aura Serenity,1722,
Aura Serenity,213,
Aura Serenity,840,
Aura Serenity,65844,
Aura Serenity,14350,
Aura Serenity,3927,
Aura Serenity,382,
Aura Serenity,883432,
Aura Serenity,21285,
Aura Serenity,6327,
Aura Serenity,405303,
Aura Serenity,1666,
Aura Serenity,452,
Aura Serenity,170097,
Aura Serenity,2092,
Aura Serenity,2657,
Aura Serenity,454,
Aura Serenity,1353,
Aura Serenity,910,
Aura Serenity,27121,
Aura Serenity,1681,
Aura Serenity,355877,
Aura Serenity,670,
Aura Serenity,174633,
Aura Serenity,1206,
Aura Serenity,2105,
Aura Serenity,168,
Aura Serenity,1060,
Aura Serenity,3210,
Aura Serenity,301868,
Aura Serenity,1599,
Aura Serenity,4074,
Aura Serenity,98438,
Aura Serenity,1016,
Aura Serenity,1361,
Aura Serenity,480,
Aura Serenity,2803,
Aura Serenity,256,
Aura Serenity,162,
Aura Serenity,342,
Aura Serenity,460,
Aura Serenity,249,
Aura Serenity,314,
Aura Serenity,135,
Aura Serenity,3711,
Aura Serenity,1800,
Aura Serenity,4555,
Aura Serenity,2429,
Aura Serenity,2538,
Aura Serenity,19146,
Aura Serenity,575,
Aura Serenity,391,
Aura Serenity,2277,
Aura Serenity,4089,
Aura Serenity,2885,
Aura Serenity,208793,
Aura Serenity,2196,
Aura Serenity,760,
Aura Serenity,1957,
Aura Serenity,3179,
Aura Serenity,1421,
Aura Serenity,1527,
Aura Serenity,4278,
Aura Serenity,588,
Aura Serenity,2171,
Aura Serenity,4957,
Aura Serenity,1580,
Aura Serenity,620,
Aura Serenity,1290,
Aura Serenity,669,
Aura Serenity,1663,
Aura Serenity,374484,
Aura Serenity,3562,
Aura Serenity,312062,
Aura Serenity,761,
Aura Serenity,2892,
Aura Serenity,4631,
Aura Serenity,7073,
Aura Serenity,2045,
Aura Serenity,2194,
Aura Serenity,2396,
Aura Serenity,337,
Aura Serenity,313,
Aura Serenity,4834,
Aura Serenity,9516481,
Aura Serenity,1271,
Aura Serenity,1904,
Aura Serenity,6271,
Aura Serenity,403,
Aura Serenity,6069,
Aura Serenity,2855,
Aura Serenity,1130,
Aura Serenity,689,
Aura Serenity,2503,
Aura Serenity,4467,
Aura Serenity,2227,
Aura Serenity,19162,
Aura Serenity,1365,
Aura Serenity,823304,
Aura Serenity,39643,
Aura Serenity,7438,
Aura Serenity,2462,
Aura Serenity,993,
Aura Serenity,881,
Aura Serenity,704,
Aura Serenity,594,
Aura Serenity,5300,
Aura Serenity,5470,
Aura Serenity,817,
Aura Serenity,3787,
Aura Serenity,2034,
Aura Serenity,950,
Aura Serenity,67784,
Aura Serenity,5756,
Aura Serenity,2221,
Aura Serenity,1814,
Aura Serenity,1959,
Aura Serenity,18221,
Aura Serenity,1986,
Aura Serenity,2629,
Aura Serenity,2824,
Aura Serenity,1444,
Aura Serenity,976,
Aura Serenity,1238,
Aura Serenity,721,
Aura Serenity,127,
Aura Serenity,733,
Aura Serenity,489,
Aura Serenity,832,
Aura Serenity,6535,
Aura Serenity,4128,
Aura Serenity,356811,
Aura Serenity,1593,
Aura Serenity,1525518,
Aura Serenity,11440,
Aura Serenity,1123,
Aura Serenity,293,
Aura Serenity,2179,
Aura Serenity,13861,
Aura Serenity,1188,
Aura Serenity,2272,
Aura Serenity,1523,
Aura Serenity,3683,
Aura Serenity,2721,
Aura Serenity,2514,
Aura Serenity,1948,
Aura Serenity,1680,
Aura Serenity,541,
Aura Serenity,1919,
Aura Serenity,209,
Aura Serenity,1290,
Aura Serenity,17880,
Aura Serenity,311,
Aura Serenity,19693,
Aura Serenity,2290,
Aura Serenity,37315,
Aura Serenity,19031,
Aura Serenity,3955,
Aura Serenity,41212,
Aura Serenity,3729,
Aura Serenity,2759,
Aura Serenity,8363,
Aura Serenity,84438,
Aura Serenity,175563,
Aura Serenity,636,
Aura Serenity,10921,
Aura Serenity,1894,
Aura Serenity,1608,
Aura Serenity,136409,
Aura Serenity,10180,
Aura Serenity,3285,
Aura Serenity,671,
Aura Serenity,2324,
Aura Serenity,231,
Aura Serenity,2022,
Aura Serenity,1834,
Aura Serenity,2235,
Aura Serenity,3059,
Aura Serenity,1564,
Aura Serenity,1063,
Aura Serenity,369,
Aura Serenity,12861,
Aura Serenity,736,
Aura Serenity,12080,
Aura Serenity,3675,
Aura Serenity,999,
Aura Serenity,1874,
Aura Serenity,7339,
Aura Serenity,389,
Aura Serenity,8291,
Aura Serenity,3438,
Aura Serenity,117565,
Aura Serenity,3253,
Aura Serenity,32284,
Aura Serenity,10190,
Aura Serenity,566,
Aura Serenity,322987,
Aura Serenity,228,
Aura Serenity,9961,
Aura Serenity,1643,
Aura Serenity,1364,
Aura Serenity,1425,
Aura Serenity,299328,
Aura Serenity,3981,
Aura Serenity,2641,
Aura Serenity,826,
Aura Serenity,143513,
Aura Serenity,1461025,
Aura Serenity,122141,
Aura Serenity,587,
Aura Serenity,8800,
Aura Serenity,2675,
Aura Serenity,574,
Aura Serenity,3675,
Aura Serenity,3395,
Aura Serenity,710,
Aura Serenity,1677,
Aura Serenity,2954,
Aura Serenity,5806,
Aura Serenity,218,
Aura Serenity,1155,
Aura Serenity,604,
Aura Serenity,3913,
Aura Serenity,3087,
Aura Serenity,886,
Aura Serenity,190,
Aura Serenity,1994,
Aura Serenity,230,
Aura Serenity,1616,
Aura Serenity,3616,
IGN,1503,
IGN,2499,
IGN,2066,
IGN,6784,
IGN,3275,
IGN,2760,
IGN,9108,
IGN,2696,
IGN,3629,
IGN,8168,
IGN,20358,
IGN,5077,
IGN,18099,
IGN,8945,
IGN,10830,
IGN,11765,
IGN,9078,
IGN,21403,
IGN,380802,
IGN,11753,
IGN,14651,
IGN,132781,
IGN,20395,
IGN,66574,
IGN,14079,
IGN,17181,
IGN,17232,
IGN,34511,
IGN,22666,
IGN,9941,
IGN,18878,
IGN,64684,
IGN,96502,
IGN,3459,
IGN,54069,
IGN,269336,
IGN,14176,
IGN,136412,
IGN,80680,
IGN,7818,
IGN,11665,
IGN,14568,
IGN,10302,
IGN,6991,
IGN,11178,
IGN,8251,
IGN,16789,
IGN,11015,
IGN,6699,
IGN,11331,
IGN,70570,
IGN,28131,
IGN,22029,
IGN,28812,
IGN,9422,
IGN,19466,
IGN,28027,
IGN,11029,
IGN,13661,
IGN,17093,
IGN,14288,
IGN,9536,
IGN,106361,
IGN,23973,
IGN,17770,
IGN,14928,
IGN,16790,
IGN,6494,
IGN,15924,
IGN,9853,
IGN,59358,
IGN,13811,
IGN,15804,
IGN,4342,
IGN,74762,
IGN,3739,
IGN,9675,
IGN,28082,
IGN,23358,
IGN,180372,
IGN,14962,
IGN,16738,
IGN,108867,
IGN,17007,
IGN,1517,
IGN,15765,
IGN,27908,
IGN,54883,
IGN,13697,
IGN,198983,
IGN,16285,
IGN,8515,
IGN,12245,
IGN,24254,
IGN,36051,
IGN,8599,
IGN,15276,
IGN,376725,
IGN,13050,
IGN,26099,
IGN,40985,
IGN,136947,
IGN,35359,
IGN,16494,
IGN,120292,
IGN,12872,
IGN,54819,
IGN,23579,
IGN,50945,
IGN,14465,
IGN,21689,
IGN,26569,
IGN,33184,
IGN,292536,
IGN,15098,
IGN,22670,
IGN,25356,
IGN,21583,
IGN,6413,
IGN,303270,
IGN,8953,
IGN,293106,
IGN,46571,
IGN,51302,
IGN,18732,
IGN,18781,
IGN,92592,
IGN,51271,
IGN,12436,
IGN,232112,
IGN,79642,
IGN,12071,
IGN,412662,
IGN,21098,
IGN,562573,
IGN,166694,
IGN,36280,
IGN,24149,
IGN,26517,
IGN,25399,
IGN,12384,
IGN,43532,
IGN,0,
IGN,51098,
IGN,16239,
IGN,71281,
IGN,32176,
IGN,48150,
IGN,141203,
IGN,63861,
IGN,29068,
IGN,39016,
IGN,26847,
IGN,21988,
IGN,54475,
IGN,49492,
IGN,33270,
IGN,21451,
IGN,9878,
IGN,796151,
IGN,21422,
IGN,15548,
IGN,32061,
IGN,56049,
IGN,46818,
IGN,81017,
IGN,37999,
IGN,93102,
IGN,57760,
IGN,85199,
IGN,162394,
IGN,44941,
IGN,19401,
IGN,61536,
IGN,123055,
IGN,168096,
IGN,28863,
IGN,51927,
IGN,43500,
IGN,81638,
IGN,95495,
IGN,438850,
IGN,651166,
IGN,206617,
IGN,6932,
IGN,27581,
IGN,18810,
IGN,27424,
IGN,13708,
IGN,39073,
IGN,19217,
IGN,40734,
IGN,67352,
IGN,57694,
IGN,43134,
IGN,16036,
IGN,32895,
IGN,122841,
IGN,48151,
IGN,52689,
IGN,36941,
IGN,49774,
IGN,25601,
IGN,15181,
IGN,28336,
IGN,21568,
IGN,45207,
IGN,28996,
IGN,8968,
IGN,39656,
IGN,13779,
IGN,10211,
IGN,148393,
IGN,6271,
IGN,288555,
IGN,11722,
IGN,17764,
IGN,16428,
IGN,18074,
IGN,17642,
IGN,10856,
IGN,13587,
IGN,13064,
IGN,12991,
IGN,14267,
IGN,13063,
IGN,758731,
IGN,8985,
IGN,370521,
IGN,17812,
IGN,77107,
IGN,1387981,
IGN,8889,
IGN,11634,
IGN,9971,
IGN,33122,
IGN,122167,
IGN,7653,
IGN,9432,
IGN,137502,
IGN,19060,
IGN,53188,
IGN,17383,
IGN,17197,
IGN,18920,
IGN,299161,
IGN,27150,
IGN,52947,
IGN,144569,
IGN,46725,
IGN,107834,
IGN,23298,
IGN,24462,
IGN,24271,
IGN,37582,
IGN,1127771,
IGN,6555,
IGN,4654,
IGN,74683,
IGN,213805,
IGN,220221,
IGN,25236,
IGN,17331,
IGN,967811,
IGN,38247,
IGN,32736,
IGN,38652,
IGN,9334,
IGN,65566,
IGN,74691,
IGN,119953,
IGN,195977,
IGN,27879,
IGN,71256,
IGN,52871,
IGN,34642,
IGN,50691,
IGN,25301,
IGN,25521,
IGN,1035219,
IGN,28675,
IGN,40164,
IGN,16725,
IGN,24125,
IGN,105348,
IGN,57939,
IGN,14496,
IGN,74717,
IGN,46817,
IGN,272112,
IGN,77094,
IGN,128343,
IGN,163636,
IGN,86293,
IGN,18748,
IGN,98527,
IGN,42429,
IGN,298728,
IGN,53267,
IGN,132915,
IGN,49702,
IGN,154020,
IGN,94201,
IGN,14117,
IGN,209366,
IGN,32937,
IGN,59309,
IGN,74335,
IGN,47179,
IGN,40051,
IGN,83802,
IGN,310955,
IGN,66234,
IGN,47695,
IGN,38290,
IGN,139147,
IGN,33397,
IGN,75314,
IGN,48706,
IGN,109423,
IGN,32173,
IGN,53975,
IGN,187563,
IGN,112968,
IGN,144331,
IGN,194847,
IGN,42217,
IGN,73973,
IGN,26853,
IGN,111696,
IGN,1028433,
IGN,156234,
IGN,19259,
IGN,31716,
IGN,37647,
IGN,79766,
IGN,52551,
IGN,37201,
IGN,39569,
IGN,85672,
IGN,14285,
IGN,11428,
IGN,25772,
IGN,23845,
IGN,28537,
IGN,56296,
IGN,99408,
IGN,26841,
IGN,148687,
IGN,44009,
IGN,39557,
IGN,18574,
IGN,194098,
IGN,49447,
IGN,45770,
IGN,391941,
IGN,178239,
IGN,52702,
IGN,50988,
IGN,50760,
IGN,33945,
IGN,15653,
IGN,35366,
IGN,31928,
IGN,43391,
IGN,110295,
IGN,44966,
IGN,394497,
IGN,16043,
IGN,850527,
IGN,57980,
IGN,10453,
IGN,39137,
IGN,246455,
IGN,97449,
IGN,49184,
IGN,29368,
IGN,55610,
IGN,13101,
IGN,42826,
IGN,46856,
IGN,70430,
IGN,44944,
IGN,46700,
IGN,257167,
IGN,999739,
IGN,400565,
IGN,265774,
IGN,125974,
IGN,129409,
IGN,160286,
IGN,2220236,
IGN,319030,
IGN,187379,
IGN,177459,
IGN,318260,
IGN,65632,
IGN,83671,
IGN,102135,
IGN,27053,
IGN,20003,
IGN,66955,
IGN,19027,
IGN,33223,
IGN,47434,
IGN,46853,
IGN,336877,
IGN,20937,
IGN,24362,
IGN,1070380,
IGN,260611,
IGN,754309,
IGN,19299,
IGN,45241,
IGN,110663,
IGN,70094,
IGN,45664,
IGN,27403,
IGN,70745,
IGN,44900,
IGN,7094,
IGN,18518,
IGN,28392,
IGN,36546,
IGN,16179,
IGN,10360,
IGN,342965,
IGN,19617,
IGN,45293,
IGN,49316,
IGN,69290,
IGN,28528,
IGN,45136,
IGN,71039,
IGN,14082,
IGN,60051,
IGN,28279,
IGN,25442,
IGN,60003,
IGN,16115,
IGN,19196,
IGN,50069,
IGN,473929,
IGN,33676,
IGN,22690,
IGN,7130,
IGN,860210,
IGN,19982,
IGN,33233,
IGN,72651,
IGN,106351,
IGN,34637,
IGN,6541,
IGN,44025,
IGN,12293,
IGN,92591,
IGN,342920,
IGN,7019,
IGN,191741,
IGN,28611,
IGN,39365,
IGN,48173,
IGN,26440,
IGN,116938,
IGN,30719,
IGN,125983,
IGN,65813,
IGN,487741,
IGN,87323,
IGN,39980,
IGN,19326,
IGN,44350,
IGN,20901,
IGN,18068,
IGN,45719,
IGN,1238331,
IGN,73235,
IGN,19253,
IGN,71022,
IGN,19648,
IGN,35373,
IGN,195904,
IGN,133808,
IGN,18260,
IGN,10837,
IGN,67250,
IGN,65081,
IGN,32350,
IGN,18330,
IGN,75381,
IGN,92604,
IGN,16385,
IGN,27877,
IGN,45763,
IGN,232894,
IGN,53751,
IGN,22418,
IGN,50407,
IGN,61096,
Canal Clash War,402068,
Canal Clash War,266833,
Canal Clash War,630621,
Canal Clash War,494946,
Canal Clash War,399103,
Canal Clash War,704830,
Canal Clash War,437029,
Canal Clash War,773919,
Canal Clash War,547262,
Canal Clash War,249602,
Canal Clash War,577654,
Canal Clash War,1133626,
Canal Clash War,121277,
Canal Clash War,445167,
Canal Clash War,613938,
Canal Clash War,196505,
Canal Clash War,551256,
Canal Clash War,553404,
Canal Clash War,415460,
Canal Clash War,200364,
Canal Clash War,642018,
Canal Clash War,425097,
Canal Clash War,616553,
Canal Clash War,454508,
Canal Clash War,365494,
Canal Clash War,583934,
Canal Clash War,917743,
Canal Clash War,530244,
Canal Clash War,968801,
Canal Clash War,211319,
Canal Clash War,937255,
Canal Clash War,901344,
Canal Clash War,899350,
Canal Clash War,768908,
Canal Clash War,828314,
Canal Clash War,582086,
Canal Clash War,1209799,
Canal Clash War,224890,
Canal Clash War,1521610,
Canal Clash War,599712,
Canal Clash War,364753,
Canal Clash War,490349,
Canal Clash War,438452,
Canal Clash War,642038,
Canal Clash War,638144,
Canal Clash War,779686,
Canal Clash War,370998,
Canal Clash War,607880,
Canal Clash War,808932,
Canal Clash War,493646,
Canal Clash War,596974,
Canal Clash War,801601,
Canal Clash War,866347,
Canal Clash War,447820,
Canal Clash War,623394,
Canal Clash War,927585,
Canal Clash War,759450,
Canal Clash War,447750,
Canal Clash War,942625,
Canal Clash War,746827,
Canal Clash War,840359,
Canal Clash War,676151,
Canal Clash War,387235,
Canal Clash War,904573,
Canal Clash War,1218096,
Canal Clash War,1003875,
Canal Clash War,297463,
Canal Clash War,368235,
Canal Clash War,1104770,
Canal Clash War,522361,
Canal Clash War,601008,
Canal Clash War,648127,
Canal Clash War,826512,
Canal Clash War,892056,
Canal Clash War,226384,
Canal Clash War,562307,
Canal Clash War,1407866,
Canal Clash War,960977,
Canal Clash War,772972,
Canal Clash War,1321409,
Canal Clash War,467260,
Canal Clash War,1981104,
Canal Clash War,558453,
Canal Clash War,302778,
Canal Clash War,474352,
Canal Clash War,617322,
Canal Clash War,593128,
Canal Clash War,344349,
Canal Clash War,702741,
Canal Clash War,202402,
Canal Clash War,932899,
Canal Clash War,659044,
Canal Clash War,1139481,
Canal Clash War,267839,
Canal Clash War,787155,
Canal Clash War,489046,
Canal Clash War,753730,
Canal Clash War,221040,
Canal Clash War,145650,
Canal Clash War,444152,
Canal Clash War,1321067,
Canal Clash War,829256,
Canal Clash War,1418324,
Canal Clash War,244208,
Canal Clash War,641443,
Canal Clash War,685994,
Canal Clash War,670161,
Canal Clash War,882995,
Canal Clash War,997114,
Canal Clash War,1137421,
Canal Clash War,762555,
Canal Clash War,367672,
Canal Clash War,1282549,
Canal Clash War,945917,
Canal Clash War,375246,
Canal Clash War,996313,
Canal Clash War,260223,
Canal Clash War,968157,
Canal Clash War,742677,
Canal Clash War,1384354,
Canal Clash War,348775,
Canal Clash War,567328,
Canal Clash War,1072965,
Canal Clash War,695113,
Canal Clash War,1052940,
Canal Clash War,380189,
Canal Clash War,2736806,
Canal Clash War,852998,
Canal Clash War,810076,
Canal Clash War,840707,
Canal Clash War,1047688,
Canal Clash War,196482,
Canal Clash War,1160740,
Canal Clash War,865217,
Canal Clash War,282341,
Canal Clash War,723432,
Canal Clash War,630414,
Canal Clash War,889475,
Canal Clash War,404964,
Canal Clash War,625424,
Canal Clash War,1003256,
Canal Clash War,487960,
Canal Clash War,714540,
Canal Clash War,307696,
Canal Clash War,872817,
Canal Clash War,698375,
Canal Clash War,811493,
Canal Clash War,1241286,
Canal Clash War,393110,
Canal Clash War,1354003,
Canal Clash War,1349899,
Canal Clash War,1710725,
Canal Clash War,1126374,
Canal Clash War,751485,
Canal Clash War,319812,
Canal Clash War,589200,
Canal Clash War,385346,
Canal Clash War,1352484,
Canal Clash War,1578092,
Canal Clash War,105891,
Canal Clash War,889671,
Canal Clash War,132603,
Canal Clash War,3313417,
Canal Clash War,1560874,
Canal Clash War,807434,
Canal Clash War,1267379,
Canal Clash War,313374,
Canal Clash War,2243182,
Canal Clash War,1040672,
Canal Clash War,1018753,
Canal Clash War,1240644,
Canal Clash War,1131755,
Canal Clash War,1652414,
Canal Clash War,1436377,
Canal Clash War,1404664,
Canal Clash War,401209,
Canal Clash War,2059458,
Canal Clash War,771846,
Canal Clash War,1855725,
Canal Clash War,378788,
Canal Clash War,1109115,
Canal Clash War,989377,
Canal Clash War,956354,
Canal Clash War,933031,
Canal Clash War,505573,
Canal Clash War,1151744,
Canal Clash War,1584703,
Canal Clash War,2226016,
Canal Clash War,2159143,
Canal Clash War,449818,
Canal Clash War,1127291,
Canal Clash War,1658112,
Canal Clash War,1102723,
Canal Clash War,1884744,
Canal Clash War,857199,
Canal Clash War,1366073,
Canal Clash War,1031436,
Canal Clash War,877944,
Canal Clash War,1122399,
Canal Clash War,416396,
Canal Clash War,670259,
Canal Clash War,2065632,
Canal Clash War,626219,
Canal Clash War,1478519,
Canal Clash War,289369,
Canal Clash War,837798,
Canal Clash War,717255,
Canal Clash War,637351,
Canal Clash War,667912,
Canal Clash War,329235,
Canal Clash War,754234,
Canal Clash War,728934,
Canal Clash War,1052652,
Canal Clash War,455567,
Canal Clash War,210352,
Canal Clash War,681023,
Canal Clash War,530569,
Canal Clash War,637111,
Canal Clash War,913320,
Canal Clash War,1092291,
Canal Clash War,1053594,
Canal Clash War,1150107,
Canal Clash War,730228,
Canal Clash War,47457,
Canal Clash War,2036179,
Canal Clash War,574937,
Canal Clash War,2260258,
Canal Clash War,316567,
Canal Clash War,906781,
Canal Clash War,589657,
Canal Clash War,1880579,
Canal Clash War,573937,
Canal Clash War,773287,
Canal Clash War,789492,
Canal Clash War,1671784,
Canal Clash War,2300436,
Canal Clash War,307600,
Canal Clash War,971767,
Canal Clash War,766205,
Canal Clash War,221245,
Canal Clash War,646992,
Canal Clash War,775496,
Canal Clash War,1336094,
Canal Clash War,635980,
Canal Clash War,513565,
Canal Clash War,840205,
Canal Clash War,720086,
Canal Clash War,896174,
Canal Clash War,565683,
Canal Clash War,76206,
Canal Clash War,1097606,
Canal Clash War,931580,
Canal Clash War,919923,
Canal Clash War,1126424,
Canal Clash War,746873,
Canal Clash War,937486,
Canal Clash War,939857,
Canal Clash War,763400,
Canal Clash War,1329880,
Canal Clash War,911699,
Canal Clash War,586488,
Canal Clash War,1334607,
Canal Clash War,958582,
Canal Clash War,904389,
Canal Clash War,723682,
Canal Clash War,887026,
Canal Clash War,980982,
Canal Clash War,628004,
Canal Clash War,659665,
Canal Clash War,1497414,
Canal Clash War,658366,
Canal Clash War,1581781,
Canal Clash War,464694,
Canal Clash War,105409,
Canal Clash War,1164834,
Canal Clash War,952389,
Canal Clash War,693873,
Canal Clash War,367926,
Canal Clash War,1038745,
Canal Clash War,653437,
Canal Clash War,600746,
Canal Clash War,873536,
Canal Clash War,308052,
Canal Clash War,608386,
Canal Clash War,406897,
Canal Clash War,1096053,
Canal Clash War,370956,
Canal Clash War,271719,
Canal Clash War,530642,
Canal Clash War,3194382,
Canal Clash War,1210945,
Canal Clash War,476225,
Canal Clash War,1204489,
Canal Clash War,400341,
Canal Clash War,1055170,
Canal Clash War,248804,
Canal Clash War,1563487,
Canal Clash War,2823214,
Canal Clash War,415538,
Canal Clash War,560741,
Canal Clash War,329253,
Canal Clash War,3690690,
Canal Clash War,586433,
Canal Clash War,662737,
Canal Clash War,103304,
Canal Clash War,131802,
Canal Clash War,531103,
Canal Clash War,535932,
Canal Clash War,405929,
Canal Clash War,415213,
Canal Clash War,459054,
Canal Clash War,146439,
Canal Clash War,315326,
Canal Clash War,67319,
Canal Clash War,487238,
Canal Clash War,558895,
Canal Clash War,443488,
Canal Clash War,940086,
Canal Clash War,121159,
Canal Clash War,891469,
Canal Clash War,448332,
Canal Clash War,282961,
Canal Clash War,58758,
Canal Clash War,388369,
Canal Clash War,1007021,
Canal Clash War,803579,
Canal Clash War,92764,
Canal Clash War,453355,
Canal Clash War,76219,
Canal Clash War,113012,
Canal Clash War,412553,
Canal Clash War,288849,
Canal Clash War,190972,
Canal Clash War,926971,
Canal Clash War,572340,
Canal Clash War,113394,
Canal Clash War,488751,
Canal Clash War,984300,
Canal Clash War,210066,
Canal Clash War,409016,
Canal Clash War,777787,
Canal Clash War,29135,
Canal Clash War,729907,
Canal Clash War,70426,
Canal Clash War,354547,
Canal Clash War,2751182,
Canal Clash War,90125,
Canal Clash War,1232791,
Canal Clash War,580057,
Canal Clash War,134375,
Canal Clash War,748557,
Canal Clash War,509414,
Canal Clash War,332654,
Canal Clash War,121957,
Canal Clash War,601112,
Canal Clash War,2924837,
Canal Clash War,327804,
Canal Clash War,61719,
Canal Clash War,216021,
Canal Clash War,1159493,
Canal Clash War,151302,
Canal Clash War,804135,
Canal Clash War,291802,
Canal Clash War,465652,
Canal Clash War,432133,
Canal Clash War,261281,
Canal Clash War,671351,
Canal Clash War,118048,
Canal Clash War,594919,
Canal Clash War,1084449,
Canal Clash War,596201,
Canal Clash War,179493,
Canal Clash War,77187,
Canal Clash War,2624564,
Canal Clash War,1419976,
Canal Clash War,88081,
Canal Clash War,375321,
Canal Clash War,587277,
Canal Clash War,161560,
Canal Clash War,902269,
Canal Clash War,586647,
Canal Clash War,136100,
Canal Clash War,918142,
Canal Clash War,532906,
Canal Clash War,325360,
Canal Clash War,365562,
Canal Clash War,1066975,
Canal Clash War,116089,
Canal Clash War,387746,
Canal Clash War,559908,
Canal Clash War,1218343,
Canal Clash War,293686,
Canal Clash War,434003,
Canal Clash War,129484,
Canal Clash War,389228,
Canal Clash War,409580,
Canal Clash War,63133,
Canal Clash War,305667,
Canal Clash War,521508,
Canal Clash War,408367,
Canal Clash War,359461,
Canal Clash War,210603,
Canal Clash War,114148,
Canal Clash War,469433,
Canal Clash War,289731,
Canal Clash War,249265,
Canal Clash War,432643,
Canal Clash War,100422,
Canal Clash War,522098,
Canal Clash War,485002,
Canal Clash War,165821,
Canal Clash War,323873,
Canal Clash War,888488,
Canal Clash War,1392021,
Canal Clash War,210491,
Canal Clash War,639739,
Canal Clash War,321232,
Canal Clash War,150636,
Canal Clash War,578722,
Canal Clash War,381773,
Canal Clash War,297733,
Canal Clash War,84731,
Canal Clash War,381095,
Canal Clash War,881245,
Canal Clash War,582412,
Canal Clash War,372369,
Canal Clash War,2708893,
Canal Clash War,203869,
Canal Clash War,236509,
Canal Clash War,701022,
Canal Clash War,314048,
Canal Clash War,122197,
Canal Clash War,538301,
Canal Clash War,86829,
Canal Clash War,1046045,
Canal Clash War,723798,
Canal Clash War,241961,
Canal Clash War,566420,
Canal Clash War,184972,
Canal Clash War,84990,
Canal Clash War,439975,
Canal Clash War,1181376,
Canal Clash War,181285,
Canal Clash War,167087,
Canal Clash War,268220,
Canal Clash War,278304,
Canal Clash War,577688,
Canal Clash War,703677,
Canal Clash War,447766,
Canal Clash War,420327,
Canal Clash War,259001,
Canal Clash War,174961,
Canal Clash War,424180,
Canal Clash War,2055220,
Canal Clash War,296042,
Canal Clash War,241769,
Canal Clash War,595306,
Canal Clash War,492987,
Canal Clash War,1137907,
Canal Clash War,498938,
Canal Clash War,273993,
Canal Clash War,745817,
Canal Clash War,905215,
Canal Clash War,418633,
Canal Clash War,332833,
Canal Clash War,498932,
Canal Clash War,1307258,
Canal Clash War,105740,
Canal Clash War,787045,
Canal Clash War,442419,
Canal Clash War,255986,
Canal Clash War,357468,
Canal Clash War,558037,
Canal Clash War,425664,
Canal Clash War,572600,
Canal Clash War,974455,
Canal Clash War,644720,
Canal Clash War,344882,
Canal Clash War,474669,
Canal Clash War,886127,
Canal Clash War,831965,
Canal Clash War,717862,
Canal Clash War,983299,
Canal Clash War,349443,
Canal Clash War,337888,
Canal Clash War,1110592,
Canal Clash War,1353723,
Canal Clash War,647360,
Canal Clash War,769818,
Canal Clash War,709607,
Canal Clash War,484340,
Canal Clash War,405005,
Canal Clash War,1187670,
Canal Clash War,394892,
Canal Clash War,726980,
Canal Clash War,1061148,
Canal Clash War,1105918,
Canal Clash War,680994,
Canal Clash War,2036541,
Dalete Hungria,1814,
Dalete Hungria,14619,
Dalete Hungria,50106,
Dalete Hungria,41872,
Dalete Hungria,85823,
Dalete Hungria,107118,
Dalete Hungria,80924,
Dalete Hungria,146467,
Dalete Hungria,86248,
Dalete Hungria,47124,
Dalete Hungria,42403,
Dalete Hungria,23368,
Dalete Hungria,33899,
Dalete Hungria,23237,
Dalete Hungria,468122,
Dalete Hungria,40091,
Dalete Hungria,866768,
Dalete Hungria,33404,
Dalete Hungria,148284,
Dalete Hungria,154053,
Dalete Hungria,98802,
Dalete Hungria,144730,
Dalete Hungria,64612,
Dalete Hungria,58695,
Dalete Hungria,52966,
Dalete Hungria,67562,
Dalete Hungria,98087,
Dalete Hungria,18795,
Dalete Hungria,91321,
Dalete Hungria,706725,
Dalete Hungria,65262,
Dalete Hungria,96798,
Dalete Hungria,52225,
Dalete Hungria,228613,
Dalete Hungria,428221,
Dalete Hungria,2046480,
Dalete Hungria,325074,
Dalete Hungria,706267,
Dalete Hungria,428910,
Dalete Hungria,320567,
Dalete Hungria,108615,
Dalete Hungria,361755,
Dalete Hungria,10177,
Dalete Hungria,210288,
Dalete Hungria,5415683,
Dalete Hungria,459014,
Dalete Hungria,389259,
Dalete Hungria,316455,
Dalete Hungria,165786,
Dalete Hungria,368604,
Dalete Hungria,18420,
Dalete Hungria,313578,
Dalete Hungria,156465,
Dalete Hungria,15775,
Dalete Hungria,279926,
Dalete Hungria,230207,
Dalete Hungria,40546,
Dalete Hungria,431714,
Dalete Hungria,398407,
Dalete Hungria,57019,
Dalete Hungria,406076,
Dalete Hungria,262499,
Dalete Hungria,509103,
Dalete Hungria,1430236,
Dalete Hungria,533086,
Dalete Hungria,329321,
Dalete Hungria,68403,
Dalete Hungria,1801486,
Dalete Hungria,884720,
Dalete Hungria,3959782,
Dalete Hungria,75135,
Dalete Hungria,626137,
Dalete Hungria,989412,
Dalete Hungria,418805,
Dalete Hungria,278338,
Dalete Hungria,859895,
Dalete Hungria,11959417,
Dalete Hungria,97606373,
Dalete Hungria,545547,
Dalete Hungria,3666460,
Dalete Hungria,284903,
Dalete Hungria,1174650,
Dalete Hungria,48456703,
Dalete Hungria,2988067,
Dalete Hungria,315815,
Dalete Hungria,2057548,
Dalete Hungria,354721,
Dalete Hungria,333052,
Dalete Hungria,301659,
Dalete Hungria,577592,
Dalete Hungria,58391,
Dalete Hungria,49200,
Dalete Hungria,53051,
Dalete Hungria,294802,
Dalete Hungria,158416,
Dalete Hungria,25283,
Dalete Hungria,19304,
Dalete Hungria,19495,
Dalete Hungria,13060,
Dalete Hungria,6032,
Dalete Hungria,19885,
Dalete Hungria,12618,
Dalete Hungria,223529,
Dalete Hungria,98271,
Dalete Hungria,11141,
Dalete Hungria,9019,
Dalete Hungria,11833,
Dalete Hungria,15507,
Dalete Hungria,6453,
Dalete Hungria,25476,
Dalete Hungria,7338,
Dalete Hungria,24673,
Dalete Hungria,236706,
Dalete Hungria,162431,
Dalete Hungria,3181,
Dalete Hungria,6355426,
Dalete Hungria,24666,
Dalete Hungria,54721,
Dalete Hungria,450240,
Dalete Hungria,10589,
Dalete Hungria,18155,
Dalete Hungria,7732,
Dalete Hungria,3794,
Dalete Hungria,5812,
Dalete Hungria,50687,
Dalete Hungria,12527,
Dalete Hungria,3279,
Dalete Hungria,11726,
Dalete Hungria,9563,
Dalete Hungria,13888,
Dalete Hungria,7104,
Dalete Hungria,17369,
Dalete Hungria,15352,
Dalete Hungria,63484,
Dalete Hungria,4323,
Dalete Hungria,1358,
Dalete Hungria,5112,
Dalete Hungria,5342,
Dalete Hungria,6352,
Dalete Hungria,2563,
Dalete Hungria,6233,
Dalete Hungria,12396,
Dalete Hungria,16193,
Dalete Hungria,4051,
Dalete Hungria,44362,
Dalete Hungria,40148,
Dalete Hungria,11747,
Dalete Hungria,194850,
Dalete Hungria,14634,
Dalete Hungria,26620,
Dalete Hungria,19071,
Dalete Hungria,4123,
Dalete Hungria,56067,
Dalete Hungria,6985,
Dalete Hungria,3571,
Dalete Hungria,50385,
Dalete Hungria,4149,
Dalete Hungria,23469,
Dalete Hungria,136155,
Dalete Hungria,61988,
Dalete Hungria,3033,
Dalete Hungria,3183,
Dalete Hungria,34663,
Dalete Hungria,11602,
Dalete Hungria,6264,
Dalete Hungria,5493,
Dalete Hungria,245051,
Dalete Hungria,16844,
Dalete Hungria,6697,
Dalete Hungria,2611,
Dalete Hungria,6821,
Dalete Hungria,3126,
Dalete Hungria,10214,
Dalete Hungria,7033,
Dalete Hungria,7408,
Dalete Hungria,11896,
Dalete Hungria,28215,
Dalete Hungria,6821,
Dalete Hungria,4581,
Dalete Hungria,3535,
Dalete Hungria,279570,
Dalete Hungria,3473,
Dalete Hungria,9661,
Dalete Hungria,2703,
Dalete Hungria,26565,
Dalete Hungria,4193,
Dalete Hungria,3643,
Dalete Hungria,4365,
Dalete Hungria,10981,
Dalete Hungria,123433,
Dalete Hungria,15308655,
Dalete Hungria,28939,
Dalete Hungria,2907,
Dalete Hungria,33189,
Dalete Hungria,2490,
Dalete Hungria,4608,
Dalete Hungria,146340,
Dalete Hungria,4387,
Dalete Hungria,2820,
Dalete Hungria,2736,
Dalete Hungria,2857,
Dalete Hungria,2953,
Dalete Hungria,2103,
Dalete Hungria,2252,
Dalete Hungria,7334,
Dalete Hungria,6988,
Dalete Hungria,4247,
Dalete Hungria,4204,
Dalete Hungria,4549,
Dalete Hungria,2889,
Dalete Hungria,1962,
Dalete Hungria,3067,
Dalete Hungria,5202,
Dalete Hungria,10220,
Dalete Hungria,2401,
Dalete Hungria,10004,
Dalete Hungria,169238,
Dalete Hungria,5724,
Dalete Hungria,1785,
Dalete Hungria,3083,
Dalete Hungria,2712,
Dalete Hungria,4670,
Dalete Hungria,2232,
Dalete Hungria,4869,
Dalete Hungria,2542,
Dalete Hungria,2711,
Dalete Hungria,5407,
Dalete Hungria,27195,
Dalete Hungria,2488,
Dalete Hungria,2070,
Dalete Hungria,5212,
Dalete Hungria,5379,
Dalete Hungria,7411,
Dalete Hungria,2510,
Dalete Hungria,3601,
Dalete Hungria,8524,
Dalete Hungria,3955,
Dalete Hungria,15144,
Dalete Hungria,9074,
Dalete Hungria,70886,
Dalete Hungria,5855,
Dalete Hungria,12230,
Dalete Hungria,29158,
Dalete Hungria,4834,
Dalete Hungria,2990,
Dalete Hungria,4529,
Dalete Hungria,12848,
Dalete Hungria,1978,
Dalete Hungria,4216,
Dalete Hungria,2046,
Dalete Hungria,2328,
Dalete Hungria,6538,
Dalete Hungria,5053,
Dalete Hungria,1968,
Dalete Hungria,3368,
Dalete Hungria,2621,
Dalete Hungria,2355,
Dalete Hungria,3880,
Dalete Hungria,23439,
Dalete Hungria,2107,
Dalete Hungria,2929,
Dalete Hungria,2315,
Dalete Hungria,1840,
Dalete Hungria,1807,
Dalete Hungria,1379,
Dalete Hungria,2334,
Dalete Hungria,2369,
Dalete Hungria,2132,
Dalete Hungria,2206,
Dalete Hungria,4188,
Dalete Hungria,2330,
Dalete Hungria,4282,
Dalete Hungria,3576,
Dalete Hungria,3001,
Dalete Hungria,1912,
Dalete Hungria,2085,
Dalete Hungria,3950,
Dalete Hungria,2190,
Dalete Hungria,1572,
Dalete Hungria,4550,
Dalete Hungria,2722,
Dalete Hungria,4620,
Dalete Hungria,2464,
Dalete Hungria,7701,
Dalete Hungria,25487,
Dalete Hungria,2370,
Dalete Hungria,14747,
Dalete Hungria,4405,
Dalete Hungria,4245,
Dalete Hungria,3721,
Dalete Hungria,1030,
Dalete Hungria,2529,
Dalete Hungria,1525,
Dalete Hungria,4366,
Dalete Hungria,13548,
Dalete Hungria,2116,
Dalete Hungria,2594,
Dalete Hungria,2177,
Dalete Hungria,11731,
Dalete Hungria,1225,
Dalete Hungria,3642,
Dalete Hungria,2002,
Dalete Hungria,11265,
Dalete Hungria,2581,
Dalete Hungria,3077,
Dalete Hungria,1787,
Dalete Hungria,3103,
Dalete Hungria,2359,
Dalete Hungria,2212,
Dalete Hungria,2051,
Dalete Hungria,394805,
Dalete Hungria,1551,
Dalete Hungria,10475,
Dalete Hungria,4398,
Dalete Hungria,3985,
Dalete Hungria,7026,
Dalete Hungria,6053,
Dalete Hungria,4426,
Dalete Hungria,3832,
Dalete Hungria,3831,
Dalete Hungria,3725,
Dalete Hungria,7804,
Dalete Hungria,2626,
Dalete Hungria,3900,
Dalete Hungria,24300,
Dalete Hungria,3859,
Dalete Hungria,1708,
Dalete Hungria,2400,
Dalete Hungria,3450,
Dalete Hungria,3514,
Dalete Hungria,3412,
Dalete Hungria,2584,
Dalete Hungria,2476,
Dalete Hungria,2547,
Dalete Hungria,15674,
Dalete Hungria,20925,
Dalete Hungria,344244,
Dalete Hungria,76460,
Dalete Hungria,17385,
Dalete Hungria,7884,
Dalete Hungria,2866,
Dalete Hungria,8972,
Dalete Hungria,2162,
Dalete Hungria,7863,
Dalete Hungria,7200,
Dalete Hungria,4935,
Dalete Hungria,16477,
Dalete Hungria,5807,
Dalete Hungria,99362,
Dalete Hungria,24838,
Dalete Hungria,9748,
Dalete Hungria,5243,
Dalete Hungria,1297,
Dalete Hungria,18390,
Dalete Hungria,10126,
Dalete Hungria,35502,
Dalete Hungria,2723,
Dalete Hungria,13254,
Dalete Hungria,2695,
Dalete Hungria,3302,
Dalete Hungria,1638,
Dalete Hungria,11952,
Dalete Hungria,1752,
Dalete Hungria,1377,
Dalete Hungria,2457,
Dalete Hungria,1153,
Dalete Hungria,8279,
Dalete Hungria,8148,
Dalete Hungria,2525,
Dalete Hungria,9433,
Dalete Hungria,8846,
Dalete Hungria,2163,
Dalete Hungria,1518,
Dalete Hungria,11572,
Dalete Hungria,3070,
Dalete Hungria,857,
Dalete Hungria,948,
Dalete Hungria,6158,
Dalete Hungria,2663,
Dalete Hungria,2885,
Dalete Hungria,1593,
Dalete Hungria,1755,
Dalete Hungria,45366,
Dalete Hungria,2304,
Dalete Hungria,1090,
Dalete Hungria,3171,
Dalete Hungria,1509,
Dalete Hungria,2110,
Dalete Hungria,4388,
Dalete Hungria,7274,
Dalete Hungria,5874,
Dalete Hungria,824,
Dalete Hungria,2056,
Dalete Hungria,4833,
Dalete Hungria,1602,
Dalete Hungria,1730419,
Dalete Hungria,6289,
Dalete Hungria,2066,
Dalete Hungria,1776,
Dalete Hungria,1607,
Dalete Hungria,1778,
Dalete Hungria,2098,
Dalete Hungria,2673,
Dalete Hungria,2101,
Dalete Hungria,4165,
Dalete Hungria,1502,
Dalete Hungria,2758,
Dalete Hungria,1786266,
Dalete Hungria,60474,
Dalete Hungria,2985,
Dalete Hungria,1626,
Dalete Hungria,2242,
Dalete Hungria,2495,
Dalete Hungria,1522,
Dalete Hungria,2557,
Dalete Hungria,3566,
Dalete Hungria,2959,
Dalete Hungria,2836,
Dalete Hungria,1051,
Dalete Hungria,2004,
Dalete Hungria,2135,
Dalete Hungria,1163,
Dalete Hungria,1604,
Dalete Hungria,1955,
Dalete Hungria,3267,
Dalete Hungria,4614,
Dalete Hungria,8940,
Dalete Hungria,3467,
Dalete Hungria,4450,
Dalete Hungria,1050,
Dalete Hungria,31522,
Dalete Hungria,2019,
Dalete Hungria,8263,
Dalete Hungria,9907,
Dalete Hungria,4611,
Dalete Hungria,893,
Dalete Hungria,1234,
Dalete Hungria,2249,
Dalete Hungria,6021,
Dalete Hungria,2506,
Dalete Hungria,3563,
Dalete Hungria,2031,
Dalete Hungria,3313,
Dalete Hungria,1980,
Dalete Hungria,1661,
Dalete Hungria,1197,
Dalete Hungria,1989,
Dalete Hungria,1708,
Dalete Hungria,3214,
Dalete Hungria,10262,
Dalete Hungria,2341,
Dalete Hungria,1173,
Dalete Hungria,7804,
Dalete Hungria,3233,
Dalete Hungria,3999,
Dalete Hungria,1762,
Dalete Hungria,5712,
Dalete Hungria,13593,
Dalete Hungria,3213,
Dalete Hungria,4840,
Dalete Hungria,5573,
Dalete Hungria,7299,
Dalete Hungria,23771,
Dalete Hungria,4528,
Dalete Hungria,2503,
Dalete Hungria,3734,
Dalete Hungria,5150,
Dalete Hungria,62206,
Dalete Hungria,10546,
Dalete Hungria,4849,
Dalete Hungria,2795,
Dalete Hungria,7777,
Dalete Hungria,12217,
Dalete Hungria,2789,
Dalete Hungria,500,
Dalete Hungria,2097,
Dalete Hungria,2080,
Dalete Hungria,1901,
Dalete Hungria,4359,
Dalete Hungria,664,
Dalete Hungria,2563,
Dalete Hungria,3835,
Dalete Hungria,3731,
Dalete Hungria,1168,
Dalete Hungria,1111,
Dalete Hungria,1380,
Dalete Hungria,6298,
Dalete Hungria,2149,
Dalete Hungria,1521,
Dalete Hungria,47785,
Dalete Hungria,22098,
Dalete Hungria,6365,
Dalete Hungria,6543,
Dalete Hungria,17512,
Dalete Hungria,1527,
Dalete Hungria,2522,
Dalete Hungria,18688,
Dalete Hungria,91314,
Dalete Hungria,2453,
Play Guima,125035,
Play Guima,171506,
Play Guima,141979,
Play Guima,218248,
Play Guima,258245,
Play Guima,296123,
Play Guima,219788,
Play Guima,638116,
Play Guima,261773,
Play Guima,389280,
Play Guima,133784,
Play Guima,416405,
Play Guima,147272,
Play Guima,221414,
Play Guima,336148,
Play Guima,535040,
Play Guima,301690,
Play Guima,232767,
Play Guima,328476,
Play Guima,240094,
Play Guima,572223,
Play Guima,273131,
Play Guima,207408,
Play Guima,532283,
Play Guima,415463,
Play Guima,747990,
Play Guima,176986,
Play Guima,243366,
Play Guima,341986,
Play Guima,940996,
Play Guima,110655,
Play Guima,182648,
Play Guima,869338,
Play Guima,250799,
Play Guima,234960,
Play Guima,222105,
Play Guima,270424,
Play Guima,453641,
Play Guima,388320,
Play Guima,302126,
Play Guima,251737,
Play Guima,178327,
Play Guima,272682,
Play Guima,1259278,
Play Guima,183362,
Play Guima,662763,
Play Guima,348311,
Play Guima,399494,
Play Guima,211757,
Play Guima,239648,
Play Guima,457946,
Play Guima,504378,
Play Guima,224485,
Play Guima,157672,
Play Guima,179055,
Play Guima,767204,
Play Guima,444988,
Play Guima,322524,
Play Guima,156778,
Play Guima,823442,
Play Guima,174985,
Play Guima,288059,
Play Guima,591489,
Play Guima,148765,
Play Guima,137052,
Play Guima,331836,
Play Guima,163994,
Play Guima,281099,
Play Guima,267266,
Play Guima,347987,
Play Guima,127292,
Play Guima,544951,
Play Guima,236775,
Play Guima,361979,
Play Guima,325381,
Play Guima,167188,
Play Guima,163313,
Play Guima,856067,
Play Guima,220547,
Play Guima,285187,
Play Guima,155354,
Play Guima,188597,
Play Guima,174890,
Play Guima,133366,
Play Guima,180363,
Play Guima,156550,
Play Guima,1174866,
Play Guima,272242,
Play Guima,144949,
Play Guima,116762,
Play Guima,97751,
Play Guima,82359,
Play Guima,228069,
Play Guima,200027,
Play Guima,108476,
Play Guima,318754,
Play Guima,378350,
Play Guima,570343,
Play Guima,391492,
Play Guima,251908,
Play Guima,591850,
Play Guima,200232,
Play Guima,179726,
Play Guima,298552,
Play Guima,183735,
Play Guima,321073,
Play Guima,162241,
Play Guima,262223,
Play Guima,146068,
Play Guima,546643,
Play Guima,225690,
Play Guima,177006,
Play Guima,855866,
Play Guima,210460,
Play Guima,188053,
Play Guima,675893,
Play Guima,405270,
Play Guima,444045,
Play Guima,150339,
Play Guima,832519,
Play Guima,1197546,
Play Guima,256407,
Play Guima,216452,
Play Guima,159367,
Play Guima,592465,
Play Guima,451756,
Play Guima,423108,
Play Guima,182514,
Play Guima,215004,
Play Guima,598100,
Play Guima,351282,
Play Guima,490454,
Play Guima,516678,
Play Guima,707103,
Play Guima,265589,
Play Guima,387644,
Play Guima,953726,
Play Guima,682309,
Play Guima,501905,
Play Guima,801746,
Play Guima,486545,
Play Guima,383154,
Play Guima,1456589,
Play Guima,998522,
Play Guima,552111,
Play Guima,372575,
Play Guima,362425,
Play Guima,618851,
Play Guima,197654,
Play Guima,1630283,
Play Guima,638785,
Play Guima,674298,
Play Guima,370532,
Play Guima,710088,
Play Guima,201950,
Play Guima,328476,
Play Guima,958514,
Play Guima,796288,
Play Guima,314923,
Play Guima,783993,
Play Guima,406910,
Play Guima,1517568,
Play Guima,1035313,
Play Guima,560699,
Play Guima,276260,
Play Guima,903905,
Play Guima,262772,
Play Guima,798842,
Play Guima,417610,
Play Guima,690726,
Play Guima,435553,
Play Guima,320514,
Play Guima,184583,
Play Guima,223484,
Play Guima,121200,
Play Guima,738662,
Play Guima,284409,
Play Guima,297255,
Play Guima,146310,
Play Guima,252068,
Play Guima,496122,
Play Guima,1161418,
Play Guima,353868,
Play Guima,308596,
Play Guima,534529,
Play Guima,153624,
Play Guima,238099,
Play Guima,282520,
Play Guima,321858,
Play Guima,651241,
Play Guima,217190,
Play Guima,975487,
Play Guima,307856,
Play Guima,485744,
Play Guima,722101,
Play Guima,1760521,
Play Guima,222326,
Play Guima,450971,
Play Guima,107291,
Play Guima,1945263,
Play Guima,680223,
Play Guima,394263,
Play Guima,509854,
Play Guima,1037182,
Play Guima,915596,
Play Guima,1739520,
Play Guima,553096,
Play Guima,633259,
Play Guima,281436,
Play Guima,239286,
Play Guima,150460,
Play Guima,241619,
Play Guima,397966,
Play Guima,583358,
Play Guima,404010,
Play Guima,1721968,
Play Guima,2107262,
Play Guima,392567,
Play Guima,534607,
Play Guima,807257,
Play Guima,288487,
Play Guima,253393,
Play Guima,305946,
Play Guima,1513311,
Play Guima,302369,
Play Guima,1124585,
Play Guima,821286,
Play Guima,1226660,
Play Guima,472070,
Play Guima,304410,
Play Guima,921639,
Play Guima,422161,
Play Guima,1126834,
Play Guima,639896,
Play Guima,480906,
Play Guima,1041707,
Play Guima,782892,
Play Guima,818845,
Play Guima,333813,
Play Guima,989470,
Play Guima,461929,
Play Guima,1654252,
Play Guima,421316,
Play Guima,645789,
Play Guima,302528,
Play Guima,1557462,
Play Guima,1078791,
Play Guima,610015,
Play Guima,221979,
Play Guima,645203,
Play Guima,950026,
Play Guima,731183,
Play Guima,693498,
Play Guima,994787,
Play Guima,213394,
Play Guima,842730,
Play Guima,666335,
Play Guima,3135935,
Play Guima,414906,
Play Guima,310185,
Play Guima,381138,
Play Guima,621838,
Play Guima,793176,
Play Guima,180206,
Play Guima,1125809,
Play Guima,169160,
Play Guima,405821,
Play Guima,375779,
Play Guima,191933,
Play Guima,1211733,
Play Guima,229471,
Play Guima,214921,
Play Guima,622706,
Play Guima,162103,
Play Guima,177771,
Play Guima,104599,
Play Guima,221431,
Play Guima,209808,
Play Guima,601953,
Play Guima,986156,
Play Guima,1111027,
Play Guima,430636,
Play Guima,1012256,
Play Guima,497430,
Play Guima,269197,
Play Guima,583970,
Play Guima,320166,
Play Guima,484849,
Play Guima,554963,
Play Guima,1244903,
Play Guima,279649,
Play Guima,180342,
Play Guima,377288,
Play Guima,998198,
Play Guima,344987,
Play Guima,458459,
Play Guima,259762,
Play Guima,1328983,
Play Guima,1376683,
Play Guima,276887,
Play Guima,1649382,
Play Guima,358324,
Play Guima,740128,
Play Guima,192569,
Play Guima,513422,
Play Guima,357080,
Play Guima,227630,
Play Guima,1417813,
Play Guima,176689,
Play Guima,166922,
Play Guima,223164,
Play Guima,646628,
Play Guima,601542,
Play Guima,369864,
Play Guima,1242463,
Play Guima,218441,
Play Guima,114363,
Play Guima,547427,
Play Guima,320146,
Play Guima,250836,
Play Guima,946775,
Play Guima,114613,
Play Guima,242835,
Play Guima,36816,
Play Guima,250915,
Play Guima,75066,
Play Guima,177807,
Play Guima,468137,
Play Guima,495002,
Play Guima,318524,
Play Guima,1418140,
Play Guima,266652,
Play Guima,203258,
Play Guima,104754,
Play Guima,447646,
Play Guima,120689,
Play Guima,1561404,
Play Guima,569392,
Play Guima,439362,
Play Guima,550381,
Play Guima,129968,
Play Guima,313601,
Play Guima,155701,
Play Guima,432501,
Play Guima,636725,
Play Guima,312893,
Play Guima,2352750,
Play Guima,875624,
Play Guima,400243,
Play Guima,290861,
Play Guima,652921,
Play Guima,1077480,
Play Guima,742085,
Play Guima,712911,
Play Guima,1132268,
Play Guima,454743,
Play Guima,398183,
Play Guima,590427,
Play Guima,154593,
Play Guima,303236,
Play Guima,687843,
Play Guima,390563,
Play Guima,494748,
Play Guima,285570,
Play Guima,666767,
Play Guima,257554,
Play Guima,681938,
Play Guima,1456878,
Play Guima,4968589,
Play Guima,288125,
Play Guima,79066,
Play Guima,310549,
Play Guima,396820,
Play Guima,277232,
Play Guima,389444,
Play Guima,300472,
Play Guima,1095766,
Play Guima,1033181,
Play Guima,101528,
Play Guima,602037,
Play Guima,1172025,
Play Guima,557837,
Play Guima,142012,
Play Guima,149895,
Play Guima,174215,
Play Guima,948772,
Play Guima,194515,
Play Guima,632909,
Play Guima,468583,
Play Guima,1331997,
Play Guima,574117,
Play Guima,607060,
Play Guima,124554,
Play Guima,998962,
Play Guima,668893,
Play Guima,458456,
Play Guima,517298,
Play Guima,151717,
Play Guima,476033,
Play Guima,939989,
Play Guima,236425,
Play Guima,1235234,
Play Guima,664990,
Play Guima,133564,
Play Guima,651844,
Play Guima,273878,
Play Guima,1172732,
Play Guima,609480,
Play Guima,269383,
Play Guima,202243,
Play Guima,1428077,
Play Guima,304898,
Play Guima,246093,
Play Guima,427805,
Play Guima,1732737,
Play Guima,379044,
Play Guima,510294,
Play Guima,2330061,
Play Guima,1044210,
Play Guima,206155,
Play Guima,115929,
Play Guima,173877,
Play Guima,47453,
Play Guima,2761885,
Play Guima,314395,
Play Guima,1178625,
Play Guima,65799,
Play Guima,430470,
Play Guima,1142019,
Play Guima,302944,
Play Guima,166844,
Play Guima,1055274,
Play Guima,94833,
Play Guima,918184,
Play Guima,624399,
Play Guima,1452339,
Play Guima,554096,
Play Guima,679919,
Play Guima,216193,
Play Guima,235565,
Play Guima,721697,
Play Guima,835271,
Play Guima,563577,
Play Guima,952490,
Play Guima,1020314,
Play Guima,333119,
Play Guima,632697,
Play Guima,93669,
Play Guima,542526,
Play Guima,575445,
Play Guima,400705,
Play Guima,123428,
Play Guima,338654,
Play Guima,270325,
Play Guima,124040,
Play Guima,232466,
Play Guima,646004,
Play Guima,1602229,
Play Guima,127519,
Play Guima,1499218,
Play Guima,327466,
Play Guima,108013,
Play Guima,1753625,
Play Guima,329444,
Play Guima,266710,
Play Guima,274333,
Play Guima,569233,
Play Guima,486952,
Play Guima,163209,
Play Guima,184861,
Play Guima,583240,
Play Guima,642730,
Play Guima,147697,
Play Guima,2767026,
Play Guima,407690,
Play Guima,222363,
Play Guima,397179,
Play Guima,267790,
Play Guima,162432,
Play Guima,2055417,
Play Guima,243612,
Play Guima,770277,
Play Guima,480672,
Play Guima,230382,
Play Guima,351125,
Play Guima,652620,
Play Guima,1067988,
Play Guima,671101,
Play Guima,240518,
Play Guima,832512,
Play Guima,732267,
Play Guima,279183,
Play Guima,1467573,
Play Guima,541558,
Play Guima,296611,
Play Guima,2969680,
Play Guima,192934,
Play Guima,1327090,
Play Guima,582829,
Dilson Castro - Topic,173,
Dilson Castro - Topic,142,
Dilson Castro - Topic,152,
Dilson Castro - Topic,164,
Dilson Castro - Topic,169,
Dilson Castro - Topic,198,
Dilson Castro - Topic,261,
Dilson Castro - Topic,130,
Dilson Castro - Topic,411,
Dilson Castro - Topic,384,
Dilson Castro - Topic,457,
Dilson Castro - Topic,409,
Dilson Castro - Topic,262,
Dilson Castro - Topic,386,
Dilson Castro - Topic,234,
Dilson Castro - Topic,208,
Dilson Castro - Topic,125452,
Dilson Castro - Topic,1022,
Dilson Castro - Topic,390,
Dilson Castro - Topic,1870,
Dilson Castro - Topic,79,
Dilson Castro - Topic,119,
Dilson Castro - Topic,75,
Dilson Castro - Topic,90,
Dilson Castro - Topic,64,
Dilson Castro - Topic,102,
Dilson Castro - Topic,110,
Dilson Castro - Topic,127,
Dilson Castro - Topic,373,
Dilson Castro - Topic,258,
Dilson Castro - Topic,48,
